Paper_Table_Row_Number	Quantum_Code_Parameters	Vector_u	Scalar_a	Generator_Matrix_G
1	[[17,4,7;5]]_2	1 w w 0 w w^2 w 1 w w^2 w 1 1 w 0 0	1	1 0 0 0 0 0 0 0 w 0 w^2 1 1 w^2 w w | 0 1 0 0 0 0 0 0 w w 0 w^2 1 1 w^2 w | 0 0 1 0 0 0 0 0 w w w 0 w^2 1 1 w^2 | 0 0 0 1 0 0 0 0 w^2 w w w 0 w^2 1 1 | 0 0 0 0 1 0 0 0 1 w^2 w w w 0 w^2 1 | 0 0 0 0 0 1 0 0 1 1 w^2 w w w 0 w^2 | 0 0 0 0 0 0 1 0 w^2 1 1 w^2 w w w 0 | 0 0 0 0 0 0 0 1 0 w^2 1 1 w^2 w w w
2	[[17,5,7;6]]_2	1 w w 1 w w^2 w w^2 1 1 w^2 w^2 1 w w 1	1	1 0 0 0 0 0 0 0 w 0 w^2 1 1 w^2 w w | 0 1 0 0 0 0 0 0 w w 0 w^2 1 1 w^2 w | 0 0 1 0 0 0 0 0 w w w 0 w^2 1 1 w^2 | 0 0 0 1 0 0 0 0 w^2 w w w 0 w^2 1 1 | 0 0 0 0 1 0 0 0 1 w^2 w w w 0 w^2 1 | 0 0 0 0 0 1 0 0 1 1 w^2 w w w 0 w^2 | 0 0 0 0 0 0 1 0 w^2 1 1 w^2 w w w 0 | 0 0 0 0 0 0 0 1 0 w^2 1 1 w^2 w w w
3	[[17,6,7;7]]_2	w w 0 0 w 0 w 0 0 1 w 0 0 0 w w^2	1	1 0 0 0 0 0 0 0 w 0 w^2 1 1 w^2 w w | 0 1 0 0 0 0 0 0 w w 0 w^2 1 1 w^2 w | 0 0 1 0 0 0 0 0 w w w 0 w^2 1 1 w^2 | 0 0 0 1 0 0 0 0 w^2 w w w 0 w^2 1 1 | 0 0 0 0 1 0 0 0 1 w^2 w w w 0 w^2 1 | 0 0 0 0 0 1 0 0 1 1 w^2 w w w 0 w^2 | 0 0 0 0 0 0 1 0 w^2 1 1 w^2 w w w 0 | 0 0 0 0 0 0 0 1 0 w^2 1 1 w^2 w w w
4	[[18,5,8;9]]_2	w 1 w^2 1 w^2 w 0 w^2 w 1 w 1 w^2 w^2 0 w^2 1	1	1 0 0 0 0 0 0 0 0 0 1 0 w^2 w 1 1 0 | 0 1 0 0 0 0 0 0 0 0 w 1 0 0 1 w^2 0 | 0 0 1 0 0 0 0 0 0 0 0 1 1 0 w^2 1 w^2 | 0 0 0 1 0 0 0 0 0 0 1 w^2 1 w^2 w w 1 | 0 0 0 0 1 0 0 0 0 0 w^2 1 w^2 w^2 w w^2 0 | 0 0 0 0 0 1 0 0 0 0 w w^2 w^2 1 w w^2 w^2 | 0 0 0 0 0 0 1 0 0 0 w w^2 w 0 w^2 0 1 | 0 0 0 0 0 0 0 1 0 0 w^2 w w^2 w^2 1 w^2 w^2 | 0 0 0 0 0 0 0 0 1 0 0 w^2 1 0 w^2 0 w | 0 0 0 0 0 0 0 0 0 1 1 w w^2 w 1 w 1
5	[[21,2,16;19]]_2	w 1 w w^2 w w^2 w 0 1 1 0 w 0 w^2 w 0 w^2 1 w w^2	1	1 0 0 0 0 0 0 0 0 0 0 0 0 0 0 0 w^2 0 0 1 | 0 1 0 0 0 0 0 0 0 0 0 0 0 0 0 0 1 0 0 w | 0 0 1 0 0 0 0 0 0 0 0 0 0 0 0 0 w^2 0 0 1 | 0 0 0 1 0 0 0 0 0 0 0 0 0 0 0 0 0 0 0 1 | 0 0 0 0 1 0 0 0 0 0 0 0 0 0 0 0 1 0 0 w^2 | 0 0 0 0 0 1 0 0 0 0 0 0 0 0 0 0 1 0 0 0 | 0 0 0 0 0 0 1 0 0 0 0 0 0 0 0 0 w 0 0 0 | 0 0 0 0 0 0 0 1 0 0 0 0 0 0 0 0 w^2 0 0 w^2 | 0 0 0 0 0 0 0 0 1 0 0 0 0 0 0 0 1 0 0 w | 0 0 0 0 0 0 0 0 0 1 0 0 0 0 0 0 0 0 0 w^2 | 0 0 0 0 0 0 0 0 0 0 1 0 0 0 0 0 1 0 0 1 | 0 0 0 0 0 0 0 0 0 0 0 1 0 0 0 0 1 0 0 w^2 | 0 0 0 0 0 0 0 0 0 0 0 0 1 0 0 0 1 0 0 1 | 0 0 0 0 0 0 0 0 0 0 0 0 0 1 0 0 w^2 0 0 w | 0 0 0 0 0 0 0 0 0 0 0 0 0 0 1 0 1 0 0 w^2 | 0 0 0 0 0 0 0 0 0 0 0 0 0 0 0 1 w^2 0 0 w^2 | 0 0 0 0 0 0 0 0 0 0 0 0 0 0 0 0 0 1 0 w^2 | 0 0 0 0 0 0 0 0 0 0 0 0 0 0 0 0 0 0 1 w
6	[[21,10,8;11]]_2	w^2 0 w w 1 w w 0 w w 1 w w^2 1 w^2 w^2 w w^2 1 w^2	1	1 0 0 0 0 0 0 0 0 0 0 w^2 w^2 w^2 1 0 0 w w^2 0 | 0 1 0 0 0 0 0 0 0 0 0 0 w^2 w^2 w^2 1 0 0 w w^2 | 0 0 1 0 0 0 0 0 0 0 w^2 0 0 w^2 w^2 w^2 1 0 0 w | 0 0 0 1 0 0 0 0 0 0 w w^2 0 0 w^2 w^2 w^2 1 0 0 | 0 0 0 0 1 0 0 0 0 0 0 w w^2 0 0 w^2 w^2 w^2 1 0 | 0 0 0 0 0 1 0 0 0 0 0 0 w w^2 0 0 w^2 w^2 w^2 1 | 0 0 0 0 0 0 1 0 0 0 1 0 0 w w^2 0 0 w^2 w^2 w^2 | 0 0 0 0 0 0 0 1 0 0 w^2 1 0 0 w w^2 0 0 w^2 w^2 | 0 0 0 0 0 0 0 0 1 0 w^2 w^2 1 0 0 w w^2 0 0 w^2 | 0 0 0 0 0 0 0 0 0 1 w^2 w^2 w^2 1 0 0 w w^2 0 0
7	[[22,2,17;20]]_2	w 1 w^2 w^2 w w^2 w w^2 1 1 w 0 0 1 1 1 w^2 w w 1 0	1	1 0 0 0 0 0 0 0 0 0 0 0 0 0 0 0 0 0 0 w^2 0 | 0 1 0 0 0 0 0 0 0 0 0 0 0 0 0 0 0 0 0 1 0 | 0 0 1 0 0 0 0 0 0 0 0 0 0 0 0 0 0 0 0 w 1 | 0 0 0 1 0 0 0 0 0 0 0 0 0 0 0 0 0 0 0 w w^2 | 0 0 0 0 1 0 0 0 0 0 0 0 0 0 0 0 0 0 0 w^2 w^2 | 0 0 0 0 0 1 0 0 0 0 0 0 0 0 0 0 0 0 0 w w | 0 0 0 0 0 0 1 0 0 0 0 0 0 0 0 0 0 0 0 w^2 w^2 | 0 0 0 0 0 0 0 1 0 0 0 0 0 0 0 0 0 0 0 w 1 | 0 0 0 0 0 0 0 0 1 0 0 0 0 0 0 0 0 0 0 1 w | 0 0 0 0 0 0 0 0 0 1 0 0 0 0 0 0 0 0 0 1 w^2 | 0 0 0 0 0 0 0 0 0 0 1 0 0 0 0 0 0 0 0 w^2 1 | 0 0 0 0 0 0 0 0 0 0 0 1 0 0 0 0 0 0 0 0 w^2 | 0 0 0 0 0 0 0 0 0 0 0 0 1 0 0 0 0 0 0 0 w | 0 0 0 0 0 0 0 0 0 0 0 0 0 1 0 0 0 0 0 1 0 | 0 0 0 0 0 0 0 0 0 0 0 0 0 0 1 0 0 0 0 1 0 | 0 0 0 0 0 0 0 0 0 0 0 0 0 0 0 1 0 0 0 1 1 | 0 0 0 0 0 0 0 0 0 0 0 0 0 0 0 0 1 0 0 w w | 0 0 0 0 0 0 0 0 0 0 0 0 0 0 0 0 0 1 0 w^2 w | 0 0 0 0 0 0 0 0 0 0 0 0 0 0 0 0 0 0 1 w^2 1
8	[[22,3,15;19]]_2	0 w 1 w^2 1 1 w w w w w w^2 w 1 w w^2 1 w w 1 w^2	1	1 0 0 0 0 0 0 0 0 0 0 0 0 0 0 0 0 0 0 1 w^2 | 0 1 0 0 0 0 0 0 0 0 0 0 0 0 0 0 0 0 w w^2 w^2 | 0 0 1 0 0 0 0 0 0 0 0 0 0 0 0 0 0 0 1 0 1 | 0 0 0 1 0 0 0 0 0 0 0 0 0 0 0 0 0 0 0 0 1 | 0 0 0 0 1 0 0 0 0 0 0 0 0 0 0 0 0 0 w^2 w w^2 | 0 0 0 0 0 1 0 0 0 0 0 0 0 0 0 0 0 0 0 1 0 | 0 0 0 0 0 0 1 0 0 0 0 0 0 0 0 0 0 0 0 w^2 0 | 0 0 0 0 0 0 0 1 0 0 0 0 0 0 0 0 0 0 w w 0 | 0 0 0 0 0 0 0 0 1 0 0 0 0 0 0 0 0 0 1 w 1 | 0 0 0 0 0 0 0 0 0 1 0 0 0 0 0 0 0 0 w w^2 w^2 | 0 0 0 0 0 0 0 0 0 0 1 0 0 0 0 0 0 0 1 1 w^2 | 0 0 0 0 0 0 0 0 0 0 0 1 0 0 0 0 0 0 w 1 1 | 0 0 0 0 0 0 0 0 0 0 0 0 1 0 0 0 0 0 1 0 0 | 0 0 0 0 0 0 0 0 0 0 0 0 0 1 0 0 0 0 1 1 w | 0 0 0 0 0 0 0 0 0 0 0 0 0 0 1 0 0 0 w^2 w w | 0 0 0 0 0 0 0 0 0 0 0 0 0 0 0 1 0 0 0 0 1 | 0 0 0 0 0 0 0 0 0 0 0 0 0 0 0 0 1 0 1 0 1 | 0 0 0 0 0 0 0 0 0 0 0 0 0 0 0 0 0 1 1 w^2 w
9	[[22,13,6;9]]_2	w 0 1 w 1 w w^2 1 0 w^2 1 w w w w^2 w 1 0 1 w w	1	1 0 0 0 0 0 0 w^2 0 w w^2 1 0 1 w^2 0 w 1 0 1 0 | 0 1 0 0 0 0 0 w^2 0 0 w^2 w^2 0 w w 1 0 w 1 1 w | 0 0 1 0 0 0 0 w^2 0 w 1 0 w 1 1 w 0 0 0 1 w^2 | 0 0 0 1 0 0 0 w^2 0 w^2 w^2 w^2 1 1 0 w w 0 0 w w^2 | 0 0 0 0 1 0 0 0 0 0 0 1 0 0 w w^2 w^2 0 w 1 w | 0 0 0 0 0 1 0 0 0 0 w 0 w^2 w^2 1 0 1 w w^2 0 w | 0 0 0 0 0 0 1 w 0 w 1 w^2 1 0 w^2 w 0 1 0 w w^2 | 0 0 0 0 0 0 0 0 1 w^2 0 w^2 w 1 1 1 1 1 w 0 1
10	[[23,3,16;20]]_2	w w^2 w^2 1 w^2 w w w w^2 0 w^2 1 w w^2 w w^2 0 w^2 0 w^2 0 1	1	1 0 0 0 0 0 0 0 0 0 0 0 0 0 0 0 0 0 0 w w^2 0 | 0 1 0 0 0 0 0 0 0 0 0 0 0 0 0 0 0 0 0 w^2 w w^2 | 0 0 1 0 0 0 0 0 0 0 0 0 0 0 0 0 0 0 0 w^2 0 w^2 | 0 0 0 1 0 0 0 0 0 0 0 0 0 0 0 0 0 0 0 w w^2 w | 0 0 0 0 1 0 0 0 0 0 0 0 0 0 0 0 0 0 0 w w 1 | 0 0 0 0 0 1 0 0 0 0 0 0 0 0 0 0 0 0 0 w w^2 0 | 0 0 0 0 0 0 1 0 0 0 0 0 0 0 0 0 0 0 0 0 w w^2 | 0 0 0 0 0 0 0 1 0 0 0 0 0 0 0 0 0 0 0 0 w w^2 | 0 0 0 0 0 0 0 0 1 0 0 0 0 0 0 0 0 0 0 w^2 0 w^2 | 0 0 0 0 0 0 0 0 0 1 0 0 0 0 0 0 0 0 0 1 w w | 0 0 0 0 0 0 0 0 0 0 1 0 0 0 0 0 0 0 0 1 1 0 | 0 0 0 0 0 0 0 0 0 0 0 1 0 0 0 0 0 0 0 w^2 w^2 0 | 0 0 0 0 0 0 0 0 0 0 0 0 1 0 0 0 0 0 0 0 w^2 w^2 | 0 0 0 0 0 0 0 0 0 0 0 0 0 1 0 0 0 0 0 1 w^2 0 | 0 0 0 0 0 0 0 0 0 0 0 0 0 0 1 0 0 0 0 0 1 w^2 | 0 0 0 0 0 0 0 0 0 0 0 0 0 0 0 1 0 0 0 w^2 1 w^2 | 0 0 0 0 0 0 0 0 0 0 0 0 0 0 0 0 1 0 0 w w w^2 | 0 0 0 0 0 0 0 0 0 0 0 0 0 0 0 0 0 1 0 w 0 1 | 0 0 0 0 0 0 0 0 0 0 0 0 0 0 0 0 0 0 1 1 1 w
11	[[23,5,13;18]]_2	0 0 0 1 0 1 w^2 1 w^2 0 w^2 w w 1 w 0 1 1 w w 1 w^2	1	1 0 0 0 0 0 0 0 0 0 0 0 0 0 0 0 0 1 w w^2 0 1 | 0 1 0 0 0 0 0 0 0 0 0 0 0 0 0 0 0 w w 1 1 w^2 | 0 0 1 0 0 0 0 0 0 0 0 0 0 0 0 0 0 0 w 1 w^2 w^2 | 0 0 0 1 0 0 0 0 0 0 0 0 0 0 0 0 0 0 w w w w | 0 0 0 0 1 0 0 0 0 0 0 0 0 0 0 0 0 1 w^2 0 w w^2 | 0 0 0 0 0 1 0 0 0 0 0 0 0 0 0 0 0 1 0 1 1 1 | 0 0 0 0 0 0 1 0 0 0 0 0 0 0 0 0 0 w 1 w^2 0 w^2 | 0 0 0 0 0 0 0 1 0 0 0 0 0 0 0 0 0 0 w 1 1 1 | 0 0 0 0 0 0 0 0 1 0 0 0 0 0 0 0 0 0 w w w^2 w^2 | 0 0 0 0 0 0 0 0 0 1 0 0 0 0 0 0 0 1 0 0 w^2 1 | 0 0 0 0 0 0 0 0 0 0 1 0 0 0 0 0 0 1 1 1 w^2 0 | 0 0 0 0 0 0 0 0 0 0 0 1 0 0 0 0 0 w^2 w^2 1 1 0 | 0 0 0 0 0 0 0 0 0 0 0 0 1 0 0 0 0 0 w w^2 w 1 | 0 0 0 0 0 0 0 0 0 0 0 0 0 1 0 0 0 0 1 0 w 0 | 0 0 0 0 0 0 0 0 0 0 0 0 0 0 1 0 0 w w^2 1 1 w^2 | 0 0 0 0 0 0 0 0 0 0 0 0 0 0 0 1 0 w w^2 w 1 0 | 0 0 0 0 0 0 0 0 0 0 0 0 0 0 0 0 1 1 1 w 1 w
12	[[23,6,8;7]]_2	1 w w 1 w^2 w 1 0 0 w^2 w^2 0 w w^2 w w 1 w 0 0 w 0	1	1 0 0 0 0 0 0 0 0 0 0 w^2 w w 0 w^2 1 w 0 1 w 0 | 0 1 0 0 0 0 0 0 0 0 0 0 w^2 w w 0 w^2 1 w 0 1 w | 0 0 1 0 0 0 0 0 0 0 0 w 0 w^2 w w 0 w^2 1 w 0 1 | 0 0 0 1 0 0 0 0 0 0 0 1 w 0 w^2 w w 0 w^2 1 w 0 | 0 0 0 0 1 0 0 0 0 0 0 0 1 w 0 w^2 w w 0 w^2 1 w | 0 0 0 0 0 1 0 0 0 0 0 w 0 1 w 0 w^2 w w 0 w^2 1 | 0 0 0 0 0 0 1 0 0 0 0 1 w 0 1 w 0 w^2 w w 0 w^2 | 0 0 0 0 0 0 0 1 0 0 0 w^2 1 w 0 1 w 0 w^2 w w 0 | 0 0 0 0 0 0 0 0 1 0 0 0 w^2 1 w 0 1 w 0 w^2 w w | 0 0 0 0 0 0 0 0 0 1 0 w 0 w^2 1 w 0 1 w 0 w^2 w | 0 0 0 0 0 0 0 0 0 0 1 w w 0 w^2 1 w 0 1 w 0 w^2
13	[[23,6,12;17]]_2	0 w 1 w w w^2 1 0 w 0 1 w 0 w w^2 1 1 w^2 0 1 0 0	1	1 0 0 0 0 0 0 0 0 0 0 0 0 0 0 0 w w^2 w w 1 w^2 | 0 1 0 0 0 0 0 0 0 0 0 0 0 0 0 0 w 1 w 0 0 w^2 | 0 0 1 0 0 0 0 0 0 0 0 0 0 0 0 0 w 0 w^2 w w w^2 | 0 0 0 1 0 0 0 0 0 0 0 0 0 0 0 0 1 w 0 1 w 1 | 0 0 0 0 1 0 0 0 0 0 0 0 0 0 0 0 1 w^2 w 0 1 w | 0 0 0 0 0 1 0 0 0 0 0 0 0 0 0 0 w 1 w^2 w 1 0 | 0 0 0 0 0 0 1 0 0 0 0 0 0 0 0 0 0 w^2 w 1 1 w | 0 0 0 0 0 0 0 1 0 0 0 0 0 0 0 0 1 w w 0 0 w^2 | 0 0 0 0 0 0 0 0 1 0 0 0 0 0 0 0 w^2 0 0 1 w w | 0 0 0 0 0 0 0 0 0 1 0 0 0 0 0 0 0 w 1 w^2 1 w^2 | 0 0 0 0 0 0 0 0 0 0 1 0 0 0 0 0 w w 0 0 1 w^2 | 0 0 0 0 0 0 0 0 0 0 0 1 0 0 0 0 w^2 w 0 w^2 0 w^2 | 0 0 0 0 0 0 0 0 0 0 0 0 1 0 0 0 1 0 1 w 0 1 | 0 0 0 0 0 0 0 0 0 0 0 0 0 1 0 0 1 0 1 0 w^2 w^2 | 0 0 0 0 0 0 0 0 0 0 0 0 0 0 1 0 1 1 0 w w^2 1 | 0 0 0 0 0 0 0 0 0 0 0 0 0 0 0 1 w 1 0 w^2 1 0
14	[[23,7,8;8]]_2	1 0 0 w 1 w w w 0 w 1 w w w w w 0 w^2 w^2 w 0 w^2	1	1 0 0 0 0 0 0 0 0 0 0 w^2 w w 0 w^2 1 w 0 1 w 0 | 0 1 0 0 0 0 0 0 0 0 0 0 w^2 w w 0 w^2 1 w 0 1 w | 0 0 1 0 0 0 0 0 0 0 0 w 0 w^2 w w 0 w^2 1 w 0 1 | 0 0 0 1 0 0 0 0 0 0 0 1 w 0 w^2 w w 0 w^2 1 w 0 | 0 0 0 0 1 0 0 0 0 0 0 0 1 w 0 w^2 w w 0 w^2 1 w | 0 0 0 0 0 1 0 0 0 0 0 w 0 1 w 0 w^2 w w 0 w^2 1 | 0 0 0 0 0 0 1 0 0 0 0 1 w 0 1 w 0 w^2 w w 0 w^2 | 0 0 0 0 0 0 0 1 0 0 0 w^2 1 w 0 1 w 0 w^2 w w 0 | 0 0 0 0 0 0 0 0 1 0 0 0 w^2 1 w 0 1 w 0 w^2 w w | 0 0 0 0 0 0 0 0 0 1 0 w 0 w^2 1 w 0 1 w 0 w^2 w | 0 0 0 0 0 0 0 0 0 0 1 w w 0 w^2 1 w 0 1 w 0 w^2
15	[[23,7,11;16]]_2	w^2 1 0 w w w^2 w^2 w 0 w w w w^2 w 0 w^2 0 w w^2 1 w w	1	1 0 0 0 0 0 0 0 0 0 0 0 0 0 0 w^2 w^2 w^2 w^2 0 w^2 w^2 | 0 1 0 0 0 0 0 0 0 0 0 0 0 0 0 w^2 w 1 w^2 w^2 w^2 1 | 0 0 1 0 0 0 0 0 0 0 0 0 0 0 0 0 w 0 w 0 1 0 | 0 0 0 1 0 0 0 0 0 0 0 0 0 0 0 w^2 w w^2 1 w 1 1 | 0 0 0 0 1 0 0 0 0 0 0 0 0 0 0 w^2 w^2 0 w w^2 0 w^2 | 0 0 0 0 0 1 0 0 0 0 0 0 0 0 0 0 w^2 w w^2 1 w^2 w | 0 0 0 0 0 0 1 0 0 0 0 0 0 0 0 w w 0 0 1 1 1 | 0 0 0 0 0 0 0 1 0 0 0 0 0 0 0 w^2 0 1 1 1 w^2 0 | 0 0 0 0 0 0 0 0 1 0 0 0 0 0 0 0 w^2 0 0 1 1 w^2 | 0 0 0 0 0 0 0 0 0 1 0 0 0 0 0 w^2 1 0 0 w w^2 w^2 | 0 0 0 0 0 0 0 0 0 0 1 0 0 0 0 1 w w 0 w w 1 | 0 0 0 0 0 0 0 0 0 0 0 1 0 0 0 0 0 w 1 w^2 w^2 w | 0 0 0 0 0 0 0 0 0 0 0 0 1 0 0 1 w^2 w 1 w w^2 1 | 0 0 0 0 0 0 0 0 0 0 0 0 0 1 0 0 w w^2 w^2 0 w w | 0 0 0 0 0 0 0 0 0 0 0 0 0 0 1 w w^2 w 1 1 w 0
16	[[23,8,10;15]]_2	0 w 0 w^2 w^2 w 0 1 w 0 w w w^2 0 w w w^2 0 0 w w w^2	1	1 0 0 0 0 0 0 0 0 0 0 0 0 0 0 w 1 1 1 0 0 1 | 0 1 0 0 0 0 0 0 0 0 0 0 0 0 w 1 w w 1 0 w 0 | 0 0 1 0 0 0 0 0 0 0 0 0 0 0 0 w w^2 0 0 w 0 1 | 0 0 0 1 0 0 0 0 0 0 0 0 0 0 0 0 w 1 0 w^2 w w | 0 0 0 0 1 0 0 0 0 0 0 0 0 0 1 0 0 1 0 w^2 0 1 | 0 0 0 0 0 1 0 0 0 0 0 0 0 0 w w w 0 1 0 1 w | 0 0 0 0 0 0 1 0 0 0 0 0 0 0 1 w^2 w^2 0 w^2 w^2 0 w | 0 0 0 0 0 0 0 1 0 0 0 0 0 0 0 0 1 w 1 0 1 w^2 | 0 0 0 0 0 0 0 0 1 0 0 0 0 0 w^2 w^2 w^2 0 1 w 0 1 | 0 0 0 0 0 0 0 0 0 1 0 0 0 0 w^2 w^2 1 w^2 0 w w^2 w | 0 0 0 0 0 0 0 0 0 0 1 0 0 0 w^2 w^2 1 w^2 w^2 1 0 0 | 0 0 0 0 0 0 0 0 0 0 0 1 0 0 w 0 1 w^2 0 w w^2 w^2 | 0 0 0 0 0 0 0 0 0 0 0 0 1 0 w^2 0 0 0 w w^2 w 0 | 0 0 0 0 0 0 0 0 0 0 0 0 0 1 0 w 0 0 w^2 0 w^2 w^2
17	[[23,9,9;14]]_2	w^2 1 0 w^2 w 0 1 w^2 0 w 0 w^2 0 w^2 w w^2 w 1 w^2 0 w w^2	1	1 0 0 0 0 0 0 0 0 0 0 0 0 1 0 1 1 w w w 0 0 | 0 1 0 0 0 0 0 0 0 0 0 0 0 0 0 1 1 1 1 w^2 0 w | 0 0 1 0 0 0 0 0 0 0 0 0 0 1 0 1 0 w 1 0 0 0 | 0 0 0 1 0 0 0 0 0 0 0 0 0 1 0 w 1 w^2 0 0 0 w | 0 0 0 0 1 0 0 0 0 0 0 0 0 w w^2 w^2 1 w 1 0 w^2 1 | 0 0 0 0 0 1 0 0 0 0 0 0 0 1 0 w^2 w^2 1 0 1 w^2 1 | 0 0 0 0 0 0 1 0 0 0 0 0 0 1 w w w^2 1 1 0 w^2 1 | 0 0 0 0 0 0 0 1 0 0 0 0 0 1 w^2 0 0 w^2 w^2 w 1 w | 0 0 0 0 0 0 0 0 1 0 0 0 0 1 w w 0 0 w w 0 w | 0 0 0 0 0 0 0 0 0 1 0 0 0 w 0 w 1 1 1 0 1 0 | 0 0 0 0 0 0 0 0 0 0 1 0 0 0 w^2 1 1 w w^2 1 w w^2 | 0 0 0 0 0 0 0 0 0 0 0 1 0 w w^2 1 w^2 0 0 1 0 w | 0 0 0 0 0 0 0 0 0 0 0 0 1 1 w^2 w w 0 w 1 1 1
18	[[23,10,8;11]]_2	1 w 0 w 1 w^2 0 0 1 0 1 1 0 0 1 1 0 1 0 0 w^2 w^2	1	1 0 0 0 0 0 0 0 0 0 1 0 w^2 1 w w w 0 w^2 w^2 w^2 w^2 | 0 1 0 0 0 0 0 0 0 0 1 0 0 1 0 w^2 w^2 1 0 w^2 w^2 w^2 | 0 0 1 0 0 0 0 0 0 0 1 0 0 w 0 1 w 0 1 0 w^2 w^2 | 0 0 0 1 0 0 0 0 0 0 1 0 0 w w^2 1 0 1 0 1 0 w^2 | 0 0 0 0 1 0 0 0 0 0 1 0 0 w w^2 w 0 w^2 1 0 1 0 | 0 0 0 0 0 1 0 0 0 0 1 0 w^2 1 0 1 0 0 0 w w^2 w | 0 0 0 0 0 0 1 0 0 0 1 0 1 0 1 0 1 w 1 1 w^2 w | 0 0 0 0 0 0 0 1 0 0 1 0 1 w 0 1 0 w^2 w^2 0 0 w | 0 0 0 0 0 0 0 0 1 0 1 0 1 w w 0 1 w w w 1 1 | 0 0 0 0 0 0 0 0 0 1 1 0 w 1 1 1 w^2 0 0 0 0 w^2 | 0 0 0 0 0 0 0 0 0 0 0 1 1 1 1 1 1 1 1 1 1 1
19	[[23,11,8;12]]_2	1 0 0 w w w w^2 1 w w 1 w w w^2 w^2 w w 1 w^2 0 0 w	1	1 0 0 0 0 0 0 0 0 0 1 0 w^2 1 w w w 0 w^2 w^2 w^2 w^2 | 0 1 0 0 0 0 0 0 0 0 1 0 0 1 0 w^2 w^2 1 0 w^2 w^2 w^2 | 0 0 1 0 0 0 0 0 0 0 1 0 0 w 0 1 w 0 1 0 w^2 w^2 | 0 0 0 1 0 0 0 0 0 0 1 0 0 w w^2 1 0 1 0 1 0 w^2 | 0 0 0 0 1 0 0 0 0 0 1 0 0 w w^2 w 0 w^2 1 0 1 0 | 0 0 0 0 0 1 0 0 0 0 1 0 w^2 1 0 1 0 0 0 w w^2 w | 0 0 0 0 0 0 1 0 0 0 1 0 1 0 1 0 1 w 1 1 w^2 w | 0 0 0 0 0 0 0 1 0 0 1 0 1 w 0 1 0 w^2 w^2 0 0 w | 0 0 0 0 0 0 0 0 1 0 1 0 1 w w 0 1 w w w 1 1 | 0 0 0 0 0 0 0 0 0 1 1 0 w 1 1 1 w^2 0 0 0 0 w^2 | 0 0 0 0 0 0 0 0 0 0 0 1 1 1 1 1 1 1 1 1 1 1
20	[[24,3,17;21]]_2	1 1 w^2 0 1 w 1 1 w^2 0 1 w^2 w w w^2 0 1 0 w 0 w^2 w w^2	1	1 0 0 0 0 0 0 0 0 0 0 0 0 0 0 0 0 0 0 0 w^2 1 w | 0 1 0 0 0 0 0 0 0 0 0 0 0 0 0 0 0 0 0 0 w^2 1 w | 0 0 1 0 0 0 0 0 0 0 0 0 0 0 0 0 0 0 0 0 w w^2 w | 0 0 0 1 0 0 0 0 0 0 0 0 0 0 0 0 0 0 0 0 w w 1 | 0 0 0 0 1 0 0 0 0 0 0 0 0 0 0 0 0 0 0 0 w^2 w^2 1 | 0 0 0 0 0 1 0 0 0 0 0 0 0 0 0 0 0 0 0 0 0 w^2 w^2 | 0 0 0 0 0 0 1 0 0 0 0 0 0 0 0 0 0 0 0 0 w w w | 0 0 0 0 0 0 0 1 0 0 0 0 0 0 0 0 0 0 0 0 w 0 1 | 0 0 0 0 0 0 0 0 1 0 0 0 0 0 0 0 0 0 0 0 w 1 1 | 0 0 0 0 0 0 0 0 0 1 0 0 0 0 0 0 0 0 0 0 1 w^2 0 | 0 0 0 0 0 0 0 0 0 0 1 0 0 0 0 0 0 0 0 0 w^2 w w^2 | 0 0 0 0 0 0 0 0 0 0 0 1 0 0 0 0 0 0 0 0 w 0 w^2 | 0 0 0 0 0 0 0 0 0 0 0 0 1 0 0 0 0 0 0 0 w 1 w | 0 0 0 0 0 0 0 0 0 0 0 0 0 1 0 0 0 0 0 0 w^2 1 w^2 | 0 0 0 0 0 0 0 0 0 0 0 0 0 0 1 0 0 0 0 0 0 1 w^2 | 0 0 0 0 0 0 0 0 0 0 0 0 0 0 0 1 0 0 0 0 w^2 w^2 w | 0 0 0 0 0 0 0 0 0 0 0 0 0 0 0 0 1 0 0 0 w^2 0 0 | 0 0 0 0 0 0 0 0 0 0 0 0 0 0 0 0 0 1 0 0 w 0 w | 0 0 0 0 0 0 0 0 0 0 0 0 0 0 0 0 0 0 1 0 0 0 w | 0 0 0 0 0 0 0 0 0 0 0 0 0 0 0 0 0 0 0 1 w w^2 w^2
21	[[24,4,15;20]]_2	w 1 1 w w^2 1 w w 1 1 w 1 w^2 w 0 1 w w^2 w^2 1 1 w w^2	1	1 0 0 0 0 0 0 0 0 0 0 0 0 0 0 0 0 0 0 w^2 1 1 1 | 0 1 0 0 0 0 0 0 0 0 0 0 0 0 0 0 0 0 0 w^2 w^2 w^2 w | 0 0 1 0 0 0 0 0 0 0 0 0 0 0 0 0 0 0 0 0 w 0 w | 0 0 0 1 0 0 0 0 0 0 0 0 0 0 0 0 0 0 0 w w w^2 w^2 | 0 0 0 0 1 0 0 0 0 0 0 0 0 0 0 0 0 0 0 w^2 0 w 0 | 0 0 0 0 0 1 0 0 0 0 0 0 0 0 0 0 0 0 0 w^2 w^2 0 w^2 | 0 0 0 0 0 0 1 0 0 0 0 0 0 0 0 0 0 0 0 w w^2 0 1 | 0 0 0 0 0 0 0 1 0 0 0 0 0 0 0 0 0 0 0 0 0 w^2 w^2 | 0 0 0 0 0 0 0 0 1 0 0 0 0 0 0 0 0 0 0 0 w 1 0 | 0 0 0 0 0 0 0 0 0 1 0 0 0 0 0 0 0 0 0 0 w w^2 w^2 | 0 0 0 0 0 0 0 0 0 0 1 0 0 0 0 0 0 0 0 w 0 1 1 | 0 0 0 0 0 0 0 0 0 0 0 1 0 0 0 0 0 0 0 1 0 w^2 1 | 0 0 0 0 0 0 0 0 0 0 0 0 1 0 0 0 0 0 0 w w 1 w^2 | 0 0 0 0 0 0 0 0 0 0 0 0 0 1 0 0 0 0 0 w w^2 1 w^2 | 0 0 0 0 0 0 0 0 0 0 0 0 0 0 1 0 0 0 0 w w^2 w^2 w | 0 0 0 0 0 0 0 0 0 0 0 0 0 0 0 1 0 0 0 w w^2 0 0 | 0 0 0 0 0 0 0 0 0 0 0 0 0 0 0 0 1 0 0 1 w 1 w | 0 0 0 0 0 0 0 0 0 0 0 0 0 0 0 0 0 1 0 w w w^2 0 | 0 0 0 0 0 0 0 0 0 0 0 0 0 0 0 0 0 0 1 1 0 w 1
22	[[24,5,13;17]]_2	1 w^2 w w^2 w w 0 1 1 0 0 w w^2 1 1 w^2 w 1 0 0 1 0 w^2	1	1 0 0 0 0 0 0 0 0 0 0 0 0 0 0 0 0 w^2 w w^2 w^2 0 w^2 | 0 1 0 0 0 0 0 0 0 0 0 0 0 0 0 0 0 w w w 1 1 w^2 | 0 0 1 0 0 0 0 0 0 0 0 0 0 0 0 0 0 w 1 1 1 w 0 | 0 0 0 1 0 0 0 0 0 0 0 0 0 0 0 0 0 0 w^2 w w 0 0 | 0 0 0 0 1 0 0 0 0 0 0 0 0 0 0 0 0 0 1 w 1 0 1 | 0 0 0 0 0 1 0 0 0 0 0 0 0 0 0 0 0 0 0 w w^2 w^2 0 | 0 0 0 0 0 0 1 0 0 0 0 0 0 0 0 0 0 w w 1 1 w^2 w | 0 0 0 0 0 0 0 1 0 0 0 0 0 0 0 0 0 w^2 0 0 w w^2 0 | 0 0 0 0 0 0 0 0 1 0 0 0 0 0 0 0 0 1 1 w w^2 w w | 0 0 0 0 0 0 0 0 0 1 0 0 0 0 0 0 0 w^2 w^2 w w^2 0 0 | 0 0 0 0 0 0 0 0 0 0 1 0 0 0 0 0 0 w 0 0 w^2 w w^2 | 0 0 0 0 0 0 0 0 0 0 0 1 0 0 0 0 0 0 1 w 0 w^2 w | 0 0 0 0 0 0 0 0 0 0 0 0 1 0 0 0 0 1 0 0 0 w w | 0 0 0 0 0 0 0 0 0 0 0 0 0 1 0 0 0 0 w w 0 w^2 w^2 | 0 0 0 0 0 0 0 0 0 0 0 0 0 0 1 0 0 w 1 1 w 1 w^2 | 0 0 0 0 0 0 0 0 0 0 0 0 0 0 0 1 0 w 1 0 0 w^2 0 | 0 0 0 0 0 0 0 0 0 0 0 0 0 0 0 0 1 1 0 w 0 1 1
23	[[24,6,13;18]]_2	w^2 w^2 w^2 1 w^2 1 w w^2 w w w 0 w^2 w 0 1 1 w 0 w 0 0 w	1	1 0 0 0 0 0 0 0 0 0 0 0 0 0 0 0 0 w^2 w w^2 w^2 0 w^2 | 0 1 0 0 0 0 0 0 0 0 0 0 0 0 0 0 0 w w w 1 1 w^2 | 0 0 1 0 0 0 0 0 0 0 0 0 0 0 0 0 0 w 1 1 1 w 0 | 0 0 0 1 0 0 0 0 0 0 0 0 0 0 0 0 0 0 w^2 w w 0 0 | 0 0 0 0 1 0 0 0 0 0 0 0 0 0 0 0 0 0 1 w 1 0 1 | 0 0 0 0 0 1 0 0 0 0 0 0 0 0 0 0 0 0 0 w w^2 w^2 0 | 0 0 0 0 0 0 1 0 0 0 0 0 0 0 0 0 0 w w 1 1 w^2 w | 0 0 0 0 0 0 0 1 0 0 0 0 0 0 0 0 0 w^2 0 0 w w^2 0 | 0 0 0 0 0 0 0 0 1 0 0 0 0 0 0 0 0 1 1 w w^2 w w | 0 0 0 0 0 0 0 0 0 1 0 0 0 0 0 0 0 w^2 w^2 w w^2 0 0 | 0 0 0 0 0 0 0 0 0 0 1 0 0 0 0 0 0 w 0 0 w^2 w w^2 | 0 0 0 0 0 0 0 0 0 0 0 1 0 0 0 0 0 0 1 w 0 w^2 w | 0 0 0 0 0 0 0 0 0 0 0 0 1 0 0 0 0 1 0 0 0 w w | 0 0 0 0 0 0 0 0 0 0 0 0 0 1 0 0 0 0 w w 0 w^2 w^2 | 0 0 0 0 0 0 0 0 0 0 0 0 0 0 1 0 0 w 1 1 w 1 w^2 | 0 0 0 0 0 0 0 0 0 0 0 0 0 0 0 1 0 w 1 0 0 w^2 0 | 0 0 0 0 0 0 0 0 0 0 0 0 0 0 0 0 1 1 0 w 0 1 1
24	[[24,9,9;13]]_2	0 0 1 w 0 w 1 w w 0 w w^2 1 0 0 1 w 1 1 1 0 w w^2	1	1 0 0 0 0 0 0 0 0 0 0 0 0 w^2 w^2 w 0 1 0 w w 1 1 | 0 1 0 0 0 0 0 0 0 0 0 0 0 0 0 1 1 w w w w^2 0 w^2 | 0 0 1 0 0 0 0 0 0 0 0 0 0 w^2 1 w 1 0 1 w^2 w^2 0 w | 0 0 0 1 0 0 0 0 0 0 0 0 0 w^2 w 0 0 w w 1 w 0 w^2 | 0 0 0 0 1 0 0 0 0 0 0 0 0 w^2 w^2 w^2 w^2 w^2 1 1 1 w w | 0 0 0 0 0 1 0 0 0 0 0 0 0 1 0 1 1 0 w w w^2 w 1 | 0 0 0 0 0 0 1 0 0 0 0 0 0 0 w w 0 w^2 1 1 w w^2 w^2 | 0 0 0 0 0 0 0 1 0 0 0 0 0 0 0 0 w^2 0 1 w w 1 w | 0 0 0 0 0 0 0 0 1 0 0 0 0 0 0 w w^2 w^2 w^2 0 w^2 0 w^2 | 0 0 0 0 0 0 0 0 0 1 0 0 0 0 w w w 1 w w^2 w^2 w^2 w | 0 0 0 0 0 0 0 0 0 0 1 0 0 1 1 w^2 0 0 w^2 1 0 0 0 | 0 0 0 0 0 0 0 0 0 0 0 1 0 w^2 1 0 w^2 0 0 w^2 1 1 w^2 | 0 0 0 0 0 0 0 0 0 0 0 0 1 1 w 1 1 w w 0 w^2 w^2 w
25	[[24,11,7;9]]_2	w^2 w^2 0 w^2 1 1 w 0 0 w^2 w^2 0 1 0 w^2 0 w 0 0 0 w 0 w	1	1 0 0 0 0 0 0 0 0 0 1 0 w^2 w w w 1 1 0 w^2 1 w 0 | 0 1 0 0 0 0 0 0 0 0 1 1 w w 0 w^2 1 w w 0 0 1 w | 0 0 1 0 0 0 0 0 0 0 w 1 w^2 0 w^2 w^2 w 1 w^2 w w w w | 0 0 0 1 0 0 0 0 0 0 w^2 0 0 w^2 1 w^2 w^2 0 1 w 1 1 0 | 0 0 0 0 1 0 0 0 0 0 0 1 1 0 w^2 1 w w w^2 w^2 1 1 1 | 0 0 0 0 0 1 0 0 0 0 1 0 0 w 1 0 w 1 w 0 1 0 1 | 0 0 0 0 0 0 1 0 0 0 0 w w^2 0 0 1 w^2 0 w 1 w 0 1 | 0 0 0 0 0 0 0 1 0 0 1 w^2 w^2 0 w^2 1 0 0 w w^2 w^2 0 w^2 | 0 0 0 0 0 0 0 0 1 0 w 1 0 w^2 w^2 w^2 w^2 w 0 w^2 1 w 1 | 0 0 0 0 0 0 0 0 0 1 w w^2 0 w w^2 1 w^2 w^2 1 0 1 w w
26	[[24,13,7;11]]_2	0 1 1 0 w 1 w 1 1 1 w 0 w^2 w w^2 0 w w w^2 w 1 0 w^2	1	1 0 0 0 0 0 0 0 0 0 w 1 1 w^2 w^2 1 w^2 w^2 0 w^2 w w 0 | 0 1 0 0 0 0 0 0 0 0 w^2 w 0 w^2 1 w^2 0 1 1 1 w^2 1 1 | 0 0 1 0 0 0 0 0 0 0 w 1 0 w 0 w^2 w 1 1 0 1 0 0 | 0 0 0 1 0 0 0 0 0 0 w w^2 w^2 w^2 w^2 w^2 0 0 1 1 w 1 0 | 0 0 0 0 1 0 0 0 0 0 1 1 w^2 1 w 1 w^2 w^2 w^2 1 w w^2 w^2 | 0 0 0 0 0 1 0 0 0 0 0 w^2 w w^2 1 1 w 1 w 0 w^2 w 0 | 0 0 0 0 0 0 1 0 0 0 0 0 1 0 0 w^2 0 1 w^2 w w^2 1 w^2 | 0 0 0 0 0 0 0 1 0 0 1 w^2 1 1 0 w 1 w^2 1 1 w w^2 w^2 | 0 0 0 0 0 0 0 0 1 0 w^2 1 0 1 0 w w^2 w^2 w^2 w 0 w 0 | 0 0 0 0 0 0 0 0 0 1 w^2 w^2 1 w^2 w 1 w^2 w w^2 1 0 w^2 w^2
27	[[25,2,19;23]]_2	1 w 0 w^2 1 1 w^2 w^2 w^2 0 1 w^2 1 w 0 1 w^2 1 w^2 0 w^2 w 1 w	1	1 0 0 0 0 0 0 0 0 0 0 0 0 0 0 0 0 0 0 0 0 0 w^2 w | 0 1 0 0 0 0 0 0 0 0 0 0 0 0 0 0 0 0 0 0 0 0 w^2 w^2 | 0 0 1 0 0 0 0 0 0 0 0 0 0 0 0 0 0 0 0 0 0 0 w w^2 | 0 0 0 1 0 0 0 0 0 0 0 0 0 0 0 0 0 0 0 0 0 0 0 w | 0 0 0 0 1 0 0 0 0 0 0 0 0 0 0 0 0 0 0 0 0 0 w 1 | 0 0 0 0 0 1 0 0 0 0 0 0 0 0 0 0 0 0 0 0 0 0 1 w^2 | 0 0 0 0 0 0 1 0 0 0 0 0 0 0 0 0 0 0 0 0 0 0 w 0 | 0 0 0 0 0 0 0 1 0 0 0 0 0 0 0 0 0 0 0 0 0 0 w^2 w^2 | 0 0 0 0 0 0 0 0 1 0 0 0 0 0 0 0 0 0 0 0 0 0 1 w | 0 0 0 0 0 0 0 0 0 1 0 0 0 0 0 0 0 0 0 0 0 0 w^2 0 | 0 0 0 0 0 0 0 0 0 0 1 0 0 0 0 0 0 0 0 0 0 0 1 w | 0 0 0 0 0 0 0 0 0 0 0 1 0 0 0 0 0 0 0 0 0 0 w 0 | 0 0 0 0 0 0 0 0 0 0 0 0 1 0 0 0 0 0 0 0 0 0 0 w^2 | 0 0 0 0 0 0 0 0 0 0 0 0 0 1 0 0 0 0 0 0 0 0 w^2 w | 0 0 0 0 0 0 0 0 0 0 0 0 0 0 1 0 0 0 0 0 0 0 w 1 | 0 0 0 0 0 0 0 0 0 0 0 0 0 0 0 1 0 0 0 0 0 0 0 w | 0 0 0 0 0 0 0 0 0 0 0 0 0 0 0 0 1 0 0 0 0 0 1 w | 0 0 0 0 0 0 0 0 0 0 0 0 0 0 0 0 0 1 0 0 0 0 0 w^2 | 0 0 0 0 0 0 0 0 0 0 0 0 0 0 0 0 0 0 1 0 0 0 w w^2 | 0 0 0 0 0 0 0 0 0 0 0 0 0 0 0 0 0 0 0 1 0 0 w^2 w^2 | 0 0 0 0 0 0 0 0 0 0 0 0 0 0 0 0 0 0 0 0 1 0 w 0 | 0 0 0 0 0 0 0 0 0 0 0 0 0 0 0 0 0 0 0 0 0 1 w w
28	[[25,7,12;18]]_2	0 w w^2 w^2 1 w^2 0 0 w^2 0 0 1 1 w^2 w^2 w^2 w w 1 w w^2 0 w 0	1	1 0 0 0 0 0 0 0 0 0 0 0 0 0 0 w^2 0 0 w^2 w^2 w^2 0 w^2 w^2 | 0 1 0 0 0 0 0 0 0 0 0 0 0 0 0 0 0 0 1 1 1 w^2 0 1 | 0 0 1 0 0 0 0 0 0 0 0 0 0 0 0 w 0 0 w^2 w^2 w^2 w w^2 w | 0 0 0 1 0 0 0 0 0 0 0 0 0 0 0 0 0 0 0 1 0 w w 1 | 0 0 0 0 1 0 0 0 0 0 0 0 0 0 0 1 0 0 w^2 1 w 0 1 w^2 | 0 0 0 0 0 1 0 0 0 0 0 0 0 0 0 w 0 0 1 0 0 0 w 0 | 0 0 0 0 0 0 1 0 0 0 0 0 0 0 0 1 0 0 0 w w w^2 0 w^2 | 0 0 0 0 0 0 0 1 0 0 0 0 0 0 0 0 0 0 w 0 0 0 1 w | 0 0 0 0 0 0 0 0 1 0 0 0 0 0 0 w^2 0 0 1 0 w^2 w^2 w w | 0 0 0 0 0 0 0 0 0 1 0 0 0 0 0 1 0 0 0 1 w w w 0 | 0 0 0 0 0 0 0 0 0 0 1 0 0 0 0 w 0 0 1 0 w w^2 1 0 | 0 0 0 0 0 0 0 0 0 0 0 1 0 0 0 1 0 0 w 1 1 0 0 w | 0 0 0 0 0 0 0 0 0 0 0 0 1 0 0 1 0 0 w 1 0 w 1 w | 0 0 0 0 0 0 0 0 0 0 0 0 0 1 0 w 0 0 w^2 w^2 w w 0 w^2 | 0 0 0 0 0 0 0 0 0 0 0 0 0 0 1 0 0 0 w w^2 w^2 w^2 w^2 w^2 | 0 0 0 0 0 0 0 0 0 0 0 0 0 0 0 0 1 0 w^2 1 w w^2 0 0 | 0 0 0 0 0 0 0 0 0 0 0 0 0 0 0 0 0 1 w^2 w w^2 w^2 w 0
29	[[25,8,11;17]]_2	w^2 w^2 1 w 1 w w^2 0 w 1 w 0 1 w^2 w^2 0 w w 1 w 0 w^2 w^2 w^2	1	1 0 0 0 0 0 0 0 0 0 0 0 0 0 0 0 0 1 w^2 w^2 0 0 1 1 | 0 1 0 0 0 0 0 0 0 0 0 0 0 0 0 0 w^2 w^2 0 1 0 0 w 1 | 0 0 1 0 0 0 0 0 0 0 0 0 0 0 0 0 1 w^2 w w^2 w 1 w w^2 | 0 0 0 1 0 0 0 0 0 0 0 0 0 0 0 0 0 w^2 w^2 w^2 1 w w^2 1 | 0 0 0 0 1 0 0 0 0 0 0 0 0 0 0 0 w^2 w w^2 w w^2 0 0 0 | 0 0 0 0 0 1 0 0 0 0 0 0 0 0 0 0 w w 0 w^2 w 1 w 0 | 0 0 0 0 0 0 1 0 0 0 0 0 0 0 0 0 1 w w^2 w 1 1 0 0 | 0 0 0 0 0 0 0 1 0 0 0 0 0 0 0 0 w 1 w^2 0 w^2 1 w 0 | 0 0 0 0 0 0 0 0 1 0 0 0 0 0 0 0 w^2 w^2 0 1 1 0 0 0 | 0 0 0 0 0 0 0 0 0 1 0 0 0 0 0 0 0 0 1 w^2 0 w^2 w 0 | 0 0 0 0 0 0 0 0 0 0 1 0 0 0 0 0 w w^2 1 1 0 1 w w | 0 0 0 0 0 0 0 0 0 0 0 1 0 0 0 0 w^2 w^2 w^2 w w 1 w^2 w^2 | 0 0 0 0 0 0 0 0 0 0 0 0 1 0 0 0 w w^2 w^2 1 w^2 w^2 0 w | 0 0 0 0 0 0 0 0 0 0 0 0 0 1 0 0 w^2 1 1 0 w w^2 1 w^2 | 0 0 0 0 0 0 0 0 0 0 0 0 0 0 1 0 w 1 1 0 w 1 1 w^2 | 0 0 0 0 0 0 0 0 0 0 0 0 0 0 0 1 w 0 0 w w w^2 w^2 0
30	[[25,9,8;8]]_2	0 1 1 0 w w w^2 w w^2 0 0 w w w w^2 1 0 1 w w^2 1 w 1 w	1	1 0 0 0 0 0 0 0 0 0 0 w^2 w^2 w w^2 w^2 w^2 0 0 1 w^2 w 1 w^2 | 0 1 0 0 0 0 0 0 0 0 0 w 1 w 0 1 1 w^2 0 w^2 w^2 w 1 w^2 | 0 0 1 0 0 0 0 0 0 0 0 1 w w w^2 1 0 1 w^2 w w 0 0 0 | 0 0 0 1 0 0 0 0 0 0 0 w^2 w^2 0 1 0 w 0 1 w 1 0 1 w^2 | 0 0 0 0 1 0 0 0 0 0 0 w 1 w w w^2 w w 0 w 0 0 w^2 w^2 | 0 0 0 0 0 1 0 0 0 0 0 1 w w w^2 w^2 w w w w w^2 w^2 w w | 0 0 0 0 0 0 1 0 0 0 0 w^2 1 0 1 0 0 w w w^2 1 1 w 1 | 0 0 0 0 0 0 0 1 0 0 0 w w^2 0 w w^2 w 0 w 1 1 0 w 0 | 0 0 0 0 0 0 0 0 1 0 0 1 1 0 1 w^2 w w 0 0 0 w w w^2 | 0 0 0 0 0 0 0 0 0 1 0 w^2 0 w^2 w^2 w 0 w w 1 w^2 w w^2 1 | 0 0 0 0 0 0 0 0 0 0 1 w w^2 1 1 1 0 0 w 1 w^2 w 1 1
31	[[25,9,10;16]]_2	w^2 1 w^2 w w 1 w w^2 w 0 1 1 w 0 0 1 1 w^2 w 1 w 0 w^2 1	1	1 0 0 0 0 0 0 0 0 0 0 0 0 0 0 w w w w 0 w 0 0 1 | 0 1 0 0 0 0 0 0 0 0 0 0 0 0 0 w w^2 0 w 0 w^2 1 w^2 w | 0 0 1 0 0 0 0 0 0 0 0 0 0 0 0 0 w 1 w 1 w 1 0 w^2 | 0 0 0 1 0 0 0 0 0 0 0 0 0 0 0 w 1 1 w 0 w 1 0 w | 0 0 0 0 1 0 0 0 0 0 0 0 0 0 0 0 w 1 0 1 w^2 1 w^2 1 | 0 0 0 0 0 1 0 0 0 0 0 0 0 0 0 w w^2 w w^2 1 0 1 w w^2 | 0 0 0 0 0 0 1 0 0 0 0 0 0 0 0 1 w^2 w^2 w 0 w^2 0 1 1 | 0 0 0 0 0 0 0 1 0 0 0 0 0 0 0 w 0 1 1 w w^2 0 w w | 0 0 0 0 0 0 0 0 1 0 0 0 0 0 0 1 0 1 1 w^2 w 1 1 w^2 | 0 0 0 0 0 0 0 0 0 1 0 0 0 0 0 w 1 1 w^2 0 w^2 w 1 w^2 | 0 0 0 0 0 0 0 0 0 0 1 0 0 0 0 1 1 w^2 w^2 0 0 w^2 0 w | 0 0 0 0 0 0 0 0 0 0 0 1 0 0 0 0 1 1 w^2 1 w^2 w^2 w^2 w | 0 0 0 0 0 0 0 0 0 0 0 0 1 0 0 w 1 w^2 w^2 1 w^2 1 w^2 1 | 0 0 0 0 0 0 0 0 0 0 0 0 0 1 0 1 0 1 w^2 w 0 w^2 w 0 | 0 0 0 0 0 0 0 0 0 0 0 0 0 0 1 w 1 w^2 1 0 w 1 w^2 1
32	[[25,10,8;9]]_2	1 0 1 w w w^2 1 w 1 0 w^2 w 0 w w 0 0 1 1 w^2 0 1 w^2 w	1	1 0 0 0 0 0 0 0 0 0 0 w^2 w^2 w w^2 w^2 w^2 0 0 1 w^2 w 1 w^2 | 0 1 0 0 0 0 0 0 0 0 0 w 1 w 0 1 1 w^2 0 w^2 w^2 w 1 w^2 | 0 0 1 0 0 0 0 0 0 0 0 1 w w w^2 1 0 1 w^2 w w 0 0 0 | 0 0 0 1 0 0 0 0 0 0 0 w^2 w^2 0 1 0 w 0 1 w 1 0 1 w^2 | 0 0 0 0 1 0 0 0 0 0 0 w 1 w w w^2 w w 0 w 0 0 w^2 w^2 | 0 0 0 0 0 1 0 0 0 0 0 1 w w w^2 w^2 w w w w w^2 w^2 w w | 0 0 0 0 0 0 1 0 0 0 0 w^2 1 0 1 0 0 w w w^2 1 1 w 1 | 0 0 0 0 0 0 0 1 0 0 0 w w^2 0 w w^2 w 0 w 1 1 0 w 0 | 0 0 0 0 0 0 0 0 1 0 0 1 1 0 1 w^2 w w 0 0 0 w w w^2 | 0 0 0 0 0 0 0 0 0 1 0 w^2 0 w^2 w^2 w 0 w w 1 w^2 w w^2 1 | 0 0 0 0 0 0 0 0 0 0 1 w w^2 1 1 1 0 0 w 1 w^2 w 1 1
33	[[25,10,9;15]]_2	0 w w 0 w 0 w 0 0 1 w 0 w 1 0 1 0 0 w^2 w w w 0 w^2	1	1 0 0 0 0 0 0 0 0 0 0 0 0 0 0 w^2 w^2 w 1 0 0 1 w^2 w | 0 1 0 0 0 0 0 0 0 0 0 0 0 w^2 0 w w^2 1 0 1 1 w^2 w^2 w^2 | 0 0 1 0 0 0 0 0 0 0 0 0 0 1 0 0 w 0 0 w^2 w^2 0 0 w^2 | 0 0 0 1 0 0 0 0 0 0 0 0 0 w 0 0 w 0 w w^2 0 0 w^2 0 | 0 0 0 0 1 0 0 0 0 0 0 0 0 w^2 0 w^2 w^2 w^2 w^2 w 1 0 1 0 | 0 0 0 0 0 1 0 0 0 0 0 0 0 0 0 w^2 w 1 w 0 0 0 w^2 w^2 | 0 0 0 0 0 0 1 0 0 0 0 0 0 w^2 0 1 w^2 0 1 w^2 1 w^2 0 w | 0 0 0 0 0 0 0 1 0 0 0 0 0 w 0 0 0 w^2 w^2 1 1 w 1 w | 0 0 0 0 0 0 0 0 1 0 0 0 0 w 0 w 0 1 w^2 w 1 w w w | 0 0 0 0 0 0 0 0 0 1 0 0 0 w 0 0 0 w^2 w^2 w^2 w^2 w^2 w 0 | 0 0 0 0 0 0 0 0 0 0 1 0 0 0 0 0 w w 0 w w^2 w^2 w^2 0 | 0 0 0 0 0 0 0 0 0 0 0 1 0 w 0 w 0 w w^2 0 1 0 0 1 | 0 0 0 0 0 0 0 0 0 0 0 0 1 w^2 0 w^2 w w^2 0 w 1 w 0 w^2 | 0 0 0 0 0 0 0 0 0 0 0 0 0 0 1 w^2 w 0 w^2 w 0 0 w w
34	[[25,11,8;10]]_2	w^2 0 w^2 w 1 1 0 0 w^2 1 1 0 w^2 w^2 w 1 w w^2 1 0 0 0 w w	1	1 0 0 0 0 0 0 0 0 0 0 w^2 w^2 w w^2 w^2 w^2 0 0 1 w^2 w 1 w^2 | 0 1 0 0 0 0 0 0 0 0 0 w 1 w 0 1 1 w^2 0 w^2 w^2 w 1 w^2 | 0 0 1 0 0 0 0 0 0 0 0 1 w w w^2 1 0 1 w^2 w w 0 0 0 | 0 0 0 1 0 0 0 0 0 0 0 w^2 w^2 0 1 0 w 0 1 w 1 0 1 w^2 | 0 0 0 0 1 0 0 0 0 0 0 w 1 w w w^2 w w 0 w 0 0 w^2 w^2 | 0 0 0 0 0 1 0 0 0 0 0 1 w w w^2 w^2 w w w w w^2 w^2 w w | 0 0 0 0 0 0 1 0 0 0 0 w^2 1 0 1 0 0 w w w^2 1 1 w 1 | 0 0 0 0 0 0 0 1 0 0 0 w w^2 0 w w^2 w 0 w 1 1 0 w 0 | 0 0 0 0 0 0 0 0 1 0 0 1 1 0 1 w^2 w w 0 0 0 w w w^2 | 0 0 0 0 0 0 0 0 0 1 0 w^2 0 w^2 w^2 w 0 w w 1 w^2 w w^2 1 | 0 0 0 0 0 0 0 0 0 0 1 w w^2 1 1 1 0 0 w 1 w^2 w 1 1
35	[[25,12,8;13]]_2	1 w^2 0 w 1 0 w^2 w^2 w^2 1 0 w 0 1 w w 1 1 1 1 w 0 w^2 0	1	1 0 0 0 0 0 0 0 0 0 0 1 0 w w w w^2 w 1 w w^2 0 0 0 | 0 1 0 0 0 0 0 0 0 0 0 1 0 w 0 0 1 1 w^2 w^2 1 w^2 0 0 | 0 0 1 0 0 0 0 0 0 0 0 1 0 w 0 w w^2 w^2 0 1 0 1 w^2 0 | 0 0 0 1 0 0 0 0 0 0 0 1 0 w 0 w 1 1 w w w 0 1 w^2 | 0 0 0 0 1 0 0 0 0 0 0 1 0 1 w^2 1 w 0 w^2 w^2 w 1 w^2 w | 0 0 0 0 0 1 0 0 0 0 0 1 0 0 1 w^2 0 w w^2 w^2 w 0 w^2 1 | 0 0 0 0 0 0 1 0 0 0 0 1 0 w^2 w^2 w 1 w^2 w 0 1 w^2 1 w | 0 0 0 0 0 0 0 1 0 0 0 1 0 0 w^2 w^2 w^2 1 0 w 1 w^2 1 w^2 | 0 0 0 0 0 0 0 0 1 0 0 1 0 1 1 w w^2 w w^2 1 w w 0 w | 0 0 0 0 0 0 0 0 0 1 0 1 0 0 1 1 w^2 w^2 1 w^2 0 0 0 w | 0 0 0 0 0 0 0 0 0 0 1 1 0 0 0 1 0 w^2 0 1 w w w w | 0 0 0 0 0 0 0 0 0 0 0 0 1 1 1 1 1 1 1 1 1 1 1 1
36	[[25,14,7;11]]_2	w w 1 0 w^2 w^2 w^2 1 1 0 1 0 w^2 w^2 0 w^2 w w^2 w w 0 0 w^2 w	1	1 0 0 0 0 0 0 0 0 0 w^2 0 w 0 0 w w^2 w^2 0 1 w w w^2 0 | 0 1 0 0 0 0 0 0 0 0 0 w^2 w 1 w^2 1 w^2 1 1 w^2 w w^2 w^2 1 | 0 0 1 0 0 0 0 0 0 0 w 0 0 w 1 w w^2 1 1 w w w^2 1 w^2 | 0 0 0 1 0 0 0 0 0 0 0 w w^2 0 w 1 w w^2 1 1 w w w^2 1 | 0 0 0 0 1 0 0 0 0 0 1 0 w^2 1 w w w^2 w w 1 0 w 0 w | 0 0 0 0 0 1 0 0 0 0 0 1 w^2 1 w^2 1 1 w w^2 0 w^2 w^2 1 1 | 0 0 0 0 0 0 1 0 0 0 w^2 0 1 0 w 0 w^2 0 0 1 1 0 1 w^2 | 0 0 0 0 0 0 0 1 0 0 0 w^2 1 w w^2 w^2 1 1 w w^2 w 0 1 w^2 | 0 0 0 0 0 0 0 0 1 0 w 0 w 1 w w 1 w^2 1 1 w w^2 w 1 | 0 0 0 0 0 0 0 0 0 1 0 w 0 0 w^2 1 1 0 w w^2 w^2 1 0 w^2
37	[[26,3,18;23]]_2	1 1 1 0 w w^2 1 w w 1 w 0 1 w 1 w 1 0 w 1 1 0 0 w 1	1	1 0 0 0 0 0 0 0 0 0 0 0 0 0 0 0 0 0 0 0 0 0 w w 0 | 0 1 0 0 0 0 0 0 0 0 0 0 0 0 0 0 0 0 0 0 0 0 0 1 w | 0 0 1 0 0 0 0 0 0 0 0 0 0 0 0 0 0 0 0 0 0 0 1 w^2 w^2 | 0 0 0 1 0 0 0 0 0 0 0 0 0 0 0 0 0 0 0 0 0 0 0 w^2 w | 0 0 0 0 1 0 0 0 0 0 0 0 0 0 0 0 0 0 0 0 0 0 0 0 w^2 | 0 0 0 0 0 1 0 0 0 0 0 0 0 0 0 0 0 0 0 0 0 0 w w w^2 | 0 0 0 0 0 0 1 0 0 0 0 0 0 0 0 0 0 0 0 0 0 0 1 w 0 | 0 0 0 0 0 0 0 1 0 0 0 0 0 0 0 0 0 0 0 0 0 0 w w w | 0 0 0 0 0 0 0 0 1 0 0 0 0 0 0 0 0 0 0 0 0 0 1 w^2 1 | 0 0 0 0 0 0 0 0 0 1 0 0 0 0 0 0 0 0 0 0 0 0 w^2 0 1 | 0 0 0 0 0 0 0 0 0 0 1 0 0 0 0 0 0 0 0 0 0 0 1 0 w^2 | 0 0 0 0 0 0 0 0 0 0 0 1 0 0 0 0 0 0 0 0 0 0 w^2 0 0 | 0 0 0 0 0 0 0 0 0 0 0 0 1 0 0 0 0 0 0 0 0 0 1 0 1 | 0 0 0 0 0 0 0 0 0 0 0 0 0 1 0 0 0 0 0 0 0 0 w 0 w^2 | 0 0 0 0 0 0 0 0 0 0 0 0 0 0 1 0 0 0 0 0 0 0 w w 0 | 0 0 0 0 0 0 0 0 0 0 0 0 0 0 0 1 0 0 0 0 0 0 1 w^2 1 | 0 0 0 0 0 0 0 0 0 0 0 0 0 0 0 0 1 0 0 0 0 0 0 w^2 w^2 | 0 0 0 0 0 0 0 0 0 0 0 0 0 0 0 0 0 1 0 0 0 0 w w^2 w | 0 0 0 0 0 0 0 0 0 0 0 0 0 0 0 0 0 0 1 0 0 0 w w w | 0 0 0 0 0 0 0 0 0 0 0 0 0 0 0 0 0 0 0 1 0 0 w^2 w^2 w^2 | 0 0 0 0 0 0 0 0 0 0 0 0 0 0 0 0 0 0 0 0 1 0 w^2 w 0 | 0 0 0 0 0 0 0 0 0 0 0 0 0 0 0 0 0 0 0 0 0 1 0 1 w^2
38	[[26,5,15;21]]_2	0 w^2 w^2 w w 0 w^2 w w w 1 1 0 w^2 w^2 w w^2 w^2 0 0 w 1 w 1 w^2	1	1 0 0 0 0 0 0 0 0 0 0 0 0 0 0 0 0 0 0 0 1 w^2 w^2 w 0 | 0 1 0 0 0 0 0 0 0 0 0 0 0 0 0 0 0 0 0 0 w 1 w w w^2 | 0 0 1 0 0 0 0 0 0 0 0 0 0 0 0 0 0 0 0 0 0 1 w w 0 | 0 0 0 1 0 0 0 0 0 0 0 0 0 0 0 0 0 0 0 0 1 w 1 0 w^2 | 0 0 0 0 1 0 0 0 0 0 0 0 0 0 0 0 0 0 0 0 0 w 0 w^2 1 | 0 0 0 0 0 1 0 0 0 0 0 0 0 0 0 0 0 0 0 0 w^2 1 1 w^2 w | 0 0 0 0 0 0 1 0 0 0 0 0 0 0 0 0 0 0 0 0 w^2 1 1 0 1 | 0 0 0 0 0 0 0 1 0 0 0 0 0 0 0 0 0 0 0 0 1 0 w 1 0 | 0 0 0 0 0 0 0 0 1 0 0 0 0 0 0 0 0 0 0 0 0 w 1 0 1 | 0 0 0 0 0 0 0 0 0 1 0 0 0 0 0 0 0 0 0 0 w^2 w^2 0 w 0 | 0 0 0 0 0 0 0 0 0 0 1 0 0 0 0 0 0 0 0 0 w 1 w^2 w w^2 | 0 0 0 0 0 0 0 0 0 0 0 1 0 0 0 0 0 0 0 0 1 w 1 1 1 | 0 0 0 0 0 0 0 0 0 0 0 0 1 0 0 0 0 0 0 0 w^2 0 1 0 w^2 | 0 0 0 0 0 0 0 0 0 0 0 0 0 1 0 0 0 0 0 0 w^2 w w w w^2 | 0 0 0 0 0 0 0 0 0 0 0 0 0 0 1 0 0 0 0 0 0 w^2 1 0 1 | 0 0 0 0 0 0 0 0 0 0 0 0 0 0 0 1 0 0 0 0 0 0 w w 0 | 0 0 0 0 0 0 0 0 0 0 0 0 0 0 0 0 1 0 0 0 w w w^2 0 w | 0 0 0 0 0 0 0 0 0 0 0 0 0 0 0 0 0 1 0 0 1 w^2 0 w^2 w^2 | 0 0 0 0 0 0 0 0 0 0 0 0 0 0 0 0 0 0 1 0 w^2 0 0 w 0 | 0 0 0 0 0 0 0 0 0 0 0 0 0 0 0 0 0 0 0 1 0 w^2 w 0 1
39	[[26,6,12;16]]_2	w^2 1 w w w w^2 1 1 w^2 w 1 1 0 w 0 w^2 1 w^2 1 w w w^2 0 1 0	1	1 0 0 0 0 0 0 0 0 0 0 0 0 0 0 0 0 0 w w^2 w^2 w^2 1 1 w | 0 1 0 0 0 0 0 0 0 0 0 0 0 0 0 0 0 w^2 0 1 w^2 w^2 w^2 0 w^2 | 0 0 1 0 0 0 0 0 0 0 0 0 0 0 0 0 0 w 0 1 1 w 0 w^2 0 | 0 0 0 1 0 0 0 0 0 0 0 0 0 0 0 0 0 1 w^2 0 w^2 1 0 w 1 | 0 0 0 0 1 0 0 0 0 0 0 0 0 0 0 0 0 0 1 1 w 1 1 w 0 | 0 0 0 0 0 1 0 0 0 0 0 0 0 0 0 0 0 0 1 w^2 w w w w^2 1 | 0 0 0 0 0 0 1 0 0 0 0 0 0 0 0 0 0 w^2 1 0 w^2 w^2 w w w^2 | 0 0 0 0 0 0 0 1 0 0 0 0 0 0 0 0 0 w 0 0 0 1 w 0 w | 0 0 0 0 0 0 0 0 1 0 0 0 0 0 0 0 0 1 w w 1 0 w 0 w | 0 0 0 0 0 0 0 0 0 1 0 0 0 0 0 0 0 w^2 w w^2 0 w w 1 0 | 0 0 0 0 0 0 0 0 0 0 1 0 0 0 0 0 0 w^2 0 0 w^2 1 1 0 1 | 0 0 0 0 0 0 0 0 0 0 0 1 0 0 0 0 0 w w w 0 1 w w^2 1 | 0 0 0 0 0 0 0 0 0 0 0 0 1 0 0 0 0 w 1 1 w^2 w 1 0 w | 0 0 0 0 0 0 0 0 0 0 0 0 0 1 0 0 0 0 w w 1 w 0 0 1 | 0 0 0 0 0 0 0 0 0 0 0 0 0 0 1 0 0 w^2 w w 1 1 w^2 w^2 0 | 0 0 0 0 0 0 0 0 0 0 0 0 0 0 0 1 0 w^2 0 w w^2 w w^2 w^2 w^2 | 0 0 0 0 0 0 0 0 0 0 0 0 0 0 0 0 1 w^2 w^2 0 0 0 w^2 w^2 w^2
40	[[26,7,11;15]]_2	w w 0 w^2 w 0 0 w w w^2 1 w w 0 0 1 0 1 1 w^2 w^2 w 0 1 0	1	1 0 0 0 0 0 0 0 0 0 0 0 0 0 0 0 w 0 0 1 1 w^2 w^2 1 w^2 | 0 1 0 0 0 0 0 0 0 0 0 0 0 0 0 0 w^2 w^2 w 0 w w^2 w^2 w^2 w | 0 0 1 0 0 0 0 0 0 0 0 0 0 0 0 0 1 0 w^2 0 w^2 w^2 0 0 w | 0 0 0 1 0 0 0 0 0 0 0 0 0 0 0 0 1 w^2 1 0 1 w 0 w^2 0 | 0 0 0 0 1 0 0 0 0 0 0 0 0 0 0 0 w 0 0 w w w w^2 w w | 0 0 0 0 0 1 0 0 0 0 0 0 0 0 0 0 0 w w^2 w w^2 0 0 w^2 w | 0 0 0 0 0 0 1 0 0 0 0 0 0 0 0 0 1 0 w^2 1 w 0 1 w w^2 | 0 0 0 0 0 0 0 1 0 0 0 0 0 0 0 0 w^2 w 0 0 w^2 1 w w^2 w | 0 0 0 0 0 0 0 0 1 0 0 0 0 0 0 0 w^2 1 w 1 0 0 w w w | 0 0 0 0 0 0 0 0 0 1 0 0 0 0 0 0 0 0 1 w^2 0 w w w^2 w^2 | 0 0 0 0 0 0 0 0 0 0 1 0 0 0 0 0 0 w 0 1 0 1 0 w 0 | 0 0 0 0 0 0 0 0 0 0 0 1 0 0 0 0 1 1 0 w w^2 1 0 w^2 w^2 | 0 0 0 0 0 0 0 0 0 0 0 0 1 0 0 0 0 1 w^2 w^2 w^2 w 1 0 w^2 | 0 0 0 0 0 0 0 0 0 0 0 0 0 1 0 0 1 w^2 1 w 0 w 1 0 w^2 | 0 0 0 0 0 0 0 0 0 0 0 0 0 0 1 0 w 0 w 0 1 0 w^2 0 w^2 | 0 0 0 0 0 0 0 0 0 0 0 0 0 0 0 1 w^2 0 1 w^2 1 1 w 0 1
41	[[26,7,12;17]]_2	0 w^2 1 1 0 w w w w^2 w^2 1 w^2 1 0 w^2 w^2 w w 0 1 0 0 1 w w	1	1 0 0 0 0 0 0 0 0 0 0 0 0 0 0 0 0 w 0 w w^2 w^2 w 0 w | 0 1 0 0 0 0 0 0 0 0 0 0 0 0 0 0 0 1 w^2 w 0 w^2 w 1 w^2 | 0 0 1 0 0 0 0 0 0 0 0 0 0 0 0 0 0 w^2 1 w^2 0 0 1 w^2 1 | 0 0 0 1 0 0 0 0 0 0 0 0 0 0 0 0 0 1 w 0 1 w 1 w^2 w | 0 0 0 0 1 0 0 0 0 0 0 0 0 0 0 0 0 w^2 1 1 w^2 1 1 1 w | 0 0 0 0 0 1 0 0 0 0 0 0 0 0 0 0 0 w^2 1 w^2 w 0 w^2 0 w | 0 0 0 0 0 0 1 0 0 0 0 0 0 0 0 0 0 1 0 w^2 w^2 w^2 1 1 w | 0 0 0 0 0 0 0 1 0 0 0 0 0 0 0 0 0 0 w w^2 1 w^2 0 w^2 w^2 | 0 0 0 0 0 0 0 0 1 0 0 0 0 0 0 0 0 w w w^2 1 0 w 1 w | 0 0 0 0 0 0 0 0 0 1 0 0 0 0 0 0 0 w^2 w^2 w 1 1 1 w w^2 | 0 0 0 0 0 0 0 0 0 0 1 0 0 0 0 0 0 0 w^2 w^2 1 1 1 0 1 | 0 0 0 0 0 0 0 0 0 0 0 1 0 0 0 0 0 1 0 1 0 0 w^2 1 0 | 0 0 0 0 0 0 0 0 0 0 0 0 1 0 0 0 0 0 0 0 w^2 w 1 1 1 | 0 0 0 0 0 0 0 0 0 0 0 0 0 1 0 0 0 w w^2 w w w^2 0 w^2 w | 0 0 0 0 0 0 0 0 0 0 0 0 0 0 1 0 0 w^2 0 w w w^2 w^2 1 w^2 | 0 0 0 0 0 0 0 0 0 0 0 0 0 0 0 1 0 w 0 1 w w^2 1 1 0 | 0 0 0 0 0 0 0 0 0 0 0 0 0 0 0 0 1 w^2 w^2 w^2 w 0 0 w 1
42	[[26,7,13;19]]_2	w w^2 1 w w w^2 w^2 1 w^2 0 0 0 w^2 1 1 w^2 0 0 1 w 0 1 1 w 0	1	1 0 0 0 0 0 0 0 0 0 0 0 0 0 0 0 0 0 1 w 0 w 0 1 w | 0 1 0 0 0 0 0 0 0 0 0 0 0 0 0 0 0 0 w w 1 w^2 0 w w | 0 0 1 0 0 0 0 0 0 0 0 0 0 0 0 0 0 0 w^2 1 0 w w^2 1 0 | 0 0 0 1 0 0 0 0 0 0 0 0 0 0 0 0 0 0 w w w^2 1 1 w w | 0 0 0 0 1 0 0 0 0 0 0 0 0 0 0 0 0 0 1 1 w^2 w w^2 0 w^2 | 0 0 0 0 0 1 0 0 0 0 0 0 0 0 0 0 0 0 1 w 0 w^2 w 1 0 | 0 0 0 0 0 0 1 0 0 0 0 0 0 0 0 0 0 0 w^2 0 w^2 w 1 w 1 | 0 0 0 0 0 0 0 1 0 0 0 0 0 0 0 0 0 0 1 0 w 1 w 0 0 | 0 0 0 0 0 0 0 0 1 0 0 0 0 0 0 0 0 0 w 0 w 1 w 1 w | 0 0 0 0 0 0 0 0 0 1 0 0 0 0 0 0 0 0 w 1 0 w^2 0 0 w | 0 0 0 0 0 0 0 0 0 0 1 0 0 0 0 0 0 0 1 w^2 w w w 1 0 | 0 0 0 0 0 0 0 0 0 0 0 1 0 0 0 0 0 0 w 1 w^2 w 1 w^2 1 | 0 0 0 0 0 0 0 0 0 0 0 0 1 0 0 0 0 0 w 1 0 0 w 0 0 | 0 0 0 0 0 0 0 0 0 0 0 0 0 1 0 0 0 0 w 0 w^2 1 w 1 w^2 | 0 0 0 0 0 0 0 0 0 0 0 0 0 0 1 0 0 0 w w^2 w w w^2 0 w | 0 0 0 0 0 0 0 0 0 0 0 0 0 0 0 1 0 0 w^2 1 w^2 w w^2 w 0 | 0 0 0 0 0 0 0 0 0 0 0 0 0 0 0 0 1 0 1 0 w w^2 0 1 0 | 0 0 0 0 0 0 0 0 0 0 0 0 0 0 0 0 0 1 w w w w 1 w w^2
43	[[26,8,10;14]]_2	w^2 1 0 w w w^2 w^2 0 0 w^2 1 w 0 w^2 w^2 w 1 0 w 1 w 0 1 w 1	1	1 0 0 0 0 0 0 0 0 0 0 0 0 0 w 0 1 w^2 w 1 1 w^2 0 w^2 1 | 0 1 0 0 0 0 0 0 0 0 0 0 0 0 0 0 w 1 w^2 w 0 w w w^2 w^2 | 0 0 1 0 0 0 0 0 0 0 0 0 0 0 0 0 w 1 0 w 1 w^2 w^2 w^2 w | 0 0 0 1 0 0 0 0 0 0 0 0 0 0 0 0 0 w^2 0 w 0 0 0 w^2 w^2 | 0 0 0 0 1 0 0 0 0 0 0 0 0 0 w 0 w^2 1 w w 0 0 w w w^2 | 0 0 0 0 0 1 0 0 0 0 0 0 0 0 1 0 w w 0 w^2 w^2 w^2 w w 0 | 0 0 0 0 0 0 1 0 0 0 0 0 0 0 w^2 0 1 0 w^2 1 w^2 w 0 0 w^2 | 0 0 0 0 0 0 0 1 0 0 0 0 0 0 0 0 w^2 w^2 w^2 1 w^2 w^2 w 0 0 | 0 0 0 0 0 0 0 0 1 0 0 0 0 0 0 0 1 w 1 1 w 1 1 w^2 1 | 0 0 0 0 0 0 0 0 0 1 0 0 0 0 w^2 0 0 0 w^2 1 1 w^2 w 0 1 | 0 0 0 0 0 0 0 0 0 0 1 0 0 0 0 0 w^2 w^2 w^2 0 w w w 1 0 | 0 0 0 0 0 0 0 0 0 0 0 1 0 0 w^2 0 w 0 0 1 w w^2 w 0 w | 0 0 0 0 0 0 0 0 0 0 0 0 1 0 1 0 w 0 0 w^2 0 0 w^2 w^2 w | 0 0 0 0 0 0 0 0 0 0 0 0 0 1 w^2 0 1 w^2 w 0 w^2 w^2 w^2 w^2 0 | 0 0 0 0 0 0 0 0 0 0 0 0 0 0 0 1 1 0 0 w 0 w^2 w^2 0 w^2
44	[[26,8,11;16]]_2	0 w 0 w^2 w^2 w^2 0 w^2 1 w^2 w 1 0 w w^2 w^2 1 w^2 0 1 0 0 w w w	1	1 0 0 0 0 0 0 0 0 0 0 0 0 0 0 0 w 0 0 1 1 w^2 w^2 1 w^2 | 0 1 0 0 0 0 0 0 0 0 0 0 0 0 0 0 w^2 w^2 w 0 w w^2 w^2 w^2 w | 0 0 1 0 0 0 0 0 0 0 0 0 0 0 0 0 1 0 w^2 0 w^2 w^2 0 0 w | 0 0 0 1 0 0 0 0 0 0 0 0 0 0 0 0 1 w^2 1 0 1 w 0 w^2 0 | 0 0 0 0 1 0 0 0 0 0 0 0 0 0 0 0 w 0 0 w w w w^2 w w | 0 0 0 0 0 1 0 0 0 0 0 0 0 0 0 0 0 w w^2 w w^2 0 0 w^2 w | 0 0 0 0 0 0 1 0 0 0 0 0 0 0 0 0 1 0 w^2 1 w 0 1 w w^2 | 0 0 0 0 0 0 0 1 0 0 0 0 0 0 0 0 w^2 w 0 0 w^2 1 w w^2 w | 0 0 0 0 0 0 0 0 1 0 0 0 0 0 0 0 w^2 1 w 1 0 0 w w w | 0 0 0 0 0 0 0 0 0 1 0 0 0 0 0 0 0 0 1 w^2 0 w w w^2 w^2 | 0 0 0 0 0 0 0 0 0 0 1 0 0 0 0 0 0 w 0 1 0 1 0 w 0 | 0 0 0 0 0 0 0 0 0 0 0 1 0 0 0 0 1 1 0 w w^2 1 0 w^2 w^2 | 0 0 0 0 0 0 0 0 0 0 0 0 1 0 0 0 0 1 w^2 w^2 w^2 w 1 0 w^2 | 0 0 0 0 0 0 0 0 0 0 0 0 0 1 0 0 1 w^2 1 w 0 w 1 0 w^2 | 0 0 0 0 0 0 0 0 0 0 0 0 0 0 1 0 w 0 w 0 1 0 w^2 0 w^2 | 0 0 0 0 0 0 0 0 0 0 0 0 0 0 0 1 w^2 0 1 w^2 1 1 w 0 1
45	[[26,8,12;18]]_2	w w^2 w w^2 w^2 w w^2 w^2 w^2 1 1 1 w^2 w^2 0 1 w 0 w^2 1 w w w^2 w^2 w	1	1 0 0 0 0 0 0 0 0 0 0 0 0 0 0 0 0 0 w w^2 w^2 w^2 1 1 w | 0 1 0 0 0 0 0 0 0 0 0 0 0 0 0 0 0 w^2 0 1 w^2 w^2 w^2 0 w^2 | 0 0 1 0 0 0 0 0 0 0 0 0 0 0 0 0 0 w 0 1 1 w 0 w^2 0 | 0 0 0 1 0 0 0 0 0 0 0 0 0 0 0 0 0 1 w^2 0 w^2 1 0 w 1 | 0 0 0 0 1 0 0 0 0 0 0 0 0 0 0 0 0 0 1 1 w 1 1 w 0 | 0 0 0 0 0 1 0 0 0 0 0 0 0 0 0 0 0 0 1 w^2 w w w w^2 1 | 0 0 0 0 0 0 1 0 0 0 0 0 0 0 0 0 0 w^2 1 0 w^2 w^2 w w w^2 | 0 0 0 0 0 0 0 1 0 0 0 0 0 0 0 0 0 w 0 0 0 1 w 0 w | 0 0 0 0 0 0 0 0 1 0 0 0 0 0 0 0 0 1 w w 1 0 w 0 w | 0 0 0 0 0 0 0 0 0 1 0 0 0 0 0 0 0 w^2 w w^2 0 w w 1 0 | 0 0 0 0 0 0 0 0 0 0 1 0 0 0 0 0 0 w^2 0 0 w^2 1 1 0 1 | 0 0 0 0 0 0 0 0 0 0 0 1 0 0 0 0 0 w w w 0 1 w w^2 1 | 0 0 0 0 0 0 0 0 0 0 0 0 1 0 0 0 0 w 1 1 w^2 w 1 0 w | 0 0 0 0 0 0 0 0 0 0 0 0 0 1 0 0 0 0 w w 1 w 0 0 1 | 0 0 0 0 0 0 0 0 0 0 0 0 0 0 1 0 0 w^2 w w 1 1 w^2 w^2 0 | 0 0 0 0 0 0 0 0 0 0 0 0 0 0 0 1 0 w^2 0 w w^2 w w^2 w^2 w^2 | 0 0 0 0 0 0 0 0 0 0 0 0 0 0 0 0 1 w^2 w^2 0 0 0 w^2 w^2 w^2
46	[[26,9,10;15]]_2	0 w^2 w^2 w^2 w w w^2 w 1 w^2 w w 0 0 0 w 1 w 1 w^2 w^2 0 w w 0	1	1 0 0 0 0 0 0 0 0 0 0 0 0 0 1 0 0 w w^2 w w w w 1 w | 0 1 0 0 0 0 0 0 0 0 0 0 0 0 1 0 w 1 0 w^2 0 w^2 1 w w | 0 0 1 0 0 0 0 0 0 0 0 0 0 0 0 0 w w w^2 0 0 1 1 w w | 0 0 0 1 0 0 0 0 0 0 0 0 0 0 w 0 w^2 1 1 0 0 w^2 1 0 0 | 0 0 0 0 1 0 0 0 0 0 0 0 0 0 1 0 0 w^2 1 1 w^2 w^2 1 0 0 | 0 0 0 0 0 1 0 0 0 0 0 0 0 0 1 0 0 0 w^2 w^2 w^2 1 w w w^2 | 0 0 0 0 0 0 1 0 0 0 0 0 0 0 w^2 0 1 0 w 1 0 w 0 1 w^2 | 0 0 0 0 0 0 0 1 0 0 0 0 0 0 0 0 w 0 1 0 w^2 w^2 w^2 1 w | 0 0 0 0 0 0 0 0 1 0 0 0 0 0 1 0 1 1 w w^2 1 1 w^2 0 w^2 | 0 0 0 0 0 0 0 0 0 1 0 0 0 0 1 0 w w^2 w^2 0 1 w^2 0 1 w | 0 0 0 0 0 0 0 0 0 0 1 0 0 0 1 0 1 0 w 1 0 w 0 w^2 0 | 0 0 0 0 0 0 0 0 0 0 0 1 0 0 w^2 0 w^2 1 1 w^2 0 0 0 1 1 | 0 0 0 0 0 0 0 0 0 0 0 0 1 0 1 0 w 0 1 1 1 w^2 w w^2 w^2 | 0 0 0 0 0 0 0 0 0 0 0 0 0 1 w^2 0 0 w^2 0 0 w 0 w 0 1 | 0 0 0 0 0 0 0 0 0 0 0 0 0 0 0 1 w^2 0 w^2 w^2 w^2 0 w w^2 w
47	[[26,9,11;17]]_2	1 1 w w^2 w w 0 1 w^2 w^2 w^2 1 1 1 1 w w^2 0 0 1 w^2 w w w^2 w^2	1	1 0 0 0 0 0 0 0 0 0 0 0 0 0 0 0 0 w^2 w^2 1 w w^2 0 w 1 | 0 1 0 0 0 0 0 0 0 0 0 0 0 0 0 0 1 w^2 0 w w w 1 w w | 0 0 1 0 0 0 0 0 0 0 0 0 0 0 0 0 w^2 0 w 0 w w 1 0 w | 0 0 0 1 0 0 0 0 0 0 0 0 0 0 0 0 0 w^2 w w^2 1 w^2 0 w^2 0 | 0 0 0 0 1 0 0 0 0 0 0 0 0 0 0 0 1 0 w w^2 0 w^2 w^2 w^2 w | 0 0 0 0 0 1 0 0 0 0 0 0 0 0 0 0 0 w 1 w^2 w w w 1 w^2 | 0 0 0 0 0 0 1 0 0 0 0 0 0 0 0 0 w w 0 w^2 w w 1 1 w | 0 0 0 0 0 0 0 1 0 0 0 0 0 0 0 0 1 0 w w w 1 0 w^2 0 | 0 0 0 0 0 0 0 0 1 0 0 0 0 0 0 0 0 1 w^2 w w^2 w w^2 0 1 | 0 0 0 0 0 0 0 0 0 1 0 0 0 0 0 0 w 1 1 0 1 0 w 1 0 | 0 0 0 0 0 0 0 0 0 0 1 0 0 0 0 0 0 1 0 0 w^2 w^2 0 1 w | 0 0 0 0 0 0 0 0 0 0 0 1 0 0 0 0 w^2 w^2 w w^2 0 0 w w^2 w | 0 0 0 0 0 0 0 0 0 0 0 0 1 0 0 0 1 w^2 w w^2 w^2 1 0 w w^2 | 0 0 0 0 0 0 0 0 0 0 0 0 0 1 0 0 1 w w 0 w^2 w^2 w w^2 0 | 0 0 0 0 0 0 0 0 0 0 0 0 0 0 1 0 1 1 0 0 1 w^2 w w^2 w | 0 0 0 0 0 0 0 0 0 0 0 0 0 0 0 1 0 0 1 w 1 w 1 w 1
48	[[26,10,9;14]]_2	w^2 0 w^2 w 1 w^2 0 w w 0 1 w 0 w^2 1 w^2 1 1 1 1 w^2 w 1 w^2 w	1	1 0 0 0 0 0 0 0 0 0 0 0 0 0 0 w w^2 1 w^2 1 w 0 w^2 1 1 | 0 1 0 0 0 0 0 0 0 0 0 0 0 0 1 1 1 1 w 0 w 0 w w 1 | 0 0 1 0 0 0 0 0 0 0 0 0 0 0 1 0 0 1 w^2 0 w w^2 1 0 w | 0 0 0 1 0 0 0 0 0 0 0 0 0 0 w 1 0 w w w 0 1 1 w^2 w^2 | 0 0 0 0 1 0 0 0 0 0 0 0 0 0 0 1 1 w 0 1 w^2 w^2 w 1 w^2 | 0 0 0 0 0 1 0 0 0 0 0 0 0 0 w w 1 w w 0 0 0 1 w 0 | 0 0 0 0 0 0 1 0 0 0 0 0 0 0 w w w 1 0 w^2 0 w^2 1 1 0 | 0 0 0 0 0 0 0 1 0 0 0 0 0 0 0 w 0 w 1 0 w w^2 1 w^2 w^2 | 0 0 0 0 0 0 0 0 1 0 0 0 0 0 w^2 1 w w^2 w w w 0 w w^2 1 | 0 0 0 0 0 0 0 0 0 1 0 0 0 0 0 1 0 w^2 w w^2 0 0 0 w 1 | 0 0 0 0 0 0 0 0 0 0 1 0 0 0 1 1 1 w w^2 w 0 w 1 0 0 | 0 0 0 0 0 0 0 0 0 0 0 1 0 0 w w w w 0 0 w^2 0 0 w 0 | 0 0 0 0 0 0 0 0 0 0 0 0 1 0 w^2 1 1 0 1 w w w w^2 w^2 1 | 0 0 0 0 0 0 0 0 0 0 0 0 0 1 1 1 1 w 0 w w^2 w^2 1 1 0
49	[[26,10,10;16]]_2	1 0 0 w w 1 0 w 0 w 1 1 1 1 1 0 0 0 w w 0 w 0 1 w^2	1	1 0 0 0 0 0 0 0 0 0 0 0 0 0 1 0 0 w w^2 w w w w 1 w | 0 1 0 0 0 0 0 0 0 0 0 0 0 0 1 0 w 1 0 w^2 0 w^2 1 w w | 0 0 1 0 0 0 0 0 0 0 0 0 0 0 0 0 w w w^2 0 0 1 1 w w | 0 0 0 1 0 0 0 0 0 0 0 0 0 0 w 0 w^2 1 1 0 0 w^2 1 0 0 | 0 0 0 0 1 0 0 0 0 0 0 0 0 0 1 0 0 w^2 1 1 w^2 w^2 1 0 0 | 0 0 0 0 0 1 0 0 0 0 0 0 0 0 1 0 0 0 w^2 w^2 w^2 1 w w w^2 | 0 0 0 0 0 0 1 0 0 0 0 0 0 0 w^2 0 1 0 w 1 0 w 0 1 w^2 | 0 0 0 0 0 0 0 1 0 0 0 0 0 0 0 0 w 0 1 0 w^2 w^2 w^2 1 w | 0 0 0 0 0 0 0 0 1 0 0 0 0 0 1 0 1 1 w w^2 1 1 w^2 0 w^2 | 0 0 0 0 0 0 0 0 0 1 0 0 0 0 1 0 w w^2 w^2 0 1 w^2 0 1 w | 0 0 0 0 0 0 0 0 0 0 1 0 0 0 1 0 1 0 w 1 0 w 0 w^2 0 | 0 0 0 0 0 0 0 0 0 0 0 1 0 0 w^2 0 w^2 1 1 w^2 0 0 0 1 1 | 0 0 0 0 0 0 0 0 0 0 0 0 1 0 1 0 w 0 1 1 1 w^2 w w^2 w^2 | 0 0 0 0 0 0 0 0 0 0 0 0 0 1 w^2 0 0 w^2 0 0 w 0 w 0 1 | 0 0 0 0 0 0 0 0 0 0 0 0 0 0 0 1 w^2 0 w^2 w^2 w^2 0 w w^2 w
50	[[26,11,9;15]]_2	1 1 1 1 w 0 w w^2 w w^2 w^2 0 1 w w^2 0 0 w w w 0 w^2 1 1 1	1	1 0 0 0 0 0 0 0 0 0 0 0 0 0 0 w w^2 1 w^2 1 w 0 w^2 1 1 | 0 1 0 0 0 0 0 0 0 0 0 0 0 0 1 1 1 1 w 0 w 0 w w 1 | 0 0 1 0 0 0 0 0 0 0 0 0 0 0 1 0 0 1 w^2 0 w w^2 1 0 w | 0 0 0 1 0 0 0 0 0 0 0 0 0 0 w 1 0 w w w 0 1 1 w^2 w^2 | 0 0 0 0 1 0 0 0 0 0 0 0 0 0 0 1 1 w 0 1 w^2 w^2 w 1 w^2 | 0 0 0 0 0 1 0 0 0 0 0 0 0 0 w w 1 w w 0 0 0 1 w 0 | 0 0 0 0 0 0 1 0 0 0 0 0 0 0 w w w 1 0 w^2 0 w^2 1 1 0 | 0 0 0 0 0 0 0 1 0 0 0 0 0 0 0 w 0 w 1 0 w w^2 1 w^2 w^2 | 0 0 0 0 0 0 0 0 1 0 0 0 0 0 w^2 1 w w^2 w w w 0 w w^2 1 | 0 0 0 0 0 0 0 0 0 1 0 0 0 0 0 1 0 w^2 w w^2 0 0 0 w 1 | 0 0 0 0 0 0 0 0 0 0 1 0 0 0 1 1 1 w w^2 w 0 w 1 0 0 | 0 0 0 0 0 0 0 0 0 0 0 1 0 0 w w w w 0 0 w^2 0 0 w 0 | 0 0 0 0 0 0 0 0 0 0 0 0 1 0 w^2 1 1 0 1 w w w w^2 w^2 1 | 0 0 0 0 0 0 0 0 0 0 0 0 0 1 1 1 1 w 0 w w^2 w^2 1 1 0
51	[[26,12,8;12]]_2	w 1 w w 1 w^2 w^2 1 w^2 1 1 w 1 w w^2 0 w^2 1 w w^2 w^2 1 w 1 1	1	1 0 0 0 0 0 0 0 0 0 0 0 1 w^2 w^2 w^2 w^2 w^2 1 w w^2 w^2 1 1 w^2 | 0 1 0 0 0 0 0 0 0 0 0 0 w^2 w w^2 1 w w^2 w^2 w w 1 0 1 0 | 0 0 1 0 0 0 0 0 0 0 0 0 1 w^2 w^2 0 1 0 1 w^2 1 1 0 0 w | 0 0 0 1 0 0 0 0 0 0 0 0 w 0 1 w^2 0 1 w 1 1 w^2 w w w^2 | 0 0 0 0 1 0 0 0 0 0 0 0 0 w^2 1 w^2 w w^2 0 w w^2 1 w w^2 0 | 0 0 0 0 0 1 0 0 0 0 0 0 w^2 0 1 0 1 1 1 w^2 1 w 1 w^2 w | 0 0 0 0 0 0 1 0 0 0 0 0 1 0 0 0 1 0 0 w^2 w^2 0 w w^2 w^2 | 0 0 0 0 0 0 0 1 0 0 0 0 w 1 1 w w^2 w w^2 0 w 1 w^2 w 1 | 0 0 0 0 0 0 0 0 1 0 0 0 1 1 1 w^2 0 0 0 0 w w w 0 w | 0 0 0 0 0 0 0 0 0 1 0 0 1 1 w 1 0 0 1 1 w^2 1 1 w 0 | 0 0 0 0 0 0 0 0 0 0 1 0 0 1 w 1 w^2 1 w 0 w^2 0 1 0 w | 0 0 0 0 0 0 0 0 0 0 0 1 0 w^2 w^2 1 w w^2 w^2 w^2 0 w^2 0 w^2 w^2
52	[[26,13,8;13]]_2	0 1 0 w^2 w 0 0 w^2 0 w w 1 1 w w 0 1 w w^2 0 w 0 0 w^2 w^2	1	1 0 0 0 0 0 0 0 0 0 0 0 w 0 w w 0 1 w^2 0 0 1 0 1 w | 0 1 0 0 0 0 0 0 0 0 0 0 0 w w 1 0 1 1 w 0 0 w 0 0 | 0 0 1 0 0 0 0 0 0 0 0 0 w^2 w^2 1 1 0 0 w w^2 w w^2 0 w w | 0 0 0 1 0 0 0 0 0 0 0 0 1 0 0 w^2 w^2 1 w^2 w w^2 1 w w^2 w^2 | 0 0 0 0 1 0 0 0 0 0 0 0 0 0 1 0 1 0 1 w^2 w 0 w 0 1 | 0 0 0 0 0 1 0 0 0 0 0 0 w w 0 1 1 w^2 1 1 w 1 w^2 w 0 | 0 0 0 0 0 0 1 0 0 0 0 0 1 0 0 w^2 1 0 0 1 1 w w 1 w^2 | 0 0 0 0 0 0 0 1 0 0 0 0 1 w^2 1 w w 1 1 1 w w^2 w 0 0 | 0 0 0 0 0 0 0 0 1 0 0 0 w w^2 w^2 w w 1 0 1 1 w^2 1 w w | 0 0 0 0 0 0 0 0 0 1 0 0 0 w w^2 w^2 1 1 w^2 0 w w w^2 w^2 w | 0 0 0 0 0 0 0 0 0 0 1 0 w 0 w^2 w^2 w^2 1 1 0 w 0 w w w | 0 0 0 0 0 0 0 0 0 0 0 1 w^2 w^2 1 w 0 w^2 1 w w^2 0 w^2 0 w^2
53	[[26,18,5;8]]_2	w^2 w w^2 w^2 1 0 0 1 w^2 w^2 1 w^2 w 1 1 w^2 w w^2 w^2 0 w 1 w^2 w w	1	1 0 0 0 0 0 0 1 0 w^2 w 0 w^2 w^2 1 w w^2 1 w^2 w^2 1 w^2 w 0 1 | 0 1 0 0 0 0 0 1 w^2 w w 0 w w^2 w^2 w^2 0 0 0 w w^2 0 w^2 w w^2 | 0 0 1 0 0 0 0 0 0 w^2 w^2 w^2 0 w w 0 w^2 1 0 w^2 0 w^2 w 1 0 | 0 0 0 1 0 0 0 w 0 w^2 0 w^2 w w w^2 0 w 1 0 1 w^2 w 0 w^2 0 | 0 0 0 0 1 0 0 w w^2 1 1 1 1 w^2 0 w^2 w^2 w^2 w 0 w^2 w 1 w^2 w | 0 0 0 0 0 1 0 w^2 w^2 0 0 0 w w^2 0 w^2 1 w^2 0 w 1 w^2 0 1 1 | 0 0 0 0 0 0 1 1 1 w^2 1 w w^2 0 1 0 w w 1 w^2 w^2 0 0 w^2 0
54	[[27,2,21;25]]_2	w w^2 w^2 0 w 1 w 1 w^2 1 0 0 w w^2 w w 1 w^2 1 1 w w^2 w w 0 w	1	1 0 0 0 0 0 0 0 0 0 0 0 0 0 0 0 0 0 0 0 0 0 0 0 1 1 | 0 1 0 0 0 0 0 0 0 0 0 0 0 0 0 0 0 0 0 0 0 0 0 0 1 w^2 | 0 0 1 0 0 0 0 0 0 0 0 0 0 0 0 0 0 0 0 0 0 0 0 0 w w^2 | 0 0 0 1 0 0 0 0 0 0 0 0 0 0 0 0 0 0 0 0 0 0 0 0 1 0 | 0 0 0 0 1 0 0 0 0 0 0 0 0 0 0 0 0 0 0 0 0 0 0 0 w 1 | 0 0 0 0 0 1 0 0 0 0 0 0 0 0 0 0 0 0 0 0 0 0 0 0 w^2 w | 0 0 0 0 0 0 1 0 0 0 0 0 0 0 0 0 0 0 0 0 0 0 0 0 w 1 | 0 0 0 0 0 0 0 1 0 0 0 0 0 0 0 0 0 0 0 0 0 0 0 0 0 w | 0 0 0 0 0 0 0 0 1 0 0 0 0 0 0 0 0 0 0 0 0 0 0 0 0 w^2 | 0 0 0 0 0 0 0 0 0 1 0 0 0 0 0 0 0 0 0 0 0 0 0 0 0 w | 0 0 0 0 0 0 0 0 0 0 1 0 0 0 0 0 0 0 0 0 0 0 0 0 1 0 | 0 0 0 0 0 0 0 0 0 0 0 1 0 0 0 0 0 0 0 0 0 0 0 0 w^2 0 | 0 0 0 0 0 0 0 0 0 0 0 0 1 0 0 0 0 0 0 0 0 0 0 0 w^2 1 | 0 0 0 0 0 0 0 0 0 0 0 0 0 1 0 0 0 0 0 0 0 0 0 0 1 w^2 | 0 0 0 0 0 0 0 0 0 0 0 0 0 0 1 0 0 0 0 0 0 0 0 0 w^2 1 | 0 0 0 0 0 0 0 0 0 0 0 0 0 0 0 1 0 0 0 0 0 0 0 0 0 1 | 0 0 0 0 0 0 0 0 0 0 0 0 0 0 0 0 1 0 0 0 0 0 0 0 1 w | 0 0 0 0 0 0 0 0 0 0 0 0 0 0 0 0 0 1 0 0 0 0 0 0 w^2 w^2 | 0 0 0 0 0 0 0 0 0 0 0 0 0 0 0 0 0 0 1 0 0 0 0 0 w w | 0 0 0 0 0 0 0 0 0 0 0 0 0 0 0 0 0 0 0 1 0 0 0 0 w w | 0 0 0 0 0 0 0 0 0 0 0 0 0 0 0 0 0 0 0 0 1 0 0 0 1 1 | 0 0 0 0 0 0 0 0 0 0 0 0 0 0 0 0 0 0 0 0 0 1 0 0 w w^2 | 0 0 0 0 0 0 0 0 0 0 0 0 0 0 0 0 0 0 0 0 0 0 1 0 w 1 | 0 0 0 0 0 0 0 0 0 0 0 0 0 0 0 0 0 0 0 0 0 0 0 1 1 1
55	[[27,3,19;24]]_2	w w 0 1 0 w^2 w^2 w w w^2 1 w^2 1 1 w w w 0 1 0 w 1 w 0 0 w	1	1 0 0 0 0 0 0 0 0 0 0 0 0 0 0 0 0 0 0 0 0 0 0 0 1 1 | 0 1 0 0 0 0 0 0 0 0 0 0 0 0 0 0 0 0 0 0 0 0 0 w^2 1 1 | 0 0 1 0 0 0 0 0 0 0 0 0 0 0 0 0 0 0 0 0 0 0 0 1 0 0 | 0 0 0 1 0 0 0 0 0 0 0 0 0 0 0 0 0 0 0 0 0 0 0 w 1 w | 0 0 0 0 1 0 0 0 0 0 0 0 0 0 0 0 0 0 0 0 0 0 0 w w 0 | 0 0 0 0 0 1 0 0 0 0 0 0 0 0 0 0 0 0 0 0 0 0 0 0 w w^2 | 0 0 0 0 0 0 1 0 0 0 0 0 0 0 0 0 0 0 0 0 0 0 0 w 1 w^2 | 0 0 0 0 0 0 0 1 0 0 0 0 0 0 0 0 0 0 0 0 0 0 0 1 w^2 1 | 0 0 0 0 0 0 0 0 1 0 0 0 0 0 0 0 0 0 0 0 0 0 0 1 1 1 | 0 0 0 0 0 0 0 0 0 1 0 0 0 0 0 0 0 0 0 0 0 0 0 w^2 w^2 w^2 | 0 0 0 0 0 0 0 0 0 0 1 0 0 0 0 0 0 0 0 0 0 0 0 0 1 w | 0 0 0 0 0 0 0 0 0 0 0 1 0 0 0 0 0 0 0 0 0 0 0 1 w w^2 | 0 0 0 0 0 0 0 0 0 0 0 0 1 0 0 0 0 0 0 0 0 0 0 w 0 w | 0 0 0 0 0 0 0 0 0 0 0 0 0 1 0 0 0 0 0 0 0 0 0 0 0 w | 0 0 0 0 0 0 0 0 0 0 0 0 0 0 1 0 0 0 0 0 0 0 0 1 w 1 | 0 0 0 0 0 0 0 0 0 0 0 0 0 0 0 1 0 0 0 0 0 0 0 1 w 1 | 0 0 0 0 0 0 0 0 0 0 0 0 0 0 0 0 1 0 0 0 0 0 0 w^2 w 1 | 0 0 0 0 0 0 0 0 0 0 0 0 0 0 0 0 0 1 0 0 0 0 0 w w 0 | 0 0 0 0 0 0 0 0 0 0 0 0 0 0 0 0 0 0 1 0 0 0 0 0 1 w | 0 0 0 0 0 0 0 0 0 0 0 0 0 0 0 0 0 0 0 1 0 0 0 1 w^2 0 | 0 0 0 0 0 0 0 0 0 0 0 0 0 0 0 0 0 0 0 0 1 0 0 w 0 1 | 0 0 0 0 0 0 0 0 0 0 0 0 0 0 0 0 0 0 0 0 0 1 0 1 0 w | 0 0 0 0 0 0 0 0 0 0 0 0 0 0 0 0 0 0 0 0 0 0 1 w^2 1 1
56	[[27,6,14;21]]_2	1 1 w^2 1 w 1 1 0 w^2 w w^2 w w 1 1 0 0 w^2 0 1 1 0 0 w^2 1 w^2	1	1 0 0 0 0 0 0 0 0 0 0 0 0 0 0 0 0 0 0 0 1 0 0 0 w 1 | 0 1 0 0 0 0 0 0 0 0 0 0 0 0 0 0 0 0 0 0 1 w^2 w 1 w 0 | 0 0 1 0 0 0 0 0 0 0 0 0 0 0 0 0 0 0 0 0 w^2 0 w w^2 0 0 | 0 0 0 1 0 0 0 0 0 0 0 0 0 0 0 0 0 0 0 0 1 1 w^2 w^2 w w | 0 0 0 0 1 0 0 0 0 0 0 0 0 0 0 0 0 0 0 0 w 0 1 0 w^2 1 | 0 0 0 0 0 1 0 0 0 0 0 0 0 0 0 0 0 0 0 0 w 1 w^2 0 1 1 | 0 0 0 0 0 0 1 0 0 0 0 0 0 0 0 0 0 0 0 0 0 0 w 0 w w | 0 0 0 0 0 0 0 1 0 0 0 0 0 0 0 0 0 0 0 0 1 w^2 0 w^2 0 0 | 0 0 0 0 0 0 0 0 1 0 0 0 0 0 0 0 0 0 0 0 0 w 1 0 0 1 | 0 0 0 0 0 0 0 0 0 1 0 0 0 0 0 0 0 0 0 0 w^2 1 0 1 w^2 w^2 | 0 0 0 0 0 0 0 0 0 0 1 0 0 0 0 0 0 0 0 0 w^2 1 0 w 0 1 | 0 0 0 0 0 0 0 0 0 0 0 1 0 0 0 0 0 0 0 0 0 w^2 0 w^2 0 1 | 0 0 0 0 0 0 0 0 0 0 0 0 1 0 0 0 0 0 0 0 0 w^2 0 w^2 w^2 w^2 | 0 0 0 0 0 0 0 0 0 0 0 0 0 1 0 0 0 0 0 0 1 1 1 w^2 w w | 0 0 0 0 0 0 0 0 0 0 0 0 0 0 1 0 0 0 0 0 0 1 1 w^2 w 1 | 0 0 0 0 0 0 0 0 0 0 0 0 0 0 0 1 0 0 0 0 w 1 0 w^2 0 w | 0 0 0 0 0 0 0 0 0 0 0 0 0 0 0 0 1 0 0 0 1 w^2 w^2 1 w^2 0 | 0 0 0 0 0 0 0 0 0 0 0 0 0 0 0 0 0 1 0 0 w^2 0 w^2 0 0 w^2 | 0 0 0 0 0 0 0 0 0 0 0 0 0 0 0 0 0 0 1 0 0 w 1 w^2 w^2 1 | 0 0 0 0 0 0 0 0 0 0 0 0 0 0 0 0 0 0 0 1 0 1 1 1 1 1
57	[[27,9,10;14]]_2	w 0 w^2 0 0 w w w 1 1 0 w^2 w 0 1 w w 1 0 w 0 0 w 1 0 1	1	1 0 0 0 0 0 0 0 0 0 0 0 0 0 0 w 0 1 0 1 1 1 0 0 1 0 | 0 1 0 0 0 0 0 0 0 0 0 0 0 0 0 w^2 w 1 1 1 0 w^2 0 w w^2 w^2 | 0 0 1 0 0 0 0 0 0 0 0 0 0 0 0 0 1 w^2 w w^2 0 w w w w w^2 | 0 0 0 1 0 0 0 0 0 0 0 0 0 0 0 w^2 1 w w 1 1 1 0 1 w 1 | 0 0 0 0 1 0 0 0 0 0 0 0 0 0 0 w^2 w^2 1 w^2 1 w 1 w^2 1 0 1 | 0 0 0 0 0 1 0 0 0 0 0 0 0 0 0 w 1 w^2 w^2 0 w^2 1 w w 0 1 | 0 0 0 0 0 0 1 0 0 0 0 0 0 0 0 w^2 w 0 w w^2 w 1 w 1 1 w | 0 0 0 0 0 0 0 1 0 0 0 0 0 0 0 w^2 0 w 1 w^2 w^2 0 1 0 0 w | 0 0 0 0 0 0 0 0 1 0 0 0 0 0 0 w^2 w^2 w 1 w w 1 w 0 w^2 w^2 | 0 0 0 0 0 0 0 0 0 1 0 0 0 0 0 w w^2 1 0 w^2 1 w w 1 w 1 | 0 0 0 0 0 0 0 0 0 0 1 0 0 0 0 1 0 0 1 0 0 w w^2 1 w^2 0 | 0 0 0 0 0 0 0 0 0 0 0 1 0 0 0 w w^2 1 w^2 w w 1 w w 0 w | 0 0 0 0 0 0 0 0 0 0 0 0 1 0 0 w w 0 0 w 0 0 w^2 0 w^2 0 | 0 0 0 0 0 0 0 0 0 0 0 0 0 1 0 w w w 0 1 1 1 w w w w | 0 0 0 0 0 0 0 0 0 0 0 0 0 0 1 1 w^2 w w^2 w 1 1 w w w^2 0
58	[[27,10,10;15]]_2	0 0 w 0 0 1 w^2 w^2 0 0 0 1 1 w w 0 0 0 0 w^2 w^2 1 w^2 1 w w	1	1 0 0 0 0 0 0 0 0 0 0 0 0 0 0 0 w w^2 w^2 0 1 w^2 0 1 w^2 w^2 | 0 1 0 0 0 0 0 0 0 0 0 0 0 0 0 w^2 w w 0 w w^2 0 w 1 w^2 w^2 | 0 0 1 0 0 0 0 0 0 0 0 0 0 0 0 w^2 w^2 w w w^2 w w^2 1 1 0 w | 0 0 0 1 0 0 0 0 0 0 0 0 0 0 0 1 w w 0 w w^2 0 w^2 w w 0 | 0 0 0 0 1 0 0 0 0 0 0 0 0 0 0 1 w 1 1 0 w^2 w w 1 w 0 | 0 0 0 0 0 1 0 0 0 0 0 0 0 0 0 1 0 w w^2 1 w w^2 w w^2 1 0 | 0 0 0 0 0 0 1 0 0 0 0 0 0 0 0 w 0 w^2 w^2 w 0 w^2 w w 1 0 | 0 0 0 0 0 0 0 1 0 0 0 0 0 0 0 w^2 w w 1 w^2 0 w w 1 1 0 | 0 0 0 0 0 0 0 0 1 0 0 0 0 0 0 w 0 w 1 w w^2 w 0 0 w w | 0 0 0 0 0 0 0 0 0 1 0 0 0 0 0 w^2 0 0 0 1 w 1 1 w w w | 0 0 0 0 0 0 0 0 0 0 1 0 0 0 0 0 0 w w^2 1 1 w w 1 1 1 | 0 0 0 0 0 0 0 0 0 0 0 1 0 0 0 w w 0 w w^2 w^2 w 0 w^2 w w | 0 0 0 0 0 0 0 0 0 0 0 0 1 0 0 w w 0 w^2 0 1 0 w 0 1 1 | 0 0 0 0 0 0 0 0 0 0 0 0 0 1 0 w^2 w 0 0 0 0 w 1 w w^2 1 | 0 0 0 0 0 0 0 0 0 0 0 0 0 0 1 w^2 0 w^2 1 w w w^2 1 w w^2 w^2
59	[[27,10,11;17]]_2	0 0 0 w w^2 1 w^2 w 1 1 w w 1 0 0 w 0 w^2 1 0 1 w^2 w w^2 w 0	1	1 0 0 0 0 0 0 0 0 0 0 0 0 0 0 0 0 0 1 0 1 1 0 w^2 1 1 | 0 1 0 0 0 0 0 0 0 0 0 0 0 0 0 1 0 w 1 w w^2 1 1 0 w w^2 | 0 0 1 0 0 0 0 0 0 0 0 0 0 0 0 w^2 0 0 w^2 w w^2 w^2 1 w^2 w^2 0 | 0 0 0 1 0 0 0 0 0 0 0 0 0 0 0 w^2 0 w^2 0 1 w w w^2 w w 0 | 0 0 0 0 1 0 0 0 0 0 0 0 0 0 0 1 0 0 w w^2 1 0 w^2 w w^2 w | 0 0 0 0 0 1 0 0 0 0 0 0 0 0 0 0 0 w^2 w w^2 w 0 0 w^2 w^2 w^2 | 0 0 0 0 0 0 1 0 0 0 0 0 0 0 0 1 0 w 0 1 0 w 1 0 0 1 | 0 0 0 0 0 0 0 1 0 0 0 0 0 0 0 1 0 w^2 w 0 w^2 0 w 1 w 0 | 0 0 0 0 0 0 0 0 1 0 0 0 0 0 0 w^2 0 0 w w^2 1 1 0 1 0 w | 0 0 0 0 0 0 0 0 0 1 0 0 0 0 0 0 0 0 0 1 w^2 w w^2 w w^2 0 | 0 0 0 0 0 0 0 0 0 0 1 0 0 0 0 w 0 0 0 1 w w 1 w w 1 | 0 0 0 0 0 0 0 0 0 0 0 1 0 0 0 1 0 1 1 1 w 0 0 1 1 0 | 0 0 0 0 0 0 0 0 0 0 0 0 1 0 0 1 0 w w w^2 0 0 w w^2 w^2 w^2 | 0 0 0 0 0 0 0 0 0 0 0 0 0 1 0 w^2 0 w^2 w^2 w^2 w w 0 1 1 1 | 0 0 0 0 0 0 0 0 0 0 0 0 0 0 1 0 0 w 1 1 w 0 1 0 w w | 0 0 0 0 0 0 0 0 0 0 0 0 0 0 0 0 1 1 w^2 0 w w w 0 1 0
60	[[27,11,9;12]]_2	1 1 w^2 0 1 1 1 w^2 w^2 w^2 w 0 w w w^2 w 0 w^2 w w^2 w^2 1 w^2 w w w^2	1	1 0 0 0 0 0 0 0 0 0 0 0 0 w^2 1 1 w^2 0 w^2 w w 1 w 0 w^2 0 | 0 1 0 0 0 0 0 0 0 0 0 0 0 0 w^2 1 1 w^2 0 w^2 w w 1 w 0 w^2 | 0 0 1 0 0 0 0 0 0 0 0 0 0 w^2 0 w^2 1 1 w^2 0 w^2 w w 1 w 0 | 0 0 0 1 0 0 0 0 0 0 0 0 0 0 w^2 0 w^2 1 1 w^2 0 w^2 w w 1 w | 0 0 0 0 1 0 0 0 0 0 0 0 0 w 0 w^2 0 w^2 1 1 w^2 0 w^2 w w 1 | 0 0 0 0 0 1 0 0 0 0 0 0 0 1 w 0 w^2 0 w^2 1 1 w^2 0 w^2 w w | 0 0 0 0 0 0 1 0 0 0 0 0 0 w 1 w 0 w^2 0 w^2 1 1 w^2 0 w^2 w | 0 0 0 0 0 0 0 1 0 0 0 0 0 w w 1 w 0 w^2 0 w^2 1 1 w^2 0 w^2 | 0 0 0 0 0 0 0 0 1 0 0 0 0 w^2 w w 1 w 0 w^2 0 w^2 1 1 w^2 0 | 0 0 0 0 0 0 0 0 0 1 0 0 0 0 w^2 w w 1 w 0 w^2 0 w^2 1 1 w^2 | 0 0 0 0 0 0 0 0 0 0 1 0 0 w^2 0 w^2 w w 1 w 0 w^2 0 w^2 1 1 | 0 0 0 0 0 0 0 0 0 0 0 1 0 1 w^2 0 w^2 w w 1 w 0 w^2 0 w^2 1 | 0 0 0 0 0 0 0 0 0 0 0 0 1 1 1 w^2 0 w^2 w w 1 w 0 w^2 0 w^2
61	[[27,11,10;16]]_2	1 w 1 w 0 1 1 w^2 0 w^2 1 w^2 w^2 w w w 1 w^2 1 w^2 1 1 1 0 w w	1	1 0 0 0 0 0 0 0 0 0 0 0 0 0 0 w 0 1 0 1 1 1 0 0 1 0 | 0 1 0 0 0 0 0 0 0 0 0 0 0 0 0 w^2 w 1 1 1 0 w^2 0 w w^2 w^2 | 0 0 1 0 0 0 0 0 0 0 0 0 0 0 0 0 1 w^2 w w^2 0 w w w w w^2 | 0 0 0 1 0 0 0 0 0 0 0 0 0 0 0 w^2 1 w w 1 1 1 0 1 w 1 | 0 0 0 0 1 0 0 0 0 0 0 0 0 0 0 w^2 w^2 1 w^2 1 w 1 w^2 1 0 1 | 0 0 0 0 0 1 0 0 0 0 0 0 0 0 0 w 1 w^2 w^2 0 w^2 1 w w 0 1 | 0 0 0 0 0 0 1 0 0 0 0 0 0 0 0 w^2 w 0 w w^2 w 1 w 1 1 w | 0 0 0 0 0 0 0 1 0 0 0 0 0 0 0 w^2 0 w 1 w^2 w^2 0 1 0 0 w | 0 0 0 0 0 0 0 0 1 0 0 0 0 0 0 w^2 w^2 w 1 w w 1 w 0 w^2 w^2 | 0 0 0 0 0 0 0 0 0 1 0 0 0 0 0 w w^2 1 0 w^2 1 w w 1 w 1 | 0 0 0 0 0 0 0 0 0 0 1 0 0 0 0 1 0 0 1 0 0 w w^2 1 w^2 0 | 0 0 0 0 0 0 0 0 0 0 0 1 0 0 0 w w^2 1 w^2 w w 1 w w 0 w | 0 0 0 0 0 0 0 0 0 0 0 0 1 0 0 w w 0 0 w 0 0 w^2 0 w^2 0 | 0 0 0 0 0 0 0 0 0 0 0 0 0 1 0 w w w 0 1 1 1 w w w w | 0 0 0 0 0 0 0 0 0 0 0 0 0 0 1 1 w^2 w w^2 w 1 1 w w w^2 0
62	[[27,12,9;13]]_2	w^2 1 0 w^2 1 1 w^2 w 0 1 w^2 w^2 1 w^2 w^2 w 0 w^2 w 0 0 w w^2 w^2 w w^2	1	1 0 0 0 0 0 0 0 0 0 0 0 1 0 1 w w^2 0 0 0 1 0 w^2 w^2 1 w | 0 1 0 0 0 0 0 0 0 0 0 0 1 0 w^2 1 w^2 1 w w w^2 w^2 1 w 0 1 | 0 0 1 0 0 0 0 0 0 0 0 0 1 0 0 0 w^2 w 0 w^2 w w 1 w^2 w w^2 | 0 0 0 1 0 0 0 0 0 0 0 0 1 0 w 1 0 0 1 w^2 1 1 w 1 1 w^2 | 0 0 0 0 1 0 0 0 0 0 0 0 1 0 w w^2 1 w^2 w^2 w 1 w 1 w w^2 0 | 0 0 0 0 0 1 0 0 0 0 0 0 1 0 1 0 0 1 w^2 w^2 w^2 1 1 w w^2 1 | 0 0 0 0 0 0 1 0 0 0 0 0 1 0 0 w w 1 0 w w^2 w w^2 w^2 w 0 | 0 0 0 0 0 0 0 1 0 0 0 0 1 0 1 w 1 w 1 0 w^2 w^2 1 0 w 0 | 0 0 0 0 0 0 0 0 1 0 0 0 1 0 1 w^2 1 1 w 1 1 w^2 0 w 1 0 | 0 0 0 0 0 0 0 0 0 1 0 0 1 0 1 w^2 0 1 1 w 0 1 0 w^2 w^2 w^2 | 0 0 0 0 0 0 0 0 0 0 1 0 1 0 w 0 w^2 w^2 w w 0 w^2 1 0 1 w | 0 0 0 0 0 0 0 0 0 0 0 1 1 0 w^2 w 1 1 1 0 1 w w 0 w^2 1 | 0 0 0 0 0 0 0 0 0 0 0 0 0 1 1 1 1 1 1 1 1 1 1 1 1 1
63	[[27,13,9;14]]_2	w 0 1 w^2 0 1 w^2 w 1 1 1 0 w w 1 w w w w w^2 0 0 w w^2 1 0	1	1 0 0 0 0 0 0 0 0 0 0 0 1 0 1 w w^2 0 0 0 1 0 w^2 w^2 1 w | 0 1 0 0 0 0 0 0 0 0 0 0 1 0 w^2 1 w^2 1 w w w^2 w^2 1 w 0 1 | 0 0 1 0 0 0 0 0 0 0 0 0 1 0 0 0 w^2 w 0 w^2 w w 1 w^2 w w^2 | 0 0 0 1 0 0 0 0 0 0 0 0 1 0 w 1 0 0 1 w^2 1 1 w 1 1 w^2 | 0 0 0 0 1 0 0 0 0 0 0 0 1 0 w w^2 1 w^2 w^2 w 1 w 1 w w^2 0 | 0 0 0 0 0 1 0 0 0 0 0 0 1 0 1 0 0 1 w^2 w^2 w^2 1 1 w w^2 1 | 0 0 0 0 0 0 1 0 0 0 0 0 1 0 0 w w 1 0 w w^2 w w^2 w^2 w 0 | 0 0 0 0 0 0 0 1 0 0 0 0 1 0 1 w 1 w 1 0 w^2 w^2 1 0 w 0 | 0 0 0 0 0 0 0 0 1 0 0 0 1 0 1 w^2 1 1 w 1 1 w^2 0 w 1 0 | 0 0 0 0 0 0 0 0 0 1 0 0 1 0 1 w^2 0 1 1 w 0 1 0 w^2 w^2 w^2 | 0 0 0 0 0 0 0 0 0 0 1 0 1 0 w 0 w^2 w^2 w w 0 w^2 1 0 1 w | 0 0 0 0 0 0 0 0 0 0 0 1 1 0 w^2 w 1 1 1 0 1 w w 0 w^2 1 | 0 0 0 0 0 0 0 0 0 0 0 0 0 1 1 1 1 1 1 1 1 1 1 1 1 1
64	[[27,15,7;12]]_2	w 0 1 w 0 w^2 0 0 0 w^2 1 0 0 1 w^2 w 0 1 w 0 w 0 0 w^2 w 1	1	1 0 0 0 0 0 0 0 0 0 0 w 0 0 1 0 0 w^2 1 w w 0 0 0 w 1 | 0 1 0 0 0 0 0 0 0 0 0 0 1 1 w w^2 1 1 1 0 0 w 1 0 w^2 1 | 0 0 1 0 0 0 0 0 0 0 0 w 0 1 0 w w^2 w 0 w^2 w 0 w 1 w w | 0 0 0 1 0 0 0 0 0 0 0 0 1 w w^2 w w^2 w 0 1 1 w 1 w w 1 | 0 0 0 0 1 0 0 0 0 0 0 w 1 1 0 0 0 w 0 0 0 1 0 1 1 w | 0 0 0 0 0 1 0 0 0 0 0 w 0 w 1 1 w^2 0 w 1 w^2 0 w 0 1 w | 0 0 0 0 0 0 1 0 0 0 0 0 w w w 1 1 w^2 0 w 1 w^2 0 w 0 1 | 0 0 0 0 0 0 0 1 0 0 0 w^2 0 1 0 w 1 0 1 w^2 1 1 w^2 0 1 w | 0 0 0 0 0 0 0 0 1 0 0 0 0 w w^2 w w^2 0 w 0 1 1 0 w^2 w^2 w | 0 0 0 0 0 0 0 0 0 1 0 0 w^2 w 0 1 w^2 w w w^2 w 1 0 0 0 0 | 0 0 0 0 0 0 0 0 0 0 1 1 w^2 0 w^2 w 0 0 w^2 w 0 w 0 0 w 0
65	[[27,17,6;10]]_2	w^2 1 w^2 0 0 w 1 0 0 1 0 1 w^2 w^2 w 1 w^2 0 w^2 w^2 w 1 w 0 w 0	1	1 0 0 0 0 0 0 0 0 0 1 0 0 w^2 w^2 0 w 0 1 1 0 w w w w 0 | 0 1 0 0 0 0 0 0 0 0 0 1 0 0 w^2 w^2 0 w 0 1 1 0 w w w w | 0 0 1 0 0 0 0 0 w^2 0 w w^2 w^2 0 w^2 0 0 1 0 w^2 0 w^2 0 w w^2 w | 0 0 0 1 0 0 0 0 w^2 0 1 1 w 0 1 1 w w w^2 0 w^2 w w^2 0 w 1 | 0 0 0 0 1 0 0 0 1 0 1 0 1 1 0 1 w^2 w^2 0 0 w^2 w 0 1 1 0 | 0 0 0 0 0 1 0 0 w^2 0 w^2 w w^2 w 1 1 0 w^2 1 w w^2 1 w 0 w w | 0 0 0 0 0 0 1 0 0 0 w^2 w^2 1 w 0 0 0 w^2 w^2 w w^2 w^2 1 w 1 0 | 0 0 0 0 0 0 0 1 0 0 1 w^2 w^2 w^2 1 0 w 0 w w w 1 1 w^2 0 1 | 0 0 0 0 0 0 0 0 0 1 0 0 1 w^2 0 w 0 1 1 0 w w w w 0 w^2
66	[[27,18,5;7]]_2	w^2 w^2 w^2 0 0 1 1 w^2 1 0 0 w^2 0 w^2 1 w^2 1 w^2 w^2 w^2 0 w^2 w^2 w w^2 w	1	1 0 0 0 0 0 0 1 1 1 w w^2 w w w w w w 0 w 0 w w^2 1 0 w | 0 1 0 0 0 0 0 w 0 0 0 w^2 w^2 w 1 0 1 w^2 0 0 1 0 w^2 w^2 0 w | 0 0 1 0 0 0 0 w^2 w 0 w^2 w 1 0 w^2 1 1 w 1 w w^2 w^2 w w w 0 | 0 0 0 1 0 0 0 1 w w^2 w 0 0 w w 1 w^2 w^2 w w^2 w 1 0 w^2 w 0 | 0 0 0 0 1 0 0 0 0 w^2 0 w 1 1 w 0 1 0 0 w^2 w w^2 1 w^2 1 0 | 0 0 0 0 0 1 0 1 w^2 w^2 0 w^2 w 0 w^2 w^2 w w 1 0 1 w 0 1 0 0 | 0 0 0 0 0 0 1 w w 0 w^2 1 1 w w^2 w 0 w 1 w^2 1 w^2 w^2 1 w^2 1
67	[[27,19,5;8]]_2	0 1 1 w^2 1 w w^2 w^2 1 1 1 w w w^2 w w^2 1 w^2 w 1 0 w^2 w^2 0 w^2 w^2	1	1 0 0 0 0 0 0 1 1 1 w w^2 w w w w w w 0 w 0 w w^2 1 0 w | 0 1 0 0 0 0 0 w 0 0 0 w^2 w^2 w 1 0 1 w^2 0 0 1 0 w^2 w^2 0 w | 0 0 1 0 0 0 0 w^2 w 0 w^2 w 1 0 w^2 1 1 w 1 w w^2 w^2 w w w 0 | 0 0 0 1 0 0 0 1 w w^2 w 0 0 w w 1 w^2 w^2 w w^2 w 1 0 w^2 w 0 | 0 0 0 0 1 0 0 0 0 w^2 0 w 1 1 w 0 1 0 0 w^2 w w^2 1 w^2 1 0 | 0 0 0 0 0 1 0 1 w^2 w^2 0 w^2 w 0 w^2 w^2 w w 1 0 1 w 0 1 0 0 | 0 0 0 0 0 0 1 w w 0 w^2 1 1 w w^2 w 0 w 1 w^2 1 w^2 w^2 1 w^2 1
68	[[28,2,22;26]]_2	1 0 1 w^2 1 w^2 1 w 1 0 1 w w^2 w^2 1 1 0 1 0 1 w^2 1 1 1 w^2 w 0	1	1 0 0 0 0 0 0 0 0 0 0 0 0 0 0 0 0 0 0 0 0 0 0 0 0 w 0 | 0 1 0 0 0 0 0 0 0 0 0 0 0 0 0 0 0 0 0 0 0 0 0 0 0 0 w^2 | 0 0 1 0 0 0 0 0 0 0 0 0 0 0 0 0 0 0 0 0 0 0 0 0 0 w w | 0 0 0 1 0 0 0 0 0 0 0 0 0 0 0 0 0 0 0 0 0 0 0 0 0 w^2 w | 0 0 0 0 1 0 0 0 0 0 0 0 0 0 0 0 0 0 0 0 0 0 0 0 0 w w^2 | 0 0 0 0 0 1 0 0 0 0 0 0 0 0 0 0 0 0 0 0 0 0 0 0 0 w^2 w | 0 0 0 0 0 0 1 0 0 0 0 0 0 0 0 0 0 0 0 0 0 0 0 0 0 w w^2 | 0 0 0 0 0 0 0 1 0 0 0 0 0 0 0 0 0 0 0 0 0 0 0 0 0 1 1 | 0 0 0 0 0 0 0 0 1 0 0 0 0 0 0 0 0 0 0 0 0 0 0 0 0 w w | 0 0 0 0 0 0 0 0 0 1 0 0 0 0 0 0 0 0 0 0 0 0 0 0 0 0 w^2 | 0 0 0 0 0 0 0 0 0 0 1 0 0 0 0 0 0 0 0 0 0 0 0 0 0 w w | 0 0 0 0 0 0 0 0 0 0 0 1 0 0 0 0 0 0 0 0 0 0 0 0 0 1 0 | 0 0 0 0 0 0 0 0 0 0 0 0 1 0 0 0 0 0 0 0 0 0 0 0 0 w^2 w | 0 0 0 0 0 0 0 0 0 0 0 0 0 1 0 0 0 0 0 0 0 0 0 0 0 w^2 1 | 0 0 0 0 0 0 0 0 0 0 0 0 0 0 1 0 0 0 0 0 0 0 0 0 0 w w^2 | 0 0 0 0 0 0 0 0 0 0 0 0 0 0 0 1 0 0 0 0 0 0 0 0 0 w 0 | 0 0 0 0 0 0 0 0 0 0 0 0 0 0 0 0 1 0 0 0 0 0 0 0 0 0 1 | 0 0 0 0 0 0 0 0 0 0 0 0 0 0 0 0 0 1 0 0 0 0 0 0 0 w 0 | 0 0 0 0 0 0 0 0 0 0 0 0 0 0 0 0 0 0 1 0 0 0 0 0 0 0 1 | 0 0 0 0 0 0 0 0 0 0 0 0 0 0 0 0 0 0 0 1 0 0 0 0 0 w 1 | 0 0 0 0 0 0 0 0 0 0 0 0 0 0 0 0 0 0 0 0 1 0 0 0 0 w^2 1 | 0 0 0 0 0 0 0 0 0 0 0 0 0 0 0 0 0 0 0 0 0 1 0 0 0 w w^2 | 0 0 0 0 0 0 0 0 0 0 0 0 0 0 0 0 0 0 0 0 0 0 1 0 0 w w | 0 0 0 0 0 0 0 0 0 0 0 0 0 0 0 0 0 0 0 0 0 0 0 1 0 w 0 | 0 0 0 0 0 0 0 0 0 0 0 0 0 0 0 0 0 0 0 0 0 0 0 0 1 w^2 w
69	[[28,6,15;22]]_2	1 w^2 w w 0 1 w 0 w^2 1 1 w 0 w^2 w^2 w^2 w 1 w 0 1 w^2 w 1 0 w^2 1	1	1 0 0 0 0 0 0 0 0 0 0 0 0 0 0 0 0 0 0 0 0 1 w^2 w 1 w^2 w | 0 1 0 0 0 0 0 0 0 0 0 0 0 0 0 0 0 0 0 0 0 w w^2 1 w^2 w 1 | 0 0 1 0 0 0 0 0 0 0 0 0 0 0 0 0 0 0 0 0 0 w 1 1 w^2 w^2 w^2 | 0 0 0 1 0 0 0 0 0 0 0 0 0 0 0 0 0 0 0 0 0 0 w^2 w^2 1 1 0 | 0 0 0 0 1 0 0 0 0 0 0 0 0 0 0 0 0 0 0 0 0 0 1 w 1 1 w^2 | 0 0 0 0 0 1 0 0 0 0 0 0 0 0 0 0 0 0 0 0 0 1 w w 1 w^2 1 | 0 0 0 0 0 0 1 0 0 0 0 0 0 0 0 0 0 0 0 0 0 w w w 0 w 0 | 0 0 0 0 0 0 0 1 0 0 0 0 0 0 0 0 0 0 0 0 0 0 0 w^2 w^2 1 1 | 0 0 0 0 0 0 0 0 1 0 0 0 0 0 0 0 0 0 0 0 0 1 1 1 0 0 w | 0 0 0 0 0 0 0 0 0 1 0 0 0 0 0 0 0 0 0 0 0 0 w^2 0 w w^2 w | 0 0 0 0 0 0 0 0 0 0 1 0 0 0 0 0 0 0 0 0 0 0 0 w^2 1 w 1 | 0 0 0 0 0 0 0 0 0 0 0 1 0 0 0 0 0 0 0 0 0 w w^2 0 0 1 0 | 0 0 0 0 0 0 0 0 0 0 0 0 1 0 0 0 0 0 0 0 0 w^2 w^2 0 w^2 1 1 | 0 0 0 0 0 0 0 0 0 0 0 0 0 1 0 0 0 0 0 0 0 w w w w 1 0 | 0 0 0 0 0 0 0 0 0 0 0 0 0 0 1 0 0 0 0 0 0 w^2 0 w^2 1 w w^2 | 0 0 0 0 0 0 0 0 0 0 0 0 0 0 0 1 0 0 0 0 0 w^2 1 1 0 0 1 | 0 0 0 0 0 0 0 0 0 0 0 0 0 0 0 0 1 0 0 0 0 w^2 1 w 0 0 w^2 | 0 0 0 0 0 0 0 0 0 0 0 0 0 0 0 0 0 1 0 0 0 w 0 w w^2 w w^2 | 0 0 0 0 0 0 0 0 0 0 0 0 0 0 0 0 0 0 1 0 0 1 0 w^2 w w 1 | 0 0 0 0 0 0 0 0 0 0 0 0 0 0 0 0 0 0 0 1 0 0 1 1 0 w^2 w^2 | 0 0 0 0 0 0 0 0 0 0 0 0 0 0 0 0 0 0 0 0 1 0 0 w 0 w^2 w
70	[[28,7,14;21]]_2	0 w^2 0 w^2 w w^2 w 1 w^2 0 0 1 w^2 w^2 1 0 1 w^2 w 1 0 w 0 w^2 w^2 w 0	1	1 0 0 0 0 0 0 0 0 0 0 0 0 0 0 0 0 0 0 w^2 0 w^2 1 w^2 w w^2 w | 0 1 0 0 0 0 0 0 0 0 0 0 0 0 0 0 0 0 0 1 0 0 0 1 0 w^2 w | 0 0 1 0 0 0 0 0 0 0 0 0 0 0 0 0 0 0 0 1 0 0 0 0 w 1 w^2 | 0 0 0 1 0 0 0 0 0 0 0 0 0 0 0 0 0 0 0 1 0 w 0 w w^2 w^2 0 | 0 0 0 0 1 0 0 0 0 0 0 0 0 0 0 0 0 0 0 w 0 0 w^2 w w^2 1 0 | 0 0 0 0 0 1 0 0 0 0 0 0 0 0 0 0 0 0 0 0 0 0 w w^2 0 w 1 | 0 0 0 0 0 0 1 0 0 0 0 0 0 0 0 0 0 0 0 1 0 1 0 w^2 w w w | 0 0 0 0 0 0 0 1 0 0 0 0 0 0 0 0 0 0 0 1 0 w^2 0 1 w 0 0 | 0 0 0 0 0 0 0 0 1 0 0 0 0 0 0 0 0 0 0 1 0 1 w^2 w 0 0 w^2 | 0 0 0 0 0 0 0 0 0 1 0 0 0 0 0 0 0 0 0 w^2 0 w 0 w^2 1 1 w | 0 0 0 0 0 0 0 0 0 0 1 0 0 0 0 0 0 0 0 0 0 0 1 w w 0 1 | 0 0 0 0 0 0 0 0 0 0 0 1 0 0 0 0 0 0 0 0 0 w w 1 w w w^2 | 0 0 0 0 0 0 0 0 0 0 0 0 1 0 0 0 0 0 0 0 0 w 0 w^2 1 w^2 1 | 0 0 0 0 0 0 0 0 0 0 0 0 0 1 0 0 0 0 0 w 0 w w 1 0 1 w | 0 0 0 0 0 0 0 0 0 0 0 0 0 0 1 0 0 0 0 0 0 w^2 w 1 w 0 w^2 | 0 0 0 0 0 0 0 0 0 0 0 0 0 0 0 1 0 0 0 0 0 1 w^2 1 1 1 w^2 | 0 0 0 0 0 0 0 0 0 0 0 0 0 0 0 0 1 0 0 w^2 0 w w^2 1 w^2 w^2 w^2 | 0 0 0 0 0 0 0 0 0 0 0 0 0 0 0 0 0 1 0 w 0 0 w w^2 0 0 0 | 0 0 0 0 0 0 0 0 0 0 0 0 0 0 0 0 0 0 1 w^2 0 w^2 0 w 1 w^2 w | 0 0 0 0 0 0 0 0 0 0 0 0 0 0 0 0 0 0 0 0 1 w^2 w 0 w^2 1 0
71	[[28,8,13;20]]_2	w 0 0 0 w^2 w 1 w^2 1 0 w w w^2 0 w 0 0 w^2 w^2 w 0 0 w^2 0 0 w^2 1	1	1 0 0 0 0 0 0 0 0 0 0 0 0 0 0 0 0 0 0 w^2 0 w 0 w w w^2 0 | 0 1 0 0 0 0 0 0 0 0 0 0 0 0 0 0 0 0 0 0 w w^2 w^2 w w^2 0 1 | 0 0 1 0 0 0 0 0 0 0 0 0 0 0 0 0 0 0 0 w^2 1 0 w w 0 w w | 0 0 0 1 0 0 0 0 0 0 0 0 0 0 0 0 0 0 0 w w^2 0 w^2 1 1 w^2 1 | 0 0 0 0 1 0 0 0 0 0 0 0 0 0 0 0 0 0 0 w 1 w^2 w^2 w w w 1 | 0 0 0 0 0 1 0 0 0 0 0 0 0 0 0 0 0 0 0 0 0 0 0 w^2 w^2 w 0 | 0 0 0 0 0 0 1 0 0 0 0 0 0 0 0 0 0 0 0 1 0 w^2 1 1 w^2 w^2 1 | 0 0 0 0 0 0 0 1 0 0 0 0 0 0 0 0 0 0 0 1 w 1 0 w^2 0 0 1 | 0 0 0 0 0 0 0 0 1 0 0 0 0 0 0 0 0 0 0 1 w^2 0 w^2 w^2 0 0 w^2 | 0 0 0 0 0 0 0 0 0 1 0 0 0 0 0 0 0 0 0 w^2 w w w w^2 w 1 w^2 | 0 0 0 0 0 0 0 0 0 0 1 0 0 0 0 0 0 0 0 w 0 w^2 w 1 w w^2 0 | 0 0 0 0 0 0 0 0 0 0 0 1 0 0 0 0 0 0 0 1 w^2 w^2 1 w 1 0 w | 0 0 0 0 0 0 0 0 0 0 0 0 1 0 0 0 0 0 0 1 w 0 w^2 0 0 w^2 1 | 0 0 0 0 0 0 0 0 0 0 0 0 0 1 0 0 0 0 0 0 0 w w w 1 1 1 | 0 0 0 0 0 0 0 0 0 0 0 0 0 0 1 0 0 0 0 w 1 w w 1 0 0 1 | 0 0 0 0 0 0 0 0 0 0 0 0 0 0 0 1 0 0 0 w^2 w^2 w^2 w^2 0 1 1 1 | 0 0 0 0 0 0 0 0 0 0 0 0 0 0 0 0 1 0 0 1 w 0 1 1 w w^2 0 | 0 0 0 0 0 0 0 0 0 0 0 0 0 0 0 0 0 1 0 w^2 1 1 w^2 0 1 1 w^2 | 0 0 0 0 0 0 0 0 0 0 0 0 0 0 0 0 0 0 1 w 1 0 w^2 w^2 w 1 0
72	[[28,9,12;19]]_2	1 w 0 1 1 1 w^2 0 1 0 w w w 0 w w^2 1 w 1 1 w^2 1 1 1 0 w 1	1	1 0 0 0 0 0 0 0 0 0 0 0 0 0 0 0 0 w 0 0 w^2 w^2 w 1 w^2 1 w | 0 1 0 0 0 0 0 0 0 0 0 0 0 0 0 0 0 w^2 w^2 0 w 0 w^2 w w 1 w^2 | 0 0 1 0 0 0 0 0 0 0 0 0 0 0 0 0 0 w 1 0 w 1 0 w 1 0 0 | 0 0 0 1 0 0 0 0 0 0 0 0 0 0 0 0 0 w w 0 0 1 w^2 0 0 1 w^2 | 0 0 0 0 1 0 0 0 0 0 0 0 0 0 0 0 0 w^2 1 0 0 w 1 w^2 1 w^2 0 | 0 0 0 0 0 1 0 0 0 0 0 0 0 0 0 0 0 w^2 w 0 1 0 w^2 0 w 0 0 | 0 0 0 0 0 0 1 0 0 0 0 0 0 0 0 0 0 w 1 0 w^2 w w 0 1 w^2 1 | 0 0 0 0 0 0 0 1 0 0 0 0 0 0 0 0 0 w 1 0 w w^2 0 1 0 1 w | 0 0 0 0 0 0 0 0 1 0 0 0 0 0 0 0 0 1 w 0 w w^2 1 w^2 0 w^2 0 | 0 0 0 0 0 0 0 0 0 1 0 0 0 0 0 0 0 w w 0 0 w w^2 w^2 w^2 w^2 w^2 | 0 0 0 0 0 0 0 0 0 0 1 0 0 0 0 0 0 1 w^2 0 1 1 w^2 1 w w^2 0 | 0 0 0 0 0 0 0 0 0 0 0 1 0 0 0 0 0 w^2 1 0 1 w w^2 w^2 1 1 w^2 | 0 0 0 0 0 0 0 0 0 0 0 0 1 0 0 0 0 w w^2 0 w^2 1 w^2 1 1 w w | 0 0 0 0 0 0 0 0 0 0 0 0 0 1 0 0 0 w^2 w 0 0 1 0 1 w^2 w 1 | 0 0 0 0 0 0 0 0 0 0 0 0 0 0 1 0 0 1 w^2 0 1 1 1 0 w 0 1 | 0 0 0 0 0 0 0 0 0 0 0 0 0 0 0 1 0 w^2 1 0 1 w 0 0 w^2 w^2 w^2 | 0 0 0 0 0 0 0 0 0 0 0 0 0 0 0 0 1 w^2 1 0 0 w w^2 w w^2 1 w | 0 0 0 0 0 0 0 0 0 0 0 0 0 0 0 0 0 0 0 1 w^2 w w^2 w w^2 1 0
73	[[28,11,10;15]]_2	w 0 w w 0 w^2 w 1 w 1 w 1 w 0 1 w w 1 w 0 0 1 1 0 1 w^2 1	1	1 0 0 0 0 0 0 0 0 0 0 0 w^2 0 0 0 0 w^2 0 1 w 0 w^2 w w^2 1 0 | 0 1 0 0 0 0 0 0 0 0 0 0 1 0 0 0 0 1 w^2 1 1 0 w 1 1 0 w^2 | 0 0 1 0 0 0 0 0 0 0 0 0 1 0 0 0 w 1 w^2 0 w 1 0 w 0 1 1 | 0 0 0 1 0 0 0 0 0 0 0 0 1 0 0 0 w w 1 w 0 w w w^2 0 1 w | 0 0 0 0 1 0 0 0 0 0 0 0 1 0 0 0 w 1 0 1 0 w^2 0 w^2 w^2 0 w^2 | 0 0 0 0 0 1 0 0 0 0 0 0 w 0 0 0 0 1 0 1 w^2 1 1 0 w^2 w^2 0 | 0 0 0 0 0 0 1 0 0 0 0 0 w^2 0 0 0 w w w^2 w^2 w 1 1 w^2 1 1 w^2 | 0 0 0 0 0 0 0 1 0 0 0 0 0 0 0 0 0 1 0 1 0 w w 0 1 0 1 | 0 0 0 0 0 0 0 0 1 0 0 0 w^2 0 0 0 1 0 w w^2 w 0 w^2 1 1 w w | 0 0 0 0 0 0 0 0 0 1 0 0 1 0 0 0 w^2 w w w^2 0 1 1 w^2 w w w | 0 0 0 0 0 0 0 0 0 0 1 0 w^2 0 0 0 w^2 w^2 0 w 1 1 w^2 1 w^2 0 1 | 0 0 0 0 0 0 0 0 0 0 0 1 w^2 0 0 0 w w^2 1 1 w^2 w 0 w w^2 w 0 | 0 0 0 0 0 0 0 0 0 0 0 0 0 1 0 0 0 w^2 0 1 0 1 w^2 w w^2 w^2 w^2 | 0 0 0 0 0 0 0 0 0 0 0 0 0 0 1 0 w w 0 1 0 w^2 1 1 0 1 w | 0 0 0 0 0 0 0 0 0 0 0 0 0 0 0 1 w 1 w w 0 w w w 1 0 w^2
74	[[28,14,7;10]]_2	w^2 0 w^2 w^2 1 w 0 w^2 w^2 1 w^2 w 1 w^2 1 0 w^2 0 0 w w 0 0 w^2 1 w^2 0	1	1 0 0 0 0 0 0 0 0 0 0 0 w w^2 w^2 w 0 1 w w^2 w^2 1 0 1 0 0 w | 0 1 0 0 0 0 0 0 0 0 0 w 0 w^2 w^2 1 w 1 0 0 0 w w w^2 1 0 w^2 | 0 0 1 0 0 0 0 0 0 0 0 w^2 0 0 0 w^2 w 0 1 w 0 1 w w w w w | 0 0 0 1 0 0 0 0 0 0 0 w w^2 0 0 w 1 w 0 w w 1 w w 0 w^2 w | 0 0 0 0 1 0 0 0 0 0 0 w^2 0 1 w w 0 0 0 1 w^2 0 w w^2 1 1 w^2 | 0 0 0 0 0 1 0 0 0 0 0 1 1 w 0 0 0 0 w 1 w^2 1 1 1 w^2 1 w^2 | 0 0 0 0 0 0 1 0 0 0 0 w w w 0 w^2 w^2 w^2 w w 1 0 w^2 0 w w^2 0 | 0 0 0 0 0 0 0 1 0 0 0 w w^2 w^2 0 w w w 1 w 0 1 w^2 1 w w 0 | 0 0 0 0 0 0 0 0 1 0 0 1 w w w^2 w^2 w w w w^2 w^2 w 1 w 1 1 0 | 0 0 0 0 0 0 0 0 0 1 0 1 0 0 w^2 w 0 w w^2 w^2 w^2 1 0 0 w^2 1 0 | 0 0 0 0 0 0 0 0 0 0 1 1 w w^2 1 w^2 w w w w^2 0 w^2 1 w^2 0 w 1
75	[[28,15,7;11]]_2	0 1 w 1 w 0 1 w w 1 w 0 w 1 0 w^2 0 w^2 w w 1 0 w 0 w^2 w w^2	1	1 0 0 0 0 0 0 0 0 0 0 0 w w^2 w^2 w 0 1 w w^2 w^2 1 0 1 0 0 w | 0 1 0 0 0 0 0 0 0 0 0 w 0 w^2 w^2 1 w 1 0 0 0 w w w^2 1 0 w^2 | 0 0 1 0 0 0 0 0 0 0 0 w^2 0 0 0 w^2 w 0 1 w 0 1 w w w w w | 0 0 0 1 0 0 0 0 0 0 0 w w^2 0 0 w 1 w 0 w w 1 w w 0 w^2 w | 0 0 0 0 1 0 0 0 0 0 0 w^2 0 1 w w 0 0 0 1 w^2 0 w w^2 1 1 w^2 | 0 0 0 0 0 1 0 0 0 0 0 1 1 w 0 0 0 0 w 1 w^2 1 1 1 w^2 1 w^2 | 0 0 0 0 0 0 1 0 0 0 0 w w w 0 w^2 w^2 w^2 w w 1 0 w^2 0 w w^2 0 | 0 0 0 0 0 0 0 1 0 0 0 w w^2 w^2 0 w w w 1 w 0 1 w^2 1 w w 0 | 0 0 0 0 0 0 0 0 1 0 0 1 w w w^2 w^2 w w w w^2 w^2 w 1 w 1 1 0 | 0 0 0 0 0 0 0 0 0 1 0 1 0 0 w^2 w 0 w w^2 w^2 w^2 1 0 0 w^2 1 0 | 0 0 0 0 0 0 0 0 0 0 1 1 w w^2 1 w^2 w w w w^2 0 w^2 1 w^2 0 w 1
76	[[28,16,7;12]]_2	1 1 0 w^2 1 1 0 0 0 1 0 0 0 1 0 0 w^2 w 0 1 w w^2 0 w 0 1 1	1	1 0 0 0 0 0 0 0 0 0 0 0 w w^2 w^2 w 0 1 w w^2 w^2 1 0 1 0 0 w | 0 1 0 0 0 0 0 0 0 0 0 w 0 w^2 w^2 1 w 1 0 0 0 w w w^2 1 0 w^2 | 0 0 1 0 0 0 0 0 0 0 0 w^2 0 0 0 w^2 w 0 1 w 0 1 w w w w w | 0 0 0 1 0 0 0 0 0 0 0 w w^2 0 0 w 1 w 0 w w 1 w w 0 w^2 w | 0 0 0 0 1 0 0 0 0 0 0 w^2 0 1 w w 0 0 0 1 w^2 0 w w^2 1 1 w^2 | 0 0 0 0 0 1 0 0 0 0 0 1 1 w 0 0 0 0 w 1 w^2 1 1 1 w^2 1 w^2 | 0 0 0 0 0 0 1 0 0 0 0 w w w 0 w^2 w^2 w^2 w w 1 0 w^2 0 w w^2 0 | 0 0 0 0 0 0 0 1 0 0 0 w w^2 w^2 0 w w w 1 w 0 1 w^2 1 w w 0 | 0 0 0 0 0 0 0 0 1 0 0 1 w w w^2 w^2 w w w w^2 w^2 w 1 w 1 1 0 | 0 0 0 0 0 0 0 0 0 1 0 1 0 0 w^2 w 0 w w^2 w^2 w^2 1 0 0 w^2 1 0 | 0 0 0 0 0 0 0 0 0 0 1 1 w w^2 1 w^2 w w w w^2 0 w^2 1 w^2 0 w 1
77	[[28,17,6;9]]_2	0 w^2 0 0 0 0 1 1 0 w^2 1 1 w 0 1 w^2 w 0 1 w w^2 0 1 0 1 0 w^2	1	1 0 0 0 0 0 0 0 0 1 w^2 w^2 w 1 0 w 0 0 1 w 1 w w^2 w 1 w^2 0 | 0 1 0 0 0 0 0 0 0 w w 1 0 1 w w 0 w w^2 w^2 0 w^2 w w w^2 w^2 w | 0 0 1 0 0 0 0 0 0 w 0 1 w^2 1 1 w w^2 w^2 w^2 w^2 1 1 w 0 w^2 1 1 | 0 0 0 1 0 0 0 0 0 1 w w w^2 w^2 w^2 w^2 1 0 w^2 0 1 w w 0 0 0 1 | 0 0 0 0 1 0 0 0 0 w 1 0 w w^2 0 1 w^2 w 1 0 w^2 0 1 w 1 0 w | 0 0 0 0 0 1 0 0 0 1 1 w^2 w w^2 0 w w^2 w^2 1 w^2 w w^2 1 w^2 0 1 w^2 | 0 0 0 0 0 0 1 0 0 w 0 w^2 w^2 w^2 w^2 w^2 w^2 w^2 w^2 w w^2 1 w^2 w^2 1 0 1 | 0 0 0 0 0 0 0 1 0 w w^2 w w^2 0 1 0 0 w^2 1 w^2 1 1 1 1 1 1 w^2 | 0 0 0 0 0 0 0 0 1 w^2 w^2 1 1 w^2 0 w w^2 w^2 0 w 0 1 w 1 w^2 1 w^2
78	[[28,18,6;10]]_2	0 1 w^2 w^2 1 1 w w 0 1 w^2 0 w w 1 1 0 0 w 0 w^2 0 1 1 w^2 w w	1	1 0 0 0 0 0 0 0 0 w 1 w^2 1 w w^2 0 w^2 w w^2 0 w^2 0 w^2 0 w^2 1 1 | 0 1 0 0 0 0 0 0 0 w 0 w^2 0 w^2 1 w^2 1 w w^2 0 1 w^2 w w^2 0 w 1 | 0 0 1 0 0 0 0 0 0 1 0 0 w^2 0 1 1 w w w^2 0 w w^2 w^2 w 0 w 0 | 0 0 0 1 0 0 0 0 0 0 w^2 w w w 0 w w 1 0 1 1 w^2 1 w^2 1 w^2 w | 0 0 0 0 1 0 0 0 0 w^2 w w^2 w^2 1 w 0 0 w w^2 1 w 1 w 0 w^2 0 0 | 0 0 0 0 0 1 0 0 0 0 w 1 0 0 1 1 w^2 1 0 0 0 w^2 w^2 1 1 w 1 | 0 0 0 0 0 0 1 0 0 0 1 1 w^2 w^2 w w^2 1 0 1 w w^2 w 1 0 0 1 0 | 0 0 0 0 0 0 0 1 0 1 1 1 1 w w 0 1 1 0 w 0 0 w w^2 w^2 1 1 | 0 0 0 0 0 0 0 0 1 w 0 w w 1 0 1 w^2 1 w w w w w^2 w 1 w^2 w^2
79	[[28,19,5;7]]_2	w w 1 w^2 1 1 0 0 0 w^2 0 w^2 w^2 w^2 w 0 1 0 1 1 w w 0 1 w^2 1 0	1	1 0 0 0 0 0 0 1 1 1 w w w^2 1 0 w w 0 1 w^2 w^2 w^2 w 1 1 0 1 | 0 1 0 0 0 0 0 1 w 0 w^2 w w^2 w w^2 1 1 1 w 0 0 w^2 0 0 0 w w^2 | 0 0 1 0 0 0 0 w^2 0 w^2 w w w w 0 0 1 w^2 w^2 w^2 w w^2 w 1 w^2 1 w^2 | 0 0 0 1 0 0 0 w^2 0 w 0 0 w 0 w^2 1 1 w 1 1 w^2 1 w^2 0 0 w 0 | 0 0 0 0 1 0 0 w 0 0 w 1 w^2 w 0 w 0 0 w w w 0 0 0 w^2 0 1 | 0 0 0 0 0 1 0 1 w 1 0 1 1 0 w 1 1 w^2 w w w^2 w^2 w^2 1 0 0 0 | 0 0 0 0 0 0 1 w w 1 0 w^2 w^2 w w^2 1 w^2 w^2 0 1 0 0 1 1 w 0 w^2
80	[[28,20,5;8]]_2	0 0 w^2 w^2 0 1 w w w^2 w^2 0 1 0 w w 0 w 0 1 w 0 1 w w w^2 w^2 0	1	1 0 0 0 0 1 0 0 0 1 w^2 w w^2 w^2 w^2 w w^2 w^2 w 0 w 0 w 0 1 1 0 | 0 1 0 0 0 1 w^2 0 0 0 w^2 w^2 w w^2 1 1 0 w^2 1 w^2 1 0 0 1 w 1 w^2 | 0 0 1 0 0 w^2 w^2 0 0 0 w 0 w 1 w^2 1 1 1 1 1 w w^2 0 w^2 w w^2 w | 0 0 0 1 0 w^2 w^2 0 0 0 w^2 w^2 w^2 0 0 w w w^2 w 0 w^2 1 w w w w^2 w | 0 0 0 0 1 w^2 w^2 0 0 1 w w^2 w 1 w 0 w w^2 w^2 w w^2 1 w^2 1 w 1 w^2 | 0 0 0 0 0 0 0 1 0 1 w^2 0 0 1 w w^2 w w w^2 w^2 0 0 1 0 w w w | 0 0 0 0 0 0 0 0 1 0 w^2 1 w w^2 w^2 w 0 w w^2 0 w^2 w 0 1 w 1 0
81	[[29,5,17;24]]_2	0 0 1 1 w 1 1 0 w w^2 w^2 w 1 1 1 w w^2 w w w^2 1 1 1 1 1 1 0 1	1	1 0 0 0 0 0 0 0 0 0 0 0 0 0 0 0 0 0 0 0 0 0 w 0 w^2 w^2 0 w | 0 1 0 0 0 0 0 0 0 0 0 0 0 0 0 0 0 0 0 0 0 0 w 0 1 0 1 w^2 | 0 0 1 0 0 0 0 0 0 0 0 0 0 0 0 0 0 0 0 0 0 0 w^2 0 w^2 1 0 0 | 0 0 0 1 0 0 0 0 0 0 0 0 0 0 0 0 0 0 0 0 0 0 w 0 w w w w^2 | 0 0 0 0 1 0 0 0 0 0 0 0 0 0 0 0 0 0 0 0 0 0 w^2 0 0 1 1 1 | 0 0 0 0 0 1 0 0 0 0 0 0 0 0 0 0 0 0 0 0 0 0 w 0 w^2 1 0 1 | 0 0 0 0 0 0 1 0 0 0 0 0 0 0 0 0 0 0 0 0 0 0 w 0 0 1 w w | 0 0 0 0 0 0 0 1 0 0 0 0 0 0 0 0 0 0 0 0 0 0 0 0 1 1 w^2 0 | 0 0 0 0 0 0 0 0 1 0 0 0 0 0 0 0 0 0 0 0 0 0 w 0 w^2 w^2 1 1 | 0 0 0 0 0 0 0 0 0 1 0 0 0 0 0 0 0 0 0 0 0 0 1 0 w w^2 0 w | 0 0 0 0 0 0 0 0 0 0 1 0 0 0 0 0 0 0 0 0 0 0 w^2 0 w^2 0 0 w | 0 0 0 0 0 0 0 0 0 0 0 1 0 0 0 0 0 0 0 0 0 0 1 0 w 1 1 1 | 0 0 0 0 0 0 0 0 0 0 0 0 1 0 0 0 0 0 0 0 0 0 w 0 1 0 w w | 0 0 0 0 0 0 0 0 0 0 0 0 0 1 0 0 0 0 0 0 0 0 w 0 w^2 w 0 w | 0 0 0 0 0 0 0 0 0 0 0 0 0 0 1 0 0 0 0 0 0 0 w^2 0 w^2 w 1 w^2 | 0 0 0 0 0 0 0 0 0 0 0 0 0 0 0 1 0 0 0 0 0 0 0 0 0 1 w^2 w | 0 0 0 0 0 0 0 0 0 0 0 0 0 0 0 0 1 0 0 0 0 0 0 0 1 1 1 w | 0 0 0 0 0 0 0 0 0 0 0 0 0 0 0 0 0 1 0 0 0 0 w^2 0 w w^2 0 1 | 0 0 0 0 0 0 0 0 0 0 0 0 0 0 0 0 0 0 1 0 0 0 0 0 1 w 1 0 | 0 0 0 0 0 0 0 0 0 0 0 0 0 0 0 0 0 0 0 1 0 0 w^2 0 w^2 w 0 0 | 0 0 0 0 0 0 0 0 0 0 0 0 0 0 0 0 0 0 0 0 1 0 w^2 0 w 1 w^2 1 | 0 0 0 0 0 0 0 0 0 0 0 0 0 0 0 0 0 0 0 0 0 1 w^2 0 0 w^2 w 1 | 0 0 0 0 0 0 0 0 0 0 0 0 0 0 0 0 0 0 0 0 0 0 0 1 0 0 w^2 1
82	[[29,6,9;7]]_2	1 w 0 1 0 w^2 1 1 w^2 w w^2 w^2 1 w^2 1 0 0 0 w^2 0 w^2 0 0 w^2 0 1 0 1	1	1 0 0 0 0 0 0 0 0 0 0 0 0 0 1 0 1 w 1 1 w w^2 0 w w^2 w 1 0 | 0 1 0 0 0 0 0 0 0 0 0 0 0 0 0 1 0 1 w 1 1 w w^2 0 w w^2 w 1 | 0 0 1 0 0 0 0 0 0 0 0 0 0 0 1 0 1 0 1 w 1 1 w w^2 0 w w^2 w | 0 0 0 1 0 0 0 0 0 0 0 0 0 0 w 1 0 1 0 1 w 1 1 w w^2 0 w w^2 | 0 0 0 0 1 0 0 0 0 0 0 0 0 0 w^2 w 1 0 1 0 1 w 1 1 w w^2 0 w | 0 0 0 0 0 1 0 0 0 0 0 0 0 0 w w^2 w 1 0 1 0 1 w 1 1 w w^2 0 | 0 0 0 0 0 0 1 0 0 0 0 0 0 0 0 w w^2 w 1 0 1 0 1 w 1 1 w w^2 | 0 0 0 0 0 0 0 1 0 0 0 0 0 0 w^2 0 w w^2 w 1 0 1 0 1 w 1 1 w | 0 0 0 0 0 0 0 0 1 0 0 0 0 0 w w^2 0 w w^2 w 1 0 1 0 1 w 1 1 | 0 0 0 0 0 0 0 0 0 1 0 0 0 0 1 w w^2 0 w w^2 w 1 0 1 0 1 w 1 | 0 0 0 0 0 0 0 0 0 0 1 0 0 0 1 1 w w^2 0 w w^2 w 1 0 1 0 1 w | 0 0 0 0 0 0 0 0 0 0 0 1 0 0 w 1 1 w w^2 0 w w^2 w 1 0 1 0 1 | 0 0 0 0 0 0 0 0 0 0 0 0 1 0 1 w 1 1 w w^2 0 w w^2 w 1 0 1 0 | 0 0 0 0 0 0 0 0 0 0 0 0 0 1 0 1 w 1 1 w w^2 0 w w^2 w 1 0 1
83	[[29,6,16;23]]_2	1 1 w^2 0 w w^2 w^2 1 w^2 1 1 0 0 w w 1 1 w 0 0 0 1 w w w 0 1 w	1	1 0 0 0 0 0 0 0 0 0 0 0 0 0 0 0 0 0 0 0 0 1 0 0 w w^2 w^2 w^2 | 0 1 0 0 0 0 0 0 0 0 0 0 0 0 0 0 0 0 0 0 0 1 0 1 0 w^2 0 w^2 | 0 0 1 0 0 0 0 0 0 0 0 0 0 0 0 0 0 0 0 0 0 w^2 0 w 1 w 0 1 | 0 0 0 1 0 0 0 0 0 0 0 0 0 0 0 0 0 0 0 0 0 w 0 w w^2 1 w^2 1 | 0 0 0 0 1 0 0 0 0 0 0 0 0 0 0 0 0 0 0 0 0 1 0 w 0 0 1 w | 0 0 0 0 0 1 0 0 0 0 0 0 0 0 0 0 0 0 0 0 0 1 0 w 0 0 0 0 | 0 0 0 0 0 0 1 0 0 0 0 0 0 0 0 0 0 0 0 0 0 0 0 w w 0 w w^2 | 0 0 0 0 0 0 0 1 0 0 0 0 0 0 0 0 0 0 0 0 0 0 0 w^2 w 1 w 1 | 0 0 0 0 0 0 0 0 1 0 0 0 0 0 0 0 0 0 0 0 0 w 0 0 0 1 1 1 | 0 0 0 0 0 0 0 0 0 1 0 0 0 0 0 0 0 0 0 0 0 w 0 w w^2 w^2 w 0 | 0 0 0 0 0 0 0 0 0 0 1 0 0 0 0 0 0 0 0 0 0 0 0 0 w w 1 w^2 | 0 0 0 0 0 0 0 0 0 0 0 1 0 0 0 0 0 0 0 0 0 1 0 0 w 0 1 w^2 | 0 0 0 0 0 0 0 0 0 0 0 0 1 0 0 0 0 0 0 0 0 w 0 w^2 1 w w^2 1 | 0 0 0 0 0 0 0 0 0 0 0 0 0 1 0 0 0 0 0 0 0 0 0 w^2 1 1 w 1 | 0 0 0 0 0 0 0 0 0 0 0 0 0 0 1 0 0 0 0 0 0 1 0 w^2 w 0 1 w | 0 0 0 0 0 0 0 0 0 0 0 0 0 0 0 1 0 0 0 0 0 0 0 w 0 w 1 w | 0 0 0 0 0 0 0 0 0 0 0 0 0 0 0 0 1 0 0 0 0 w^2 0 w^2 1 0 0 w^2 | 0 0 0 0 0 0 0 0 0 0 0 0 0 0 0 0 0 1 0 0 0 w^2 0 0 w^2 w 1 1 | 0 0 0 0 0 0 0 0 0 0 0 0 0 0 0 0 0 0 1 0 0 1 0 1 w w w^2 0 | 0 0 0 0 0 0 0 0 0 0 0 0 0 0 0 0 0 0 0 1 0 w^2 0 w w w^2 w^2 w | 0 0 0 0 0 0 0 0 0 0 0 0 0 0 0 0 0 0 0 0 1 0 0 1 w^2 w^2 1 w^2 | 0 0 0 0 0 0 0 0 0 0 0 0 0 0 0 0 0 0 0 0 0 0 1 0 w 1 w w
84	[[29,7,9;8]]_2	w^2 0 0 w^2 0 0 0 w 0 w 0 0 w w^2 w^2 w w w^2 w 1 w^2 w^2 w 1 0 w^2 1 w	1	1 0 0 0 0 0 0 0 0 0 0 0 0 1 0 w^2 0 w w w 0 w^2 w^2 w w w 0 0 | 0 1 0 0 0 0 0 0 0 0 0 0 0 1 0 w^2 w^2 w 0 0 w w^2 0 1 0 0 w 0 | 0 0 1 0 0 0 0 0 0 0 0 0 0 1 0 w^2 w^2 1 0 w 0 1 0 w w^2 w 0 w | 0 0 0 1 0 0 0 0 0 0 0 0 0 1 0 1 1 w^2 1 0 0 1 0 0 w w^2 0 w | 0 0 0 0 1 0 0 0 0 0 0 0 0 1 0 1 w^2 1 w^2 1 w 1 0 0 0 w 1 w | 0 0 0 0 0 1 0 0 0 0 0 0 0 1 0 1 w^2 w^2 1 w^2 w^2 w^2 0 0 0 0 0 w^2 | 0 0 0 0 0 0 1 0 0 0 0 0 0 1 0 0 w w w 0 0 w^2 w^2 1 1 1 w^2 w^2 | 0 0 0 0 0 0 0 1 0 0 0 0 0 1 0 0 w^2 w^2 w^2 w^2 w^2 0 w^2 w 0 0 w 0 | 0 0 0 0 0 0 0 0 1 0 0 0 0 1 0 w^2 0 1 1 1 w^2 0 w^2 1 0 w 0 w | 0 0 0 0 0 0 0 0 0 1 0 0 0 1 0 1 1 0 1 1 w^2 w 1 w^2 1 0 0 w | 0 0 0 0 0 0 0 0 0 0 1 0 0 1 0 1 w^2 1 0 1 w^2 w w^2 1 w^2 1 w w | 0 0 0 0 0 0 0 0 0 0 0 1 0 1 0 1 w^2 w^2 1 0 w^2 w w^2 w^2 1 w^2 w^2 0 | 0 0 0 0 0 0 0 0 0 0 0 0 1 1 0 w^2 1 1 1 w^2 0 0 1 1 1 w^2 w^2 w^2 | 0 0 0 0 0 0 0 0 0 0 0 0 0 0 1 1 1 1 1 1 1 1 1 1 1 1 1 1
85	[[29,8,9;9]]_2	1 w^2 w^2 w^2 w 1 1 w 0 w 0 w 0 w^2 1 0 w^2 w 1 1 w^2 0 0 0 0 1 w^2 1	1	1 0 0 0 0 0 0 0 0 0 0 0 0 1 0 w^2 0 w w w 0 w^2 w^2 w w w 0 0 | 0 1 0 0 0 0 0 0 0 0 0 0 0 1 0 w^2 w^2 w 0 0 w w^2 0 1 0 0 w 0 | 0 0 1 0 0 0 0 0 0 0 0 0 0 1 0 w^2 w^2 1 0 w 0 1 0 w w^2 w 0 w | 0 0 0 1 0 0 0 0 0 0 0 0 0 1 0 1 1 w^2 1 0 0 1 0 0 w w^2 0 w | 0 0 0 0 1 0 0 0 0 0 0 0 0 1 0 1 w^2 1 w^2 1 w 1 0 0 0 w 1 w | 0 0 0 0 0 1 0 0 0 0 0 0 0 1 0 1 w^2 w^2 1 w^2 w^2 w^2 0 0 0 0 0 w^2 | 0 0 0 0 0 0 1 0 0 0 0 0 0 1 0 0 w w w 0 0 w^2 w^2 1 1 1 w^2 w^2 | 0 0 0 0 0 0 0 1 0 0 0 0 0 1 0 0 w^2 w^2 w^2 w^2 w^2 0 w^2 w 0 0 w 0 | 0 0 0 0 0 0 0 0 1 0 0 0 0 1 0 w^2 0 1 1 1 w^2 0 w^2 1 0 w 0 w | 0 0 0 0 0 0 0 0 0 1 0 0 0 1 0 1 1 0 1 1 w^2 w 1 w^2 1 0 0 w | 0 0 0 0 0 0 0 0 0 0 1 0 0 1 0 1 w^2 1 0 1 w^2 w w^2 1 w^2 1 w w | 0 0 0 0 0 0 0 0 0 0 0 1 0 1 0 1 w^2 w^2 1 0 w^2 w w^2 w^2 1 w^2 w^2 0 | 0 0 0 0 0 0 0 0 0 0 0 0 1 1 0 w^2 1 1 1 w^2 0 0 1 1 1 w^2 w^2 w^2 | 0 0 0 0 0 0 0 0 0 0 0 0 0 0 1 1 1 1 1 1 1 1 1 1 1 1 1 1
86	[[29,9,9;10]]_2	1 1 0 w w^2 0 0 w^2 w 1 0 1 0 0 1 w 0 w 0 w w 1 w w^2 0 0 w^2 w	1	1 0 0 0 0 0 0 0 0 0 0 0 0 1 0 w^2 0 w w w 0 w^2 w^2 w w w 0 0 | 0 1 0 0 0 0 0 0 0 0 0 0 0 1 0 w^2 w^2 w 0 0 w w^2 0 1 0 0 w 0 | 0 0 1 0 0 0 0 0 0 0 0 0 0 1 0 w^2 w^2 1 0 w 0 1 0 w w^2 w 0 w | 0 0 0 1 0 0 0 0 0 0 0 0 0 1 0 1 1 w^2 1 0 0 1 0 0 w w^2 0 w | 0 0 0 0 1 0 0 0 0 0 0 0 0 1 0 1 w^2 1 w^2 1 w 1 0 0 0 w 1 w | 0 0 0 0 0 1 0 0 0 0 0 0 0 1 0 1 w^2 w^2 1 w^2 w^2 w^2 0 0 0 0 0 w^2 | 0 0 0 0 0 0 1 0 0 0 0 0 0 1 0 0 w w w 0 0 w^2 w^2 1 1 1 w^2 w^2 | 0 0 0 0 0 0 0 1 0 0 0 0 0 1 0 0 w^2 w^2 w^2 w^2 w^2 0 w^2 w 0 0 w 0 | 0 0 0 0 0 0 0 0 1 0 0 0 0 1 0 w^2 0 1 1 1 w^2 0 w^2 1 0 w 0 w | 0 0 0 0 0 0 0 0 0 1 0 0 0 1 0 1 1 0 1 1 w^2 w 1 w^2 1 0 0 w | 0 0 0 0 0 0 0 0 0 0 1 0 0 1 0 1 w^2 1 0 1 w^2 w w^2 1 w^2 1 w w | 0 0 0 0 0 0 0 0 0 0 0 1 0 1 0 1 w^2 w^2 1 0 w^2 w w^2 w^2 1 w^2 w^2 0 | 0 0 0 0 0 0 0 0 0 0 0 0 1 1 0 w^2 1 1 1 w^2 0 0 1 1 1 w^2 w^2 w^2 | 0 0 0 0 0 0 0 0 0 0 0 0 0 0 1 1 1 1 1 1 1 1 1 1 1 1 1 1
87	[[29,9,12;18]]_2	w^2 0 w w 0 w^2 w^2 1 w^2 0 w 1 w^2 w w^2 1 1 1 0 1 w^2 w w 0 0 w w 0	1	1 0 0 0 0 0 0 0 0 0 0 0 0 0 0 0 0 0 w^2 1 w^2 w^2 w^2 w 1 w 1 w | 0 1 0 0 0 0 0 0 0 0 0 0 0 0 0 0 0 0 1 1 w 1 w^2 0 w^2 w w^2 w | 0 0 1 0 0 0 0 0 0 0 0 0 0 0 0 0 0 0 w 0 1 1 0 w^2 0 1 w 0 | 0 0 0 1 0 0 0 0 0 0 0 0 0 0 0 0 0 0 w 0 1 w w^2 1 w^2 0 w^2 1 | 0 0 0 0 1 0 0 0 0 0 0 0 0 0 0 0 0 0 w^2 w^2 w w w^2 1 w 1 0 w^2 | 0 0 0 0 0 1 0 0 0 0 0 0 0 0 0 0 0 0 w 1 w 0 w w 0 0 w 1 | 0 0 0 0 0 0 1 0 0 0 0 0 0 0 0 0 0 0 w 0 w 0 w^2 0 w 0 1 w^2 | 0 0 0 0 0 0 0 1 0 0 0 0 0 0 0 0 0 0 0 1 w 0 w w w w^2 0 1 | 0 0 0 0 0 0 0 0 1 0 0 0 0 0 0 0 0 0 0 w^2 w w 1 0 w^2 0 0 1 | 0 0 0 0 0 0 0 0 0 1 0 0 0 0 0 0 0 0 1 w w^2 w^2 w^2 w w w w^2 w | 0 0 0 0 0 0 0 0 0 0 1 0 0 0 0 0 0 0 w^2 1 w 0 1 0 0 w^2 0 w^2 | 0 0 0 0 0 0 0 0 0 0 0 1 0 0 0 0 0 0 1 w^2 1 w^2 0 w^2 w 0 w^2 w | 0 0 0 0 0 0 0 0 0 0 0 0 1 0 0 0 0 0 1 0 1 1 0 w 1 w w^2 0 | 0 0 0 0 0 0 0 0 0 0 0 0 0 1 0 0 0 0 1 0 0 w^2 1 1 w^2 0 w^2 0 | 0 0 0 0 0 0 0 0 0 0 0 0 0 0 1 0 0 0 0 1 1 1 1 w^2 w^2 0 w w^2 | 0 0 0 0 0 0 0 0 0 0 0 0 0 0 0 1 0 0 w^2 w^2 w w^2 0 1 w^2 w w^2 w^2 | 0 0 0 0 0 0 0 0 0 0 0 0 0 0 0 0 1 0 w^2 w^2 1 1 1 1 w w w 0 | 0 0 0 0 0 0 0 0 0 0 0 0 0 0 0 0 0 1 w^2 w^2 w 0 1 1 0 w^2 0 1
88	[[29,10,12;19]]_2	1 0 0 1 w w w^2 1 1 w^2 w^2 w w^2 0 w w w w^2 0 1 0 w w^2 0 0 w 0 1	1	1 0 0 0 0 0 0 0 0 0 0 0 0 0 0 0 0 0 w^2 1 w^2 w^2 w^2 w 1 w 1 w | 0 1 0 0 0 0 0 0 0 0 0 0 0 0 0 0 0 0 1 1 w 1 w^2 0 w^2 w w^2 w | 0 0 1 0 0 0 0 0 0 0 0 0 0 0 0 0 0 0 w 0 1 1 0 w^2 0 1 w 0 | 0 0 0 1 0 0 0 0 0 0 0 0 0 0 0 0 0 0 w 0 1 w w^2 1 w^2 0 w^2 1 | 0 0 0 0 1 0 0 0 0 0 0 0 0 0 0 0 0 0 w^2 w^2 w w w^2 1 w 1 0 w^2 | 0 0 0 0 0 1 0 0 0 0 0 0 0 0 0 0 0 0 w 1 w 0 w w 0 0 w 1 | 0 0 0 0 0 0 1 0 0 0 0 0 0 0 0 0 0 0 w 0 w 0 w^2 0 w 0 1 w^2 | 0 0 0 0 0 0 0 1 0 0 0 0 0 0 0 0 0 0 0 1 w 0 w w w w^2 0 1 | 0 0 0 0 0 0 0 0 1 0 0 0 0 0 0 0 0 0 0 w^2 w w 1 0 w^2 0 0 1 | 0 0 0 0 0 0 0 0 0 1 0 0 0 0 0 0 0 0 1 w w^2 w^2 w^2 w w w w^2 w | 0 0 0 0 0 0 0 0 0 0 1 0 0 0 0 0 0 0 w^2 1 w 0 1 0 0 w^2 0 w^2 | 0 0 0 0 0 0 0 0 0 0 0 1 0 0 0 0 0 0 1 w^2 1 w^2 0 w^2 w 0 w^2 w | 0 0 0 0 0 0 0 0 0 0 0 0 1 0 0 0 0 0 1 0 1 1 0 w 1 w w^2 0 | 0 0 0 0 0 0 0 0 0 0 0 0 0 1 0 0 0 0 1 0 0 w^2 1 1 w^2 0 w^2 0 | 0 0 0 0 0 0 0 0 0 0 0 0 0 0 1 0 0 0 0 1 1 1 1 w^2 w^2 0 w w^2 | 0 0 0 0 0 0 0 0 0 0 0 0 0 0 0 1 0 0 w^2 w^2 w w^2 0 1 w^2 w w^2 w^2 | 0 0 0 0 0 0 0 0 0 0 0 0 0 0 0 0 1 0 w^2 w^2 1 1 1 1 w w w 0 | 0 0 0 0 0 0 0 0 0 0 0 0 0 0 0 0 0 1 w^2 w^2 w 0 1 1 0 w^2 0 1
89	[[29,14,9;15]]_2	w w^2 w w 0 w w^2 w 0 1 w 0 w^2 1 w w 0 1 w w^2 1 w 1 0 w w^2 w^2 0	1	1 0 0 0 0 0 0 0 0 0 0 0 0 1 0 0 0 w^2 1 w^2 w 1 0 0 w^2 w^2 w^2 w^2 | 0 1 0 0 0 0 0 0 0 0 0 0 0 1 0 w^2 w^2 0 1 1 w 0 w w^2 0 w^2 w^2 w^2 | 0 0 1 0 0 0 0 0 0 0 0 0 0 1 0 w^2 0 w^2 w 1 0 0 w^2 1 w^2 0 w^2 w^2 | 0 0 0 1 0 0 0 0 0 0 0 0 0 1 0 w^2 0 0 1 w 0 w w^2 0 1 w^2 0 w^2 | 0 0 0 0 1 0 0 0 0 0 0 0 0 1 0 w^2 0 0 w 1 w^2 w 1 0 0 1 w^2 0 | 0 0 0 0 0 1 0 0 0 0 0 0 0 1 0 0 w^2 w^2 1 1 w^2 w w 1 w^2 w^2 w 0 | 0 0 0 0 0 0 1 0 0 0 0 0 0 1 0 0 0 0 w w w^2 w w w w 0 0 1 | 0 0 0 0 0 0 0 1 0 0 0 0 0 1 0 1 1 w 0 0 1 w^2 w^2 w^2 0 0 w w | 0 0 0 0 0 0 0 0 1 0 0 0 0 1 0 w w^2 0 1 1 0 w 1 1 w 1 1 w^2 | 0 0 0 0 0 0 0 0 0 1 0 0 0 1 0 w^2 1 w^2 w 1 0 w 1 w 1 w 1 1 | 0 0 0 0 0 0 0 0 0 0 1 0 0 1 0 1 w w^2 w^2 0 w 0 w^2 0 0 w^2 0 w^2 | 0 0 0 0 0 0 0 0 0 0 0 1 0 1 0 w^2 w w 1 w^2 1 0 w^2 0 0 0 w^2 0 | 0 0 0 0 0 0 0 0 0 0 0 0 1 1 0 0 w^2 1 w^2 w 1 0 0 w^2 w^2 w^2 w^2 0 | 0 0 0 0 0 0 0 0 0 0 0 0 0 0 1 1 1 1 1 1 1 1 1 1 1 1 1 1
90	[[29,15,7;10]]_2	w 1 w w 1 w w^2 1 w^2 w^2 w^2 w w 1 1 w^2 w w w^2 w 0 w^2 w^2 w^2 1 1 1 1	1	1 0 0 0 0 0 0 0 0 0 0 w^2 w 1 0 0 w^2 1 0 w 1 0 1 0 0 1 w^2 1 | 0 1 0 0 0 0 0 0 0 0 0 1 w^2 1 0 0 0 w^2 w 1 0 1 1 w^2 w 0 0 0 | 0 0 1 0 0 0 0 0 0 0 0 1 1 0 1 0 0 0 0 w^2 w^2 0 0 w^2 1 w 1 w^2 | 0 0 0 1 0 0 0 0 0 0 0 0 1 1 w^2 1 0 0 0 0 w^2 w^2 0 0 w^2 1 w 1 | 0 0 0 0 1 0 0 0 0 0 0 w^2 w 0 1 w^2 w 1 0 w 1 w^2 w 0 0 w w w^2 | 0 0 0 0 0 1 0 0 0 0 0 1 w w^2 0 1 1 1 w^2 w 0 1 w^2 w^2 1 w^2 w^2 w^2 | 0 0 0 0 0 0 1 0 0 0 0 w^2 1 0 0 0 1 1 w^2 0 w^2 0 w w w 1 0 1 | 0 0 0 0 0 0 0 1 0 0 0 1 w 0 w 0 w w w^2 1 w w^2 0 w^2 w^2 1 0 1 | 0 0 0 0 0 0 0 0 1 0 0 w^2 w 1 w^2 w 1 0 w^2 w 0 w w^2 w^2 0 1 w w^2 | 0 0 0 0 0 0 0 0 0 1 0 1 w^2 1 w w^2 w 1 w^2 w 0 0 w^2 1 1 0 0 1 | 0 0 0 0 0 0 0 0 0 0 1 1 1 0 0 w w^2 w w w 0 0 1 1 w^2 1 1 w^2
91	[[29,16,7;11]]_2	1 w^2 1 0 0 1 0 w^2 w w^2 0 w w 0 0 0 0 w^2 0 1 1 w^2 1 1 w^2 0 w^2 w	1	1 0 0 0 0 0 0 0 0 0 0 w^2 w 1 0 0 w^2 1 0 w 1 0 1 0 0 1 w^2 1 | 0 1 0 0 0 0 0 0 0 0 0 1 w^2 1 0 0 0 w^2 w 1 0 1 1 w^2 w 0 0 0 | 0 0 1 0 0 0 0 0 0 0 0 1 1 0 1 0 0 0 0 w^2 w^2 0 0 w^2 1 w 1 w^2 | 0 0 0 1 0 0 0 0 0 0 0 0 1 1 w^2 1 0 0 0 0 w^2 w^2 0 0 w^2 1 w 1 | 0 0 0 0 1 0 0 0 0 0 0 w^2 w 0 1 w^2 w 1 0 w 1 w^2 w 0 0 w w w^2 | 0 0 0 0 0 1 0 0 0 0 0 1 w w^2 0 1 1 1 w^2 w 0 1 w^2 w^2 1 w^2 w^2 w^2 | 0 0 0 0 0 0 1 0 0 0 0 w^2 1 0 0 0 1 1 w^2 0 w^2 0 w w w 1 0 1 | 0 0 0 0 0 0 0 1 0 0 0 1 w 0 w 0 w w w^2 1 w w^2 0 w^2 w^2 1 0 1 | 0 0 0 0 0 0 0 0 1 0 0 w^2 w 1 w^2 w 1 0 w^2 w 0 w w^2 w^2 0 1 w w^2 | 0 0 0 0 0 0 0 0 0 1 0 1 w^2 1 w w^2 w 1 w^2 w 0 0 w^2 1 1 0 0 1 | 0 0 0 0 0 0 0 0 0 0 1 1 1 0 0 w w^2 w w w 0 0 1 1 w^2 1 1 w^2
92	[[29,17,6;8]]_2	1 0 w^2 w^2 w w^2 0 w^2 0 1 w w^2 0 w w^2 w w^2 1 w 1 w^2 w^2 1 w 1 w^2 w^2 w	1	1 0 0 0 0 0 0 0 0 1 w w w w w^2 w w w w^2 1 0 1 0 w^2 1 0 0 0 | 0 1 0 0 0 0 0 0 0 w w 1 1 1 1 0 1 1 w^2 1 1 w 1 1 1 1 0 0 | 0 0 1 0 0 0 0 0 0 1 0 w 0 0 w 0 0 w^2 w w 0 1 w^2 1 0 w^2 0 0 | 0 0 0 1 0 0 0 0 0 0 1 0 w 0 0 w 0 0 w^2 w w 0 1 w^2 1 0 w^2 0 | 0 0 0 0 1 0 0 0 0 0 0 0 w 0 w^2 w w^2 0 0 w^2 1 1 w^2 w^2 w^2 0 w^2 w^2 | 0 0 0 0 0 1 0 0 0 0 0 0 0 w w^2 w^2 w w^2 0 0 w^2 1 1 w^2 w^2 w^2 0 w^2 | 0 0 0 0 0 0 1 0 0 w w^2 0 w w 0 1 w^2 1 w w w w^2 w^2 1 1 0 1 0 | 0 0 0 0 0 0 0 1 0 w 1 w 0 w 0 0 0 0 0 0 w^2 1 w 1 w^2 w^2 1 1 | 0 0 0 0 0 0 0 0 1 w 1 w^2 w^2 1 w^2 1 w w^2 1 w w^2 w w 1 w^2 w 0 1
93	[[29,17,7;12]]_2	w 1 0 0 0 0 0 0 0 w^2 w^2 0 w^2 w 1 w^2 0 0 w 0 w 0 w^2 w w^2 1 1 1	1	1 0 0 0 0 0 0 0 0 0 0 w^2 w 1 0 0 w^2 1 0 w 1 0 1 0 0 1 w^2 1 | 0 1 0 0 0 0 0 0 0 0 0 1 w^2 1 0 0 0 w^2 w 1 0 1 1 w^2 w 0 0 0 | 0 0 1 0 0 0 0 0 0 0 0 1 1 0 1 0 0 0 0 w^2 w^2 0 0 w^2 1 w 1 w^2 | 0 0 0 1 0 0 0 0 0 0 0 0 1 1 w^2 1 0 0 0 0 w^2 w^2 0 0 w^2 1 w 1 | 0 0 0 0 1 0 0 0 0 0 0 w^2 w 0 1 w^2 w 1 0 w 1 w^2 w 0 0 w w w^2 | 0 0 0 0 0 1 0 0 0 0 0 1 w w^2 0 1 1 1 w^2 w 0 1 w^2 w^2 1 w^2 w^2 w^2 | 0 0 0 0 0 0 1 0 0 0 0 w^2 1 0 0 0 1 1 w^2 0 w^2 0 w w w 1 0 1 | 0 0 0 0 0 0 0 1 0 0 0 1 w 0 w 0 w w w^2 1 w w^2 0 w^2 w^2 1 0 1 | 0 0 0 0 0 0 0 0 1 0 0 w^2 w 1 w^2 w 1 0 w^2 w 0 w w^2 w^2 0 1 w w^2 | 0 0 0 0 0 0 0 0 0 1 0 1 w^2 1 w w^2 w 1 w^2 w 0 0 w^2 1 1 0 0 1 | 0 0 0 0 0 0 0 0 0 0 1 1 1 0 0 w w^2 w w w 0 0 1 1 w^2 1 1 w^2
94	[[29,18,6;9]]_2	1 1 w^2 0 w w^2 w 1 w w w w^2 1 w 0 w w^2 w^2 1 1 0 w^2 w^2 1 1 1 w^2 1	1	1 0 0 0 0 0 0 0 0 1 w w w w w^2 w w w w^2 1 0 1 0 w^2 1 0 0 0 | 0 1 0 0 0 0 0 0 0 w w 1 1 1 1 0 1 1 w^2 1 1 w 1 1 1 1 0 0 | 0 0 1 0 0 0 0 0 0 1 0 w 0 0 w 0 0 w^2 w w 0 1 w^2 1 0 w^2 0 0 | 0 0 0 1 0 0 0 0 0 0 1 0 w 0 0 w 0 0 w^2 w w 0 1 w^2 1 0 w^2 0 | 0 0 0 0 1 0 0 0 0 0 0 0 w 0 w^2 w w^2 0 0 w^2 1 1 w^2 w^2 w^2 0 w^2 w^2 | 0 0 0 0 0 1 0 0 0 0 0 0 0 w w^2 w^2 w w^2 0 0 w^2 1 1 w^2 w^2 w^2 0 w^2 | 0 0 0 0 0 0 1 0 0 w w^2 0 w w 0 1 w^2 1 w w w w^2 w^2 1 1 0 1 0 | 0 0 0 0 0 0 0 1 0 w 1 w 0 w 0 0 0 0 0 0 w^2 1 w 1 w^2 w^2 1 1 | 0 0 0 0 0 0 0 0 1 w 1 w^2 w^2 1 w^2 1 w w^2 1 w w^2 w w 1 w^2 w 0 1
95	[[29,19,5;6]]_2	1 1 w w^2 w 0 w^2 w^2 1 w 1 w^2 w^2 w^2 1 w^2 w 0 w^2 w^2 1 0 0 0 1 w^2 1 w^2	1	1 0 0 0 0 0 0 w^2 w^2 w^2 0 1 0 1 w^2 1 1 w^2 w^2 1 w^2 w^2 w 0 w w^2 1 1 | 0 1 0 0 0 0 0 w^2 0 0 w^2 1 1 1 w w 0 w 0 w w 0 1 w w 1 w 0 | 0 0 1 0 0 0 0 w^2 0 w^2 0 w 1 0 w^2 w^2 w^2 w^2 1 1 1 1 w 1 0 1 0 w^2 | 0 0 0 1 0 0 0 0 0 1 0 0 1 w^2 0 1 w 0 w^2 0 1 w^2 1 0 1 w^2 1 1 | 0 0 0 0 1 0 0 w w w 1 w^2 0 w w^2 w^2 w 0 w 0 w w^2 w 1 1 w^2 0 w | 0 0 0 0 0 1 0 1 w^2 w^2 w w^2 w^2 w w^2 1 1 w^2 1 0 1 w^2 0 w w 0 1 w | 0 0 0 0 0 0 1 1 1 0 w 0 w w w w 1 1 w 1 1 w^2 0 w^2 1 w w 1
96	[[29,21,5;8]]_2	1 w^2 0 1 w^2 w w^2 1 w 1 w w^2 w w^2 1 w 1 w w^2 w 0 0 w 0 w w w^2 1	1	1 0 0 0 0 0 0 w^2 w 0 w 0 1 1 0 w w 0 0 w^2 1 1 0 1 w 1 w^2 1 | 0 1 0 0 0 0 0 w^2 1 w w w 1 0 1 w 0 w 0 w^2 w 0 1 1 w^2 w^2 w w | 0 0 1 0 0 0 0 0 w^2 1 w w w 1 w 1 w 0 w 0 w^2 w 0 1 1 w^2 w^2 w | 0 0 0 1 0 0 0 w^2 w w^2 w^2 w w^2 w^2 w 0 w^2 w 0 1 1 w w 1 w^2 0 0 w | 0 0 0 0 1 0 0 w w w w w^2 1 0 w w^2 1 w^2 w w w w w 1 0 0 w w^2 | 0 0 0 0 0 1 0 0 w w w w w^2 1 w^2 w w^2 1 w^2 w w w w w 1 0 0 w | 0 0 0 0 0 0 1 w^2 w w 0 w w^2 w w 1 0 w^2 1 0 w^2 w^2 w w^2 0 0 w^2 1
97	[[30,2,23;28]]_2	w w w^2 0 w w^2 0 0 w^2 1 w^2 1 w^2 w w^2 0 0 1 w 1 0 1 0 w 1 w^2 1 w^2 w	1	1 0 0 0 0 0 0 0 0 0 0 0 0 0 0 0 0 0 0 0 0 0 0 0 0 0 0 w 0 | 0 1 0 0 0 0 0 0 0 0 0 0 0 0 0 0 0 0 0 0 0 0 0 0 0 0 0 1 1 | 0 0 1 0 0 0 0 0 0 0 0 0 0 0 0 0 0 0 0 0 0 0 0 0 0 0 0 1 w | 0 0 0 1 0 0 0 0 0 0 0 0 0 0 0 0 0 0 0 0 0 0 0 0 0 0 0 w 1 | 0 0 0 0 1 0 0 0 0 0 0 0 0 0 0 0 0 0 0 0 0 0 0 0 0 0 0 0 1 | 0 0 0 0 0 1 0 0 0 0 0 0 0 0 0 0 0 0 0 0 0 0 0 0 0 0 0 1 w^2 | 0 0 0 0 0 0 1 0 0 0 0 0 0 0 0 0 0 0 0 0 0 0 0 0 0 0 0 w^2 w | 0 0 0 0 0 0 0 1 0 0 0 0 0 0 0 0 0 0 0 0 0 0 0 0 0 0 0 1 w^2 | 0 0 0 0 0 0 0 0 1 0 0 0 0 0 0 0 0 0 0 0 0 0 0 0 0 0 0 0 w^2 | 0 0 0 0 0 0 0 0 0 1 0 0 0 0 0 0 0 0 0 0 0 0 0 0 0 0 0 w^2 w^2 | 0 0 0 0 0 0 0 0 0 0 1 0 0 0 0 0 0 0 0 0 0 0 0 0 0 0 0 1 1 | 0 0 0 0 0 0 0 0 0 0 0 1 0 0 0 0 0 0 0 0 0 0 0 0 0 0 0 w^2 w^2 | 0 0 0 0 0 0 0 0 0 0 0 0 1 0 0 0 0 0 0 0 0 0 0 0 0 0 0 1 w | 0 0 0 0 0 0 0 0 0 0 0 0 0 1 0 0 0 0 0 0 0 0 0 0 0 0 0 w^2 w^2 | 0 0 0 0 0 0 0 0 0 0 0 0 0 0 1 0 0 0 0 0 0 0 0 0 0 0 0 w^2 w | 0 0 0 0 0 0 0 0 0 0 0 0 0 0 0 1 0 0 0 0 0 0 0 0 0 0 0 1 0 | 0 0 0 0 0 0 0 0 0 0 0 0 0 0 0 0 1 0 0 0 0 0 0 0 0 0 0 1 0 | 0 0 0 0 0 0 0 0 0 0 0 0 0 0 0 0 0 1 0 0 0 0 0 0 0 0 0 1 0 | 0 0 0 0 0 0 0 0 0 0 0 0 0 0 0 0 0 0 1 0 0 0 0 0 0 0 0 w 0 | 0 0 0 0 0 0 0 0 0 0 0 0 0 0 0 0 0 0 0 1 0 0 0 0 0 0 0 0 1 | 0 0 0 0 0 0 0 0 0 0 0 0 0 0 0 0 0 0 0 0 1 0 0 0 0 0 0 w^2 w^2 | 0 0 0 0 0 0 0 0 0 0 0 0 0 0 0 0 0 0 0 0 0 1 0 0 0 0 0 0 w | 0 0 0 0 0 0 0 0 0 0 0 0 0 0 0 0 0 0 0 0 0 0 1 0 0 0 0 w w^2 | 0 0 0 0 0 0 0 0 0 0 0 0 0 0 0 0 0 0 0 0 0 0 0 1 0 0 0 w w^2 | 0 0 0 0 0 0 0 0 0 0 0 0 0 0 0 0 0 0 0 0 0 0 0 0 1 0 0 w w^2 | 0 0 0 0 0 0 0 0 0 0 0 0 0 0 0 0 0 0 0 0 0 0 0 0 0 1 0 0 w^2 | 0 0 0 0 0 0 0 0 0 0 0 0 0 0 0 0 0 0 0 0 0 0 0 0 0 0 1 w w^2
98	[[30,4,19;26]]_2	0 w^2 1 w 1 0 w w^2 w^2 w^2 1 w 1 1 w 1 1 0 w^2 w w^2 w 0 0 w^2 1 1 w^2 w^2	1	1 0 0 0 0 0 0 0 0 0 0 0 0 0 0 0 0 0 0 0 0 0 0 0 0 w 1 0 w | 0 1 0 0 0 0 0 0 0 0 0 0 0 0 0 0 0 0 0 0 0 0 0 0 0 0 w 1 1 | 0 0 1 0 0 0 0 0 0 0 0 0 0 0 0 0 0 0 0 0 0 0 0 0 0 0 0 0 w^2 | 0 0 0 1 0 0 0 0 0 0 0 0 0 0 0 0 0 0 0 0 0 0 0 0 0 w w 1 w^2 | 0 0 0 0 1 0 0 0 0 0 0 0 0 0 0 0 0 0 0 0 0 0 0 0 0 w w 1 w | 0 0 0 0 0 1 0 0 0 0 0 0 0 0 0 0 0 0 0 0 0 0 0 0 0 0 w^2 1 w^2 | 0 0 0 0 0 0 1 0 0 0 0 0 0 0 0 0 0 0 0 0 0 0 0 0 0 w 0 0 w^2 | 0 0 0 0 0 0 0 1 0 0 0 0 0 0 0 0 0 0 0 0 0 0 0 0 0 1 w 0 w^2 | 0 0 0 0 0 0 0 0 1 0 0 0 0 0 0 0 0 0 0 0 0 0 0 0 0 w^2 w^2 w^2 w | 0 0 0 0 0 0 0 0 0 1 0 0 0 0 0 0 0 0 0 0 0 0 0 0 0 1 0 w^2 1 | 0 0 0 0 0 0 0 0 0 0 1 0 0 0 0 0 0 0 0 0 0 0 0 0 0 0 1 0 0 | 0 0 0 0 0 0 0 0 0 0 0 1 0 0 0 0 0 0 0 0 0 0 0 0 0 w^2 1 1 w | 0 0 0 0 0 0 0 0 0 0 0 0 1 0 0 0 0 0 0 0 0 0 0 0 0 0 0 1 w | 0 0 0 0 0 0 0 0 0 0 0 0 0 1 0 0 0 0 0 0 0 0 0 0 0 w^2 w^2 0 w^2 | 0 0 0 0 0 0 0 0 0 0 0 0 0 0 1 0 0 0 0 0 0 0 0 0 0 0 w^2 w^2 w^2 | 0 0 0 0 0 0 0 0 0 0 0 0 0 0 0 1 0 0 0 0 0 0 0 0 0 1 w^2 1 w^2 | 0 0 0 0 0 0 0 0 0 0 0 0 0 0 0 0 1 0 0 0 0 0 0 0 0 1 0 w^2 w^2 | 0 0 0 0 0 0 0 0 0 0 0 0 0 0 0 0 0 1 0 0 0 0 0 0 0 w 0 0 1 | 0 0 0 0 0 0 0 0 0 0 0 0 0 0 0 0 0 0 1 0 0 0 0 0 0 w 1 1 w | 0 0 0 0 0 0 0 0 0 0 0 0 0 0 0 0 0 0 0 1 0 0 0 0 0 w 1 0 0 | 0 0 0 0 0 0 0 0 0 0 0 0 0 0 0 0 0 0 0 0 1 0 0 0 0 w w 1 0 | 0 0 0 0 0 0 0 0 0 0 0 0 0 0 0 0 0 0 0 0 0 1 0 0 0 w^2 0 w^2 w^2 | 0 0 0 0 0 0 0 0 0 0 0 0 0 0 0 0 0 0 0 0 0 0 1 0 0 w w w^2 w^2 | 0 0 0 0 0 0 0 0 0 0 0 0 0 0 0 0 0 0 0 0 0 0 0 1 0 1 0 1 w | 0 0 0 0 0 0 0 0 0 0 0 0 0 0 0 0 0 0 0 0 0 0 0 0 1 w 1 w 1
99	[[30,11,10;15]]_2	w w w^2 1 0 0 w^2 w^2 w^2 w^2 w^2 w^2 w w 1 w w^2 0 0 0 1 w^2 1 1 0 w w^2 w^2 w	1	1 0 0 0 0 0 0 0 0 0 0 0 0 0 0 0 0 0 w 0 1 w^2 0 w^2 0 w^2 0 1 0 | 0 1 0 0 0 0 0 0 0 0 0 0 0 0 0 0 1 w^2 1 0 w w w^2 0 w w 1 1 w^2 | 0 0 1 0 0 0 0 0 0 0 0 0 0 0 0 0 0 0 0 w^2 1 0 1 w^2 0 w^2 w w 1 | 0 0 0 1 0 0 0 0 0 0 0 0 0 0 0 0 w^2 w^2 1 1 w^2 w w 1 w^2 0 w w^2 w | 0 0 0 0 1 0 0 0 0 0 0 0 0 0 0 0 w^2 w^2 w^2 w^2 w w^2 1 w^2 w w^2 w 1 1 | 0 0 0 0 0 1 0 0 0 0 0 0 0 0 0 0 1 w 1 0 w^2 0 0 1 1 0 w^2 1 1 | 0 0 0 0 0 0 1 0 0 0 0 0 0 0 0 0 0 w w^2 0 1 w w w^2 w^2 w 1 w w | 0 0 0 0 0 0 0 1 0 0 0 0 0 0 0 0 w w^2 w^2 w^2 w^2 w 1 w 0 0 1 0 0 | 0 0 0 0 0 0 0 0 1 0 0 0 0 0 0 0 0 0 w w^2 w w w^2 w 1 0 w 0 w | 0 0 0 0 0 0 0 0 0 1 0 0 0 0 0 0 1 w w^2 1 0 w 0 0 w^2 0 0 1 w | 0 0 0 0 0 0 0 0 0 0 1 0 0 0 0 0 w w 0 0 1 w^2 w^2 w 1 w w 1 0 | 0 0 0 0 0 0 0 0 0 0 0 1 0 0 0 0 w^2 w^2 w^2 w w w^2 w^2 w^2 w 0 1 w w | 0 0 0 0 0 0 0 0 0 0 0 0 1 0 0 0 w 0 w^2 0 1 0 1 w^2 w 1 0 w^2 w | 0 0 0 0 0 0 0 0 0 0 0 0 0 1 0 0 w w 0 w 0 0 1 w^2 0 w w^2 w^2 1 | 0 0 0 0 0 0 0 0 0 0 0 0 0 0 1 0 w^2 w 0 0 w^2 w^2 w^2 0 w^2 0 w w w | 0 0 0 0 0 0 0 0 0 0 0 0 0 0 0 1 1 1 1 w^2 0 w w^2 0 1 w^2 w^2 0 w^2
100	[[30,13,8;11]]_2	w 1 w^2 w^2 0 w 1 1 0 0 1 w w^2 w 0 1 0 0 1 w^2 w^2 w^2 1 w^2 w 0 1 0 w	1	1 0 0 0 0 0 0 0 0 0 0 0 0 w w^2 0 1 0 w 0 1 w w w^2 0 w^2 1 w 1 | 0 1 0 0 0 0 0 0 0 0 0 0 0 w^2 0 0 0 0 0 w w^2 w 0 1 1 0 w w w | 0 0 1 0 0 0 0 0 0 0 0 0 0 w^2 w 1 w^2 1 1 w w^2 0 1 w w w 1 w^2 0 | 0 0 0 1 0 0 0 0 0 0 0 0 0 w^2 0 0 w w^2 0 0 0 w 0 1 0 w^2 1 w 0 | 0 0 0 0 1 0 0 0 0 0 0 0 0 1 1 0 w 1 w w 1 1 w^2 w^2 0 w w^2 w^2 1 | 0 0 0 0 0 1 0 0 0 0 0 0 0 0 1 w w 1 0 1 w^2 w 0 1 0 w^2 w^2 1 0 | 0 0 0 0 0 0 1 0 0 0 0 0 0 w^2 w 1 w^2 0 w^2 0 w 1 w w^2 0 w w^2 1 0 | 0 0 0 0 0 0 0 1 0 0 0 0 0 w 1 1 0 1 0 w^2 0 w^2 w^2 w 0 0 w^2 0 w^2 | 0 0 0 0 0 0 0 0 1 0 0 0 0 0 w^2 0 1 w 0 w^2 w 1 1 0 w 0 w 1 w^2 | 0 0 0 0 0 0 0 0 0 1 0 0 0 w^2 0 1 1 0 1 1 1 1 w^2 0 1 0 w 0 w^2 | 0 0 0 0 0 0 0 0 0 0 1 0 0 w^2 w w^2 0 1 w w^2 w 0 0 0 w w^2 w w^2 1 | 0 0 0 0 0 0 0 0 0 0 0 1 0 1 0 1 w^2 w^2 w 1 1 w 0 0 1 w^2 w w^2 w | 0 0 0 0 0 0 0 0 0 0 0 0 1 0 w 0 1 0 w 1 w 1 1 w^2 1 w 1 w w
101	[[30,13,10;17]]_2	0 0 0 w 0 w 0 w^2 1 w 1 w 0 0 0 1 1 w^2 w^2 w^2 1 0 0 0 w^2 0 w 0 1	1	1 0 0 0 0 0 0 0 0 0 0 0 0 0 1 0 0 0 w w 1 w^2 w^2 w^2 1 w^2 w^2 1 1 | 0 1 0 0 0 0 0 0 0 0 0 0 0 0 w^2 0 0 0 0 1 1 w^2 0 0 w^2 w^2 0 1 w | 0 0 1 0 0 0 0 0 0 0 0 0 0 0 w 0 0 1 1 w^2 w^2 0 1 1 0 0 w^2 w^2 0 | 0 0 0 1 0 0 0 0 0 0 0 0 0 0 0 0 0 w w^2 w 1 w^2 w w w 1 w^2 0 w | 0 0 0 0 1 0 0 0 0 0 0 0 0 0 0 0 0 1 0 w^2 1 1 w w w 0 w 0 0 | 0 0 0 0 0 1 0 0 0 0 0 0 0 0 w 0 0 1 1 w^2 1 w^2 w w 0 w w w^2 w | 0 0 0 0 0 0 1 0 0 0 0 0 0 0 w^2 0 0 1 1 0 w^2 1 w 1 w^2 0 w^2 w 0 | 0 0 0 0 0 0 0 1 0 0 0 0 0 0 w 0 0 w 0 0 w^2 1 1 w^2 w w 0 w^2 1 | 0 0 0 0 0 0 0 0 1 0 0 0 0 0 w^2 0 0 w^2 w w^2 0 1 w w^2 w^2 0 1 1 0 | 0 0 0 0 0 0 0 0 0 1 0 0 0 0 w 0 0 1 w 1 0 w 0 w 0 w^2 w^2 w w | 0 0 0 0 0 0 0 0 0 0 1 0 0 0 w 0 0 1 1 0 1 w^2 w w^2 1 w^2 1 0 1 | 0 0 0 0 0 0 0 0 0 0 0 1 0 0 w 0 0 w 0 w w 0 1 0 w^2 w 0 w 0 | 0 0 0 0 0 0 0 0 0 0 0 0 1 0 w^2 0 0 0 0 w w w 0 1 w^2 w^2 w^2 w w | 0 0 0 0 0 0 0 0 0 0 0 0 0 1 w 0 0 w^2 w w w w w^2 w^2 0 w 1 w 0 | 0 0 0 0 0 0 0 0 0 0 0 0 0 0 0 1 0 w 1 1 w w w 0 0 1 1 1 w^2 | 0 0 0 0 0 0 0 0 0 0 0 0 0 0 0 0 1 w^2 w^2 1 0 1 w^2 w w^2 w^2 w^2 0 0
102	[[30,14,8;12]]_2	0 w w^2 1 w^2 0 0 1 w^2 1 1 1 0 w 1 w^2 w^2 w w w^2 1 w^2 1 1 w 1 0 w^2 w^2	1	1 0 0 0 0 0 0 0 0 0 0 0 0 w w^2 0 1 0 w 0 1 w w w^2 0 w^2 1 w 1 | 0 1 0 0 0 0 0 0 0 0 0 0 0 w^2 0 0 0 0 0 w w^2 w 0 1 1 0 w w w | 0 0 1 0 0 0 0 0 0 0 0 0 0 w^2 w 1 w^2 1 1 w w^2 0 1 w w w 1 w^2 0 | 0 0 0 1 0 0 0 0 0 0 0 0 0 w^2 0 0 w w^2 0 0 0 w 0 1 0 w^2 1 w 0 | 0 0 0 0 1 0 0 0 0 0 0 0 0 1 1 0 w 1 w w 1 1 w^2 w^2 0 w w^2 w^2 1 | 0 0 0 0 0 1 0 0 0 0 0 0 0 0 1 w w 1 0 1 w^2 w 0 1 0 w^2 w^2 1 0 | 0 0 0 0 0 0 1 0 0 0 0 0 0 w^2 w 1 w^2 0 w^2 0 w 1 w w^2 0 w w^2 1 0 | 0 0 0 0 0 0 0 1 0 0 0 0 0 w 1 1 0 1 0 w^2 0 w^2 w^2 w 0 0 w^2 0 w^2 | 0 0 0 0 0 0 0 0 1 0 0 0 0 0 w^2 0 1 w 0 w^2 w 1 1 0 w 0 w 1 w^2 | 0 0 0 0 0 0 0 0 0 1 0 0 0 w^2 0 1 1 0 1 1 1 1 w^2 0 1 0 w 0 w^2 | 0 0 0 0 0 0 0 0 0 0 1 0 0 w^2 w w^2 0 1 w w^2 w 0 0 0 w w^2 w w^2 1 | 0 0 0 0 0 0 0 0 0 0 0 1 0 1 0 1 w^2 w^2 w 1 1 w 0 0 1 w^2 w w^2 w | 0 0 0 0 0 0 0 0 0 0 0 0 1 0 w 0 1 0 w 1 w 1 1 w^2 1 w 1 w w
103	[[30,16,7;10]]_2	w^2 w^2 1 w^2 0 w 0 1 0 w 0 0 w^2 0 0 1 w^2 0 w 1 w^2 1 0 0 w 1 1 w w^2	1	1 0 0 0 0 0 0 0 0 0 0 1 1 0 0 0 w^2 1 w w w 0 0 1 0 0 1 0 0 | 0 1 0 0 0 0 0 0 0 0 0 w^2 0 0 1 0 1 0 w w^2 w w 1 w^2 0 w^2 1 w^2 w | 0 0 1 0 0 0 0 0 0 0 0 w^2 1 0 w^2 1 w w w 1 w w^2 w w w w^2 0 0 w | 0 0 0 1 0 0 0 0 0 0 0 0 0 w 0 w 1 w w^2 w w^2 0 w^2 w 0 0 w^2 w w^2 | 0 0 0 0 1 0 0 0 0 0 0 1 1 w w^2 0 w w^2 w^2 w^2 w 1 w w^2 0 w^2 w w^2 w^2 | 0 0 0 0 0 1 0 0 0 0 0 1 w w^2 1 w^2 w 1 w^2 1 1 w^2 w^2 w w^2 w^2 0 1 0 | 0 0 0 0 0 0 1 0 0 0 0 0 w w 1 w 1 0 1 w^2 w^2 0 0 1 0 0 w w w^2 | 0 0 0 0 0 0 0 1 0 0 0 w^2 w 1 w^2 0 1 0 1 w^2 w^2 w w^2 w w^2 w 1 w^2 0 | 0 0 0 0 0 0 0 0 1 0 0 0 1 w^2 w^2 w^2 w^2 0 1 w w w^2 w^2 0 w^2 0 1 w^2 0 | 0 0 0 0 0 0 0 0 0 1 0 w^2 0 w^2 1 w^2 0 0 w^2 w 0 0 0 1 w^2 1 1 w^2 0 | 0 0 0 0 0 0 0 0 0 0 1 1 w^2 1 0 0 1 w^2 w^2 w w w^2 w 1 w 1 0 w^2 w^2
104	[[30,17,7;11]]_2	1 w 0 1 1 w^2 w^2 1 1 1 1 0 1 0 0 1 1 w^2 1 0 1 0 0 w w 1 w^2 1 1	1	1 0 0 0 0 0 0 0 0 0 0 1 1 0 0 0 w^2 1 w w w 0 0 1 0 0 1 0 0 | 0 1 0 0 0 0 0 0 0 0 0 w^2 0 0 1 0 1 0 w w^2 w w 1 w^2 0 w^2 1 w^2 w | 0 0 1 0 0 0 0 0 0 0 0 w^2 1 0 w^2 1 w w w 1 w w^2 w w w w^2 0 0 w | 0 0 0 1 0 0 0 0 0 0 0 0 0 w 0 w 1 w w^2 w w^2 0 w^2 w 0 0 w^2 w w^2 | 0 0 0 0 1 0 0 0 0 0 0 1 1 w w^2 0 w w^2 w^2 w^2 w 1 w w^2 0 w^2 w w^2 w^2 | 0 0 0 0 0 1 0 0 0 0 0 1 w w^2 1 w^2 w 1 w^2 1 1 w^2 w^2 w w^2 w^2 0 1 0 | 0 0 0 0 0 0 1 0 0 0 0 0 w w 1 w 1 0 1 w^2 w^2 0 0 1 0 0 w w w^2 | 0 0 0 0 0 0 0 1 0 0 0 w^2 w 1 w^2 0 1 0 1 w^2 w^2 w w^2 w w^2 w 1 w^2 0 | 0 0 0 0 0 0 0 0 1 0 0 0 1 w^2 w^2 w^2 w^2 0 1 w w w^2 w^2 0 w^2 0 1 w^2 0 | 0 0 0 0 0 0 0 0 0 1 0 w^2 0 w^2 1 w^2 0 0 w^2 w 0 0 0 1 w^2 1 1 w^2 0 | 0 0 0 0 0 0 0 0 0 0 1 1 w^2 1 0 0 1 w^2 w^2 w w w^2 w 1 w 1 0 w^2 w^2
105	[[30,18,7;12]]_2	w w w 0 w^2 w 0 w^2 w w w^2 1 w^2 w w^2 w^2 1 1 0 w^2 w w 1 1 w 0 w^2 1 0	1	1 0 0 0 0 0 0 0 0 0 0 1 1 0 0 0 w^2 1 w w w 0 0 1 0 0 1 0 0 | 0 1 0 0 0 0 0 0 0 0 0 w^2 0 0 1 0 1 0 w w^2 w w 1 w^2 0 w^2 1 w^2 w | 0 0 1 0 0 0 0 0 0 0 0 w^2 1 0 w^2 1 w w w 1 w w^2 w w w w^2 0 0 w | 0 0 0 1 0 0 0 0 0 0 0 0 0 w 0 w 1 w w^2 w w^2 0 w^2 w 0 0 w^2 w w^2 | 0 0 0 0 1 0 0 0 0 0 0 1 1 w w^2 0 w w^2 w^2 w^2 w 1 w w^2 0 w^2 w w^2 w^2 | 0 0 0 0 0 1 0 0 0 0 0 1 w w^2 1 w^2 w 1 w^2 1 1 w^2 w^2 w w^2 w^2 0 1 0 | 0 0 0 0 0 0 1 0 0 0 0 0 w w 1 w 1 0 1 w^2 w^2 0 0 1 0 0 w w w^2 | 0 0 0 0 0 0 0 1 0 0 0 w^2 w 1 w^2 0 1 0 1 w^2 w^2 w w^2 w w^2 w 1 w^2 0 | 0 0 0 0 0 0 0 0 1 0 0 0 1 w^2 w^2 w^2 w^2 0 1 w w w^2 w^2 0 w^2 0 1 w^2 0 | 0 0 0 0 0 0 0 0 0 1 0 w^2 0 w^2 1 w^2 0 0 w^2 w 0 0 0 1 w^2 1 1 w^2 0 | 0 0 0 0 0 0 0 0 0 0 1 1 w^2 1 0 0 1 w^2 w^2 w w w^2 w 1 w 1 0 w^2 w^2
106	[[31,2,24;29]]_2	w 1 1 w^2 w^2 0 w^2 w^2 1 1 w 0 1 w 0 0 0 0 1 w^2 w w w^2 w w^2 w^2 w w^2 1 w^2	1	1 0 0 0 0 0 0 0 0 0 0 0 0 0 0 0 0 0 0 0 0 0 0 0 0 0 0 0 1 1 | 0 1 0 0 0 0 0 0 0 0 0 0 0 0 0 0 0 0 0 0 0 0 0 0 0 0 0 0 w^2 1 | 0 0 1 0 0 0 0 0 0 0 0 0 0 0 0 0 0 0 0 0 0 0 0 0 0 0 0 0 0 w^2 | 0 0 0 1 0 0 0 0 0 0 0 0 0 0 0 0 0 0 0 0 0 0 0 0 0 0 0 0 w 0 | 0 0 0 0 1 0 0 0 0 0 0 0 0 0 0 0 0 0 0 0 0 0 0 0 0 0 0 0 w 0 | 0 0 0 0 0 1 0 0 0 0 0 0 0 0 0 0 0 0 0 0 0 0 0 0 0 0 0 0 w 1 | 0 0 0 0 0 0 1 0 0 0 0 0 0 0 0 0 0 0 0 0 0 0 0 0 0 0 0 0 w 0 | 0 0 0 0 0 0 0 1 0 0 0 0 0 0 0 0 0 0 0 0 0 0 0 0 0 0 0 0 1 w | 0 0 0 0 0 0 0 0 1 0 0 0 0 0 0 0 0 0 0 0 0 0 0 0 0 0 0 0 w^2 1 | 0 0 0 0 0 0 0 0 0 1 0 0 0 0 0 0 0 0 0 0 0 0 0 0 0 0 0 0 w w | 0 0 0 0 0 0 0 0 0 0 1 0 0 0 0 0 0 0 0 0 0 0 0 0 0 0 0 0 0 w | 0 0 0 0 0 0 0 0 0 0 0 1 0 0 0 0 0 0 0 0 0 0 0 0 0 0 0 0 1 w^2 | 0 0 0 0 0 0 0 0 0 0 0 0 1 0 0 0 0 0 0 0 0 0 0 0 0 0 0 0 0 w^2 | 0 0 0 0 0 0 0 0 0 0 0 0 0 1 0 0 0 0 0 0 0 0 0 0 0 0 0 0 w w^2 | 0 0 0 0 0 0 0 0 0 0 0 0 0 0 1 0 0 0 0 0 0 0 0 0 0 0 0 0 w 1 | 0 0 0 0 0 0 0 0 0 0 0 0 0 0 0 1 0 0 0 0 0 0 0 0 0 0 0 0 w 1 | 0 0 0 0 0 0 0 0 0 0 0 0 0 0 0 0 1 0 0 0 0 0 0 0 0 0 0 0 w^2 w | 0 0 0 0 0 0 0 0 0 0 0 0 0 0 0 0 0 1 0 0 0 0 0 0 0 0 0 0 1 w^2 | 0 0 0 0 0 0 0 0 0 0 0 0 0 0 0 0 0 0 1 0 0 0 0 0 0 0 0 0 1 0 | 0 0 0 0 0 0 0 0 0 0 0 0 0 0 0 0 0 0 0 1 0 0 0 0 0 0 0 0 w^2 w^2 | 0 0 0 0 0 0 0 0 0 0 0 0 0 0 0 0 0 0 0 0 1 0 0 0 0 0 0 0 w w^2 | 0 0 0 0 0 0 0 0 0 0 0 0 0 0 0 0 0 0 0 0 0 1 0 0 0 0 0 0 1 1 | 0 0 0 0 0 0 0 0 0 0 0 0 0 0 0 0 0 0 0 0 0 0 1 0 0 0 0 0 0 1 | 0 0 0 0 0 0 0 0 0 0 0 0 0 0 0 0 0 0 0 0 0 0 0 1 0 0 0 0 0 w | 0 0 0 0 0 0 0 0 0 0 0 0 0 0 0 0 0 0 0 0 0 0 0 0 1 0 0 0 1 w | 0 0 0 0 0 0 0 0 0 0 0 0 0 0 0 0 0 0 0 0 0 0 0 0 0 1 0 0 1 w | 0 0 0 0 0 0 0 0 0 0 0 0 0 0 0 0 0 0 0 0 0 0 0 0 0 0 1 0 0 w | 0 0 0 0 0 0 0 0 0 0 0 0 0 0 0 0 0 0 0 0 0 0 0 0 0 0 0 1 w 0
107	[[31,4,20;27]]_2	0 1 0 w^2 w^2 w w 0 w^2 0 0 1 w^2 0 w^2 w w^2 1 w^2 1 w w^2 w 1 1 0 0 0 w 0	1	1 0 0 0 0 0 0 0 0 0 0 0 0 0 0 0 0 0 0 0 0 0 0 0 0 0 w 1 0 w^2 | 0 1 0 0 0 0 0 0 0 0 0 0 0 0 0 0 0 0 0 0 0 0 0 0 0 0 1 w^2 w w^2 | 0 0 1 0 0 0 0 0 0 0 0 0 0 0 0 0 0 0 0 0 0 0 0 0 0 0 0 0 0 w^2 | 0 0 0 1 0 0 0 0 0 0 0 0 0 0 0 0 0 0 0 0 0 0 0 0 0 0 w^2 w^2 w^2 0 | 0 0 0 0 1 0 0 0 0 0 0 0 0 0 0 0 0 0 0 0 0 0 0 0 0 0 0 1 w^2 w | 0 0 0 0 0 1 0 0 0 0 0 0 0 0 0 0 0 0 0 0 0 0 0 0 0 0 1 w^2 1 w^2 | 0 0 0 0 0 0 1 0 0 0 0 0 0 0 0 0 0 0 0 0 0 0 0 0 0 0 w 0 1 1 | 0 0 0 0 0 0 0 1 0 0 0 0 0 0 0 0 0 0 0 0 0 0 0 0 0 0 1 w^2 0 w | 0 0 0 0 0 0 0 0 1 0 0 0 0 0 0 0 0 0 0 0 0 0 0 0 0 0 w^2 0 w^2 0 | 0 0 0 0 0 0 0 0 0 1 0 0 0 0 0 0 0 0 0 0 0 0 0 0 0 0 w w 0 1 | 0 0 0 0 0 0 0 0 0 0 1 0 0 0 0 0 0 0 0 0 0 0 0 0 0 0 w^2 1 0 1 | 0 0 0 0 0 0 0 0 0 0 0 1 0 0 0 0 0 0 0 0 0 0 0 0 0 0 1 w w 1 | 0 0 0 0 0 0 0 0 0 0 0 0 1 0 0 0 0 0 0 0 0 0 0 0 0 0 1 0 w^2 0 | 0 0 0 0 0 0 0 0 0 0 0 0 0 1 0 0 0 0 0 0 0 0 0 0 0 0 w 0 0 1 | 0 0 0 0 0 0 0 0 0 0 0 0 0 0 1 0 0 0 0 0 0 0 0 0 0 0 w^2 1 w^2 0 | 0 0 0 0 0 0 0 0 0 0 0 0 0 0 0 1 0 0 0 0 0 0 0 0 0 0 0 1 1 1 | 0 0 0 0 0 0 0 0 0 0 0 0 0 0 0 0 1 0 0 0 0 0 0 0 0 0 w 1 w^2 0 | 0 0 0 0 0 0 0 0 0 0 0 0 0 0 0 0 0 1 0 0 0 0 0 0 0 0 1 0 w w | 0 0 0 0 0 0 0 0 0 0 0 0 0 0 0 0 0 0 1 0 0 0 0 0 0 0 1 1 w^2 w | 0 0 0 0 0 0 0 0 0 0 0 0 0 0 0 0 0 0 0 1 0 0 0 0 0 0 w w^2 w w^2 | 0 0 0 0 0 0 0 0 0 0 0 0 0 0 0 0 0 0 0 0 1 0 0 0 0 0 0 0 1 0 | 0 0 0 0 0 0 0 0 0 0 0 0 0 0 0 0 0 0 0 0 0 1 0 0 0 0 w 0 w^2 1 | 0 0 0 0 0 0 0 0 0 0 0 0 0 0 0 0 0 0 0 0 0 0 1 0 0 0 w^2 w^2 1 w | 0 0 0 0 0 0 0 0 0 0 0 0 0 0 0 0 0 0 0 0 0 0 0 1 0 0 1 w w 0 | 0 0 0 0 0 0 0 0 0 0 0 0 0 0 0 0 0 0 0 0 0 0 0 0 1 0 w^2 1 w 1 | 0 0 0 0 0 0 0 0 0 0 0 0 0 0 0 0 0 0 0 0 0 0 0 0 0 1 0 w 0 w^2
108	[[31,6,17;25]]_2	1 0 1 0 w 1 1 0 0 1 0 w^2 w^2 w^2 w w^2 w w^2 1 w 1 1 1 1 0 w^2 1 1 1 1	1	1 0 0 0 0 0 0 0 0 0 0 0 0 0 0 0 0 0 0 0 0 0 0 0 0 1 1 w^2 0 1 | 0 1 0 0 0 0 0 0 0 0 0 0 0 0 0 0 0 0 0 0 0 0 0 1 0 1 w 1 w w | 0 0 1 0 0 0 0 0 0 0 0 0 0 0 0 0 0 0 0 0 0 0 0 1 0 1 1 0 0 w^2 | 0 0 0 1 0 0 0 0 0 0 0 0 0 0 0 0 0 0 0 0 0 0 0 0 0 0 w^2 w^2 w w | 0 0 0 0 1 0 0 0 0 0 0 0 0 0 0 0 0 0 0 0 0 0 0 w^2 0 0 w^2 0 0 w^2 | 0 0 0 0 0 1 0 0 0 0 0 0 0 0 0 0 0 0 0 0 0 0 0 w 0 w^2 0 1 w^2 0 | 0 0 0 0 0 0 1 0 0 0 0 0 0 0 0 0 0 0 0 0 0 0 0 w^2 0 1 1 w 0 w^2 | 0 0 0 0 0 0 0 1 0 0 0 0 0 0 0 0 0 0 0 0 0 0 0 0 0 w w w w^2 0 | 0 0 0 0 0 0 0 0 1 0 0 0 0 0 0 0 0 0 0 0 0 0 0 w 0 1 w^2 0 w 1 | 0 0 0 0 0 0 0 0 0 1 0 0 0 0 0 0 0 0 0 0 0 0 0 w^2 0 1 1 0 w w^2 | 0 0 0 0 0 0 0 0 0 0 1 0 0 0 0 0 0 0 0 0 0 0 0 w^2 0 0 1 w^2 1 0 | 0 0 0 0 0 0 0 0 0 0 0 1 0 0 0 0 0 0 0 0 0 0 0 1 0 w 0 1 0 1 | 0 0 0 0 0 0 0 0 0 0 0 0 1 0 0 0 0 0 0 0 0 0 0 w^2 0 1 w^2 w w 0 | 0 0 0 0 0 0 0 0 0 0 0 0 0 1 0 0 0 0 0 0 0 0 0 w 0 1 w 0 1 1 | 0 0 0 0 0 0 0 0 0 0 0 0 0 0 1 0 0 0 0 0 0 0 0 0 0 0 w^2 w^2 1 w | 0 0 0 0 0 0 0 0 0 0 0 0 0 0 0 1 0 0 0 0 0 0 0 w^2 0 w w^2 1 w w | 0 0 0 0 0 0 0 0 0 0 0 0 0 0 0 0 1 0 0 0 0 0 0 w^2 0 1 1 0 1 w | 0 0 0 0 0 0 0 0 0 0 0 0 0 0 0 0 0 1 0 0 0 0 0 1 0 w w 0 w 0 | 0 0 0 0 0 0 0 0 0 0 0 0 0 0 0 0 0 0 1 0 0 0 0 w^2 0 1 1 1 w w | 0 0 0 0 0 0 0 0 0 0 0 0 0 0 0 0 0 0 0 1 0 0 0 1 0 w^2 1 0 w 0 | 0 0 0 0 0 0 0 0 0 0 0 0 0 0 0 0 0 0 0 0 1 0 0 w^2 0 w 1 w^2 w 1 | 0 0 0 0 0 0 0 0 0 0 0 0 0 0 0 0 0 0 0 0 0 1 0 0 0 1 0 w^2 0 0 | 0 0 0 0 0 0 0 0 0 0 0 0 0 0 0 0 0 0 0 0 0 0 1 w 0 0 w w 0 w^2 | 0 0 0 0 0 0 0 0 0 0 0 0 0 0 0 0 0 0 0 0 0 0 0 0 1 w^2 w^2 w 1 1
109	[[31,7,10;8]]_2	w w^2 w w w^2 0 w^2 0 w^2 w 1 w 1 w 1 w^2 0 0 0 0 0 w 0 w^2 0 1 1 0 1 0	1	1 0 0 0 0 0 0 0 0 0 0 0 0 0 0 1 w 1 w 1 1 0 w^2 w 0 w^2 0 1 1 1 | 0 1 0 0 0 0 0 0 0 0 0 0 0 0 0 1 1 w 1 w 1 1 0 w^2 w 0 w^2 0 1 1 | 0 0 1 0 0 0 0 0 0 0 0 0 0 0 0 1 1 1 w 1 w 1 1 0 w^2 w 0 w^2 0 1 | 0 0 0 1 0 0 0 0 0 0 0 0 0 0 0 1 1 1 1 w 1 w 1 1 0 w^2 w 0 w^2 0 | 0 0 0 0 1 0 0 0 0 0 0 0 0 0 0 0 1 1 1 1 w 1 w 1 1 0 w^2 w 0 w^2 | 0 0 0 0 0 1 0 0 0 0 0 0 0 0 0 w^2 0 1 1 1 1 w 1 w 1 1 0 w^2 w 0 | 0 0 0 0 0 0 1 0 0 0 0 0 0 0 0 0 w^2 0 1 1 1 1 w 1 w 1 1 0 w^2 w | 0 0 0 0 0 0 0 1 0 0 0 0 0 0 0 w 0 w^2 0 1 1 1 1 w 1 w 1 1 0 w^2 | 0 0 0 0 0 0 0 0 1 0 0 0 0 0 0 w^2 w 0 w^2 0 1 1 1 1 w 1 w 1 1 0 | 0 0 0 0 0 0 0 0 0 1 0 0 0 0 0 0 w^2 w 0 w^2 0 1 1 1 1 w 1 w 1 1 | 0 0 0 0 0 0 0 0 0 0 1 0 0 0 0 1 0 w^2 w 0 w^2 0 1 1 1 1 w 1 w 1 | 0 0 0 0 0 0 0 0 0 0 0 1 0 0 0 1 1 0 w^2 w 0 w^2 0 1 1 1 1 w 1 w | 0 0 0 0 0 0 0 0 0 0 0 0 1 0 0 w 1 1 0 w^2 w 0 w^2 0 1 1 1 1 w 1 | 0 0 0 0 0 0 0 0 0 0 0 0 0 1 0 1 w 1 1 0 w^2 w 0 w^2 0 1 1 1 1 w | 0 0 0 0 0 0 0 0 0 0 0 0 0 0 1 w 1 w 1 1 0 w^2 w 0 w^2 0 1 1 1 1
110	[[31,7,16;24]]_2	w 1 1 1 1 w w w 0 1 w w^2 w w 1 w^2 w 1 0 0 1 w w 1 w 1 w^2 0 w w^2	1	1 0 0 0 0 0 0 0 0 0 0 0 0 0 0 0 0 0 0 0 0 0 0 0 1 w^2 w 1 1 w | 0 1 0 0 0 0 0 0 0 0 0 0 0 0 0 0 0 0 0 0 0 0 0 0 w w w w 1 1 | 0 0 1 0 0 0 0 0 0 0 0 0 0 0 0 0 0 0 0 0 0 0 0 w^2 0 1 1 w^2 0 w^2 | 0 0 0 1 0 0 0 0 0 0 0 0 0 0 0 0 0 0 0 0 0 0 0 w 1 0 w w w 1 | 0 0 0 0 1 0 0 0 0 0 0 0 0 0 0 0 0 0 0 0 0 0 0 0 w^2 w w w^2 w^2 0 | 0 0 0 0 0 1 0 0 0 0 0 0 0 0 0 0 0 0 0 0 0 0 0 w w w^2 1 w 0 w^2 | 0 0 0 0 0 0 1 0 0 0 0 0 0 0 0 0 0 0 0 0 0 0 0 1 w^2 1 0 w^2 0 w^2 | 0 0 0 0 0 0 0 1 0 0 0 0 0 0 0 0 0 0 0 0 0 0 0 w^2 w 0 0 w w 0 | 0 0 0 0 0 0 0 0 1 0 0 0 0 0 0 0 0 0 0 0 0 0 0 1 w 1 1 1 w^2 w^2 | 0 0 0 0 0 0 0 0 0 1 0 0 0 0 0 0 0 0 0 0 0 0 0 1 0 w w w^2 w 0 | 0 0 0 0 0 0 0 0 0 0 1 0 0 0 0 0 0 0 0 0 0 0 0 w 1 0 1 1 1 w | 0 0 0 0 0 0 0 0 0 0 0 1 0 0 0 0 0 0 0 0 0 0 0 0 1 0 w^2 0 0 0 | 0 0 0 0 0 0 0 0 0 0 0 0 1 0 0 0 0 0 0 0 0 0 0 0 1 1 w 0 w w | 0 0 0 0 0 0 0 0 0 0 0 0 0 1 0 0 0 0 0 0 0 0 0 0 w^2 w^2 1 1 w w^2 | 0 0 0 0 0 0 0 0 0 0 0 0 0 0 1 0 0 0 0 0 0 0 0 1 0 w^2 w 0 0 0 | 0 0 0 0 0 0 0 0 0 0 0 0 0 0 0 1 0 0 0 0 0 0 0 0 w^2 w 0 0 0 1 | 0 0 0 0 0 0 0 0 0 0 0 0 0 0 0 0 1 0 0 0 0 0 0 w 0 w^2 1 w w^2 1 | 0 0 0 0 0 0 0 0 0 0 0 0 0 0 0 0 0 1 0 0 0 0 0 0 w^2 w w 1 w w | 0 0 0 0 0 0 0 0 0 0 0 0 0 0 0 0 0 0 1 0 0 0 0 w 0 0 1 w^2 0 0 | 0 0 0 0 0 0 0 0 0 0 0 0 0 0 0 0 0 0 0 1 0 0 0 w w w^2 0 w^2 w^2 1 | 0 0 0 0 0 0 0 0 0 0 0 0 0 0 0 0 0 0 0 0 1 0 0 1 0 0 0 1 w w^2 | 0 0 0 0 0 0 0 0 0 0 0 0 0 0 0 0 0 0 0 0 0 1 0 w 1 w w^2 w 0 w^2 | 0 0 0 0 0 0 0 0 0 0 0 0 0 0 0 0 0 0 0 0 0 0 1 w^2 0 1 w 1 w w
111	[[31,8,10;9]]_2	w w^2 w 0 1 w 1 0 w 1 1 w w^2 1 w w^2 0 1 w^2 w 0 w 0 w w w^2 w^2 w^2 0 0	1	1 0 0 0 0 0 0 0 0 0 0 0 w^2 w^2 0 0 0 0 0 0 w^2 1 w^2 0 1 w^2 w w w^2 w | 0 1 0 0 0 0 0 0 0 0 0 0 0 w^2 w^2 0 0 0 w^2 w^2 w^2 1 w 1 1 1 0 w^2 w^2 w^2 | 0 0 1 0 0 0 0 0 0 0 0 0 w w w^2 0 0 0 1 w 0 w^2 w 1 0 w^2 1 w^2 w^2 w | 0 0 0 1 0 0 0 0 0 0 0 0 w 0 w 0 0 0 w^2 w w^2 1 w 0 w^2 w 1 1 0 w | 0 0 0 0 1 0 0 0 0 0 0 0 1 w^2 0 0 0 0 w^2 0 0 w^2 w^2 0 w^2 w w w^2 1 w^2 | 0 0 0 0 0 1 0 0 0 0 0 0 0 1 w^2 0 0 0 1 w 1 w^2 w 0 w w^2 w^2 0 1 1 | 0 0 0 0 0 0 1 0 0 0 0 0 w w 1 0 0 0 w w^2 w w^2 w^2 w^2 0 0 0 1 1 0 | 0 0 0 0 0 0 0 1 0 0 0 0 w^2 1 w 0 0 0 0 w 0 w^2 0 w^2 w w^2 w w w w^2 | 0 0 0 0 0 0 0 0 1 0 0 0 1 w 1 0 0 0 1 1 w 1 w^2 w^2 w^2 w^2 1 w^2 1 1 | 0 0 0 0 0 0 0 0 0 1 0 0 w^2 w w 0 0 0 w w^2 0 w 0 w 1 0 w^2 0 w^2 w^2 | 0 0 0 0 0 0 0 0 0 0 1 0 1 w w 0 0 0 1 w^2 w^2 1 w w^2 w 0 w w w^2 0 | 0 0 0 0 0 0 0 0 0 0 0 1 1 0 w 0 0 0 0 1 w 1 0 w 1 w^2 w^2 1 w^2 0 | 0 0 0 0 0 0 0 0 0 0 0 0 0 0 0 1 0 0 w w w 1 w 1 w^2 0 w w^2 w^2 0 | 0 0 0 0 0 0 0 0 0 0 0 0 0 0 0 0 1 0 0 w w w 1 w 1 w^2 0 w w^2 w^2 | 0 0 0 0 0 0 0 0 0 0 0 0 0 0 0 0 0 1 1 1 w^2 1 w^2 w 0 1 w w 0 w^2
112	[[31,9,10;10]]_2	w w w w^2 w w^2 w^2 w w^2 1 w^2 1 1 w^2 w^2 1 1 w w w w^2 0 0 0 w^2 1 0 w w^2 w	1	1 0 0 0 0 0 0 0 0 0 0 0 w^2 w^2 0 0 0 0 0 0 w^2 1 w^2 0 1 w^2 w w w^2 w | 0 1 0 0 0 0 0 0 0 0 0 0 0 w^2 w^2 0 0 0 w^2 w^2 w^2 1 w 1 1 1 0 w^2 w^2 w^2 | 0 0 1 0 0 0 0 0 0 0 0 0 w w w^2 0 0 0 1 w 0 w^2 w 1 0 w^2 1 w^2 w^2 w | 0 0 0 1 0 0 0 0 0 0 0 0 w 0 w 0 0 0 w^2 w w^2 1 w 0 w^2 w 1 1 0 w | 0 0 0 0 1 0 0 0 0 0 0 0 1 w^2 0 0 0 0 w^2 0 0 w^2 w^2 0 w^2 w w w^2 1 w^2 | 0 0 0 0 0 1 0 0 0 0 0 0 0 1 w^2 0 0 0 1 w 1 w^2 w 0 w w^2 w^2 0 1 1 | 0 0 0 0 0 0 1 0 0 0 0 0 w w 1 0 0 0 w w^2 w w^2 w^2 w^2 0 0 0 1 1 0 | 0 0 0 0 0 0 0 1 0 0 0 0 w^2 1 w 0 0 0 0 w 0 w^2 0 w^2 w w^2 w w w w^2 | 0 0 0 0 0 0 0 0 1 0 0 0 1 w 1 0 0 0 1 1 w 1 w^2 w^2 w^2 w^2 1 w^2 1 1 | 0 0 0 0 0 0 0 0 0 1 0 0 w^2 w w 0 0 0 w w^2 0 w 0 w 1 0 w^2 0 w^2 w^2 | 0 0 0 0 0 0 0 0 0 0 1 0 1 w w 0 0 0 1 w^2 w^2 1 w w^2 w 0 w w w^2 0 | 0 0 0 0 0 0 0 0 0 0 0 1 1 0 w 0 0 0 0 1 w 1 0 w 1 w^2 w^2 1 w^2 0 | 0 0 0 0 0 0 0 0 0 0 0 0 0 0 0 1 0 0 w w w 1 w 1 w^2 0 w w^2 w^2 0 | 0 0 0 0 0 0 0 0 0 0 0 0 0 0 0 0 1 0 0 w w w 1 w 1 w^2 0 w w^2 w^2 | 0 0 0 0 0 0 0 0 0 0 0 0 0 0 0 0 0 1 1 1 w^2 1 w^2 w 0 1 w w 0 w^2
113	[[31,10,10;11]]_2	w^2 0 w w^2 w^2 w 1 w 1 w 0 1 w^2 1 w 1 w^2 1 0 1 w 0 1 1 1 0 w^2 w w^2 0	1	1 0 0 0 0 0 0 0 0 0 0 0 w^2 w^2 0 0 0 0 0 0 w^2 1 w^2 0 1 w^2 w w w^2 w | 0 1 0 0 0 0 0 0 0 0 0 0 0 w^2 w^2 0 0 0 w^2 w^2 w^2 1 w 1 1 1 0 w^2 w^2 w^2 | 0 0 1 0 0 0 0 0 0 0 0 0 w w w^2 0 0 0 1 w 0 w^2 w 1 0 w^2 1 w^2 w^2 w | 0 0 0 1 0 0 0 0 0 0 0 0 w 0 w 0 0 0 w^2 w w^2 1 w 0 w^2 w 1 1 0 w | 0 0 0 0 1 0 0 0 0 0 0 0 1 w^2 0 0 0 0 w^2 0 0 w^2 w^2 0 w^2 w w w^2 1 w^2 | 0 0 0 0 0 1 0 0 0 0 0 0 0 1 w^2 0 0 0 1 w 1 w^2 w 0 w w^2 w^2 0 1 1 | 0 0 0 0 0 0 1 0 0 0 0 0 w w 1 0 0 0 w w^2 w w^2 w^2 w^2 0 0 0 1 1 0 | 0 0 0 0 0 0 0 1 0 0 0 0 w^2 1 w 0 0 0 0 w 0 w^2 0 w^2 w w^2 w w w w^2 | 0 0 0 0 0 0 0 0 1 0 0 0 1 w 1 0 0 0 1 1 w 1 w^2 w^2 w^2 w^2 1 w^2 1 1 | 0 0 0 0 0 0 0 0 0 1 0 0 w^2 w w 0 0 0 w w^2 0 w 0 w 1 0 w^2 0 w^2 w^2 | 0 0 0 0 0 0 0 0 0 0 1 0 1 w w 0 0 0 1 w^2 w^2 1 w w^2 w 0 w w w^2 0 | 0 0 0 0 0 0 0 0 0 0 0 1 1 0 w 0 0 0 0 1 w 1 0 w 1 w^2 w^2 1 w^2 0 | 0 0 0 0 0 0 0 0 0 0 0 0 0 0 0 1 0 0 w w w 1 w 1 w^2 0 w w^2 w^2 0 | 0 0 0 0 0 0 0 0 0 0 0 0 0 0 0 0 1 0 0 w w w 1 w 1 w^2 0 w w^2 w^2 | 0 0 0 0 0 0 0 0 0 0 0 0 0 0 0 0 0 1 1 1 w^2 1 w^2 w 0 1 w w 0 w^2
114	[[31,10,13;21]]_2	w^2 1 w 0 w^2 w w w^2 1 0 1 0 w w^2 1 1 0 w^2 0 w 0 0 w w w^2 w w^2 0 w^2 w	1	1 0 0 0 0 0 0 0 0 0 0 0 0 0 0 0 0 0 0 0 w 0 1 w^2 w^2 w 0 1 w 0 | 0 1 0 0 0 0 0 0 0 0 0 0 0 0 0 0 0 0 0 0 1 0 w^2 1 w w^2 w^2 1 w 1 | 0 0 1 0 0 0 0 0 0 0 0 0 0 0 0 0 0 0 0 0 1 1 w 1 1 0 1 1 w^2 0 | 0 0 0 1 0 0 0 0 0 0 0 0 0 0 0 0 0 0 0 0 1 1 1 w w^2 w 1 w 0 0 | 0 0 0 0 1 0 0 0 0 0 0 0 0 0 0 0 0 0 0 0 0 w w^2 w 0 0 w^2 1 0 0 | 0 0 0 0 0 1 0 0 0 0 0 0 0 0 0 0 0 0 0 0 w^2 w^2 1 1 1 w w 0 w 0 | 0 0 0 0 0 0 1 0 0 0 0 0 0 0 0 0 0 0 0 0 w w 1 w^2 0 w 0 0 0 1 | 0 0 0 0 0 0 0 1 0 0 0 0 0 0 0 0 0 0 0 0 w 0 w^2 w w 1 w w w^2 1 | 0 0 0 0 0 0 0 0 1 0 0 0 0 0 0 0 0 0 0 0 1 0 1 w w^2 w^2 0 1 w 1 | 0 0 0 0 0 0 0 0 0 1 0 0 0 0 0 0 0 0 0 0 1 1 w w^2 w 1 1 0 w w^2 | 0 0 0 0 0 0 0 0 0 0 1 0 0 0 0 0 0 0 0 0 w^2 0 1 0 0 0 w 0 w w^2 | 0 0 0 0 0 0 0 0 0 0 0 1 0 0 0 0 0 0 0 0 w w w w^2 0 w w w^2 w w^2 | 0 0 0 0 0 0 0 0 0 0 0 0 1 0 0 0 0 0 0 0 w^2 0 1 0 0 1 w^2 0 0 w^2 | 0 0 0 0 0 0 0 0 0 0 0 0 0 1 0 0 0 0 0 0 w^2 0 1 w 0 1 1 1 0 w | 0 0 0 0 0 0 0 0 0 0 0 0 0 0 1 0 0 0 0 0 1 0 1 w^2 0 w 0 w 1 1 | 0 0 0 0 0 0 0 0 0 0 0 0 0 0 0 1 0 0 0 0 1 w w w^2 w 1 1 w w^2 w | 0 0 0 0 0 0 0 0 0 0 0 0 0 0 0 0 1 0 0 0 0 w w 0 1 w^2 w 0 w w | 0 0 0 0 0 0 0 0 0 0 0 0 0 0 0 0 0 1 0 0 1 1 0 w^2 1 0 0 1 1 0 | 0 0 0 0 0 0 0 0 0 0 0 0 0 0 0 0 0 0 1 0 w^2 0 w 1 w^2 1 0 0 w^2 w | 0 0 0 0 0 0 0 0 0 0 0 0 0 0 0 0 0 0 0 1 w 1 1 0 0 0 1 w w w
115	[[31,11,10;12]]_2	1 w^2 0 0 1 0 0 w^2 1 0 0 w^2 w^2 w 0 w 1 1 0 w^2 1 1 1 0 w w^2 0 1 0 1	1	1 0 0 0 0 0 0 0 0 0 0 0 0 0 0 w 1 w^2 w w 0 1 w^2 w^2 w^2 w 0 1 0 w^2 | 0 1 0 0 0 0 0 0 0 0 0 0 0 0 0 w^2 w 1 w^2 w w 0 1 w^2 w^2 w^2 w 0 1 0 | 0 0 1 0 0 0 0 0 0 0 0 0 0 0 0 0 w^2 w 1 w^2 w w 0 1 w^2 w^2 w^2 w 0 1 | 0 0 0 1 0 0 0 0 0 0 0 0 0 0 0 1 0 w^2 w 1 w^2 w w 0 1 w^2 w^2 w^2 w 0 | 0 0 0 0 1 0 0 0 0 0 0 0 0 0 0 0 1 0 w^2 w 1 w^2 w w 0 1 w^2 w^2 w^2 w | 0 0 0 0 0 1 0 0 0 0 0 0 0 0 0 w 0 1 0 w^2 w 1 w^2 w w 0 1 w^2 w^2 w^2 | 0 0 0 0 0 0 1 0 0 0 0 0 0 0 0 w^2 w 0 1 0 w^2 w 1 w^2 w w 0 1 w^2 w^2 | 0 0 0 0 0 0 0 1 0 0 0 0 0 0 0 w^2 w^2 w 0 1 0 w^2 w 1 w^2 w w 0 1 w^2 | 0 0 0 0 0 0 0 0 1 0 0 0 0 0 0 w^2 w^2 w^2 w 0 1 0 w^2 w 1 w^2 w w 0 1 | 0 0 0 0 0 0 0 0 0 1 0 0 0 0 0 1 w^2 w^2 w^2 w 0 1 0 w^2 w 1 w^2 w w 0 | 0 0 0 0 0 0 0 0 0 0 1 0 0 0 0 0 1 w^2 w^2 w^2 w 0 1 0 w^2 w 1 w^2 w w | 0 0 0 0 0 0 0 0 0 0 0 1 0 0 0 w 0 1 w^2 w^2 w^2 w 0 1 0 w^2 w 1 w^2 w | 0 0 0 0 0 0 0 0 0 0 0 0 1 0 0 w w 0 1 w^2 w^2 w^2 w 0 1 0 w^2 w 1 w^2 | 0 0 0 0 0 0 0 0 0 0 0 0 0 1 0 w^2 w w 0 1 w^2 w^2 w^2 w 0 1 0 w^2 w 1 | 0 0 0 0 0 0 0 0 0 0 0 0 0 0 1 1 w^2 w w 0 1 w^2 w^2 w^2 w 0 1 0 w^2 w
116	[[31,11,12;20]]_2	0 0 1 w w 1 0 1 w 0 1 w w 0 1 w 1 1 w 1 w^2 w 1 0 w w^2 1 w^2 w 1	1	1 0 0 0 0 0 0 0 0 0 0 0 0 0 0 0 0 0 0 w^2 1 0 0 w 1 0 w^2 1 1 1 | 0 1 0 0 0 0 0 0 0 0 0 0 0 0 0 0 0 w^2 0 w 1 0 0 w w^2 0 0 w^2 w^2 0 | 0 0 1 0 0 0 0 0 0 0 0 0 0 0 0 0 0 0 0 1 0 0 w 0 w^2 0 w^2 w^2 w w | 0 0 0 1 0 0 0 0 0 0 0 0 0 0 0 0 0 1 0 w w 0 0 0 1 0 1 0 w^2 w | 0 0 0 0 1 0 0 0 0 0 0 0 0 0 0 0 0 w 0 0 w^2 0 0 w^2 w^2 w^2 0 w^2 w w | 0 0 0 0 0 1 0 0 0 0 0 0 0 0 0 0 0 1 0 0 w^2 0 1 w^2 0 w 0 0 1 w^2 | 0 0 0 0 0 0 1 0 0 0 0 0 0 0 0 0 0 w 0 w 0 0 1 1 1 w 0 w^2 0 w^2 | 0 0 0 0 0 0 0 1 0 0 0 0 0 0 0 0 0 w^2 0 1 1 0 w 1 w w 1 w w^2 w^2 | 0 0 0 0 0 0 0 0 1 0 0 0 0 0 0 0 0 1 0 1 w^2 0 1 w^2 0 w w^2 w^2 1 w | 0 0 0 0 0 0 0 0 0 1 0 0 0 0 0 0 0 w^2 0 0 w^2 0 w w w^2 1 0 1 1 w^2 | 0 0 0 0 0 0 0 0 0 0 1 0 0 0 0 0 0 1 0 w^2 0 0 w 0 1 w w^2 w^2 w 0 | 0 0 0 0 0 0 0 0 0 0 0 1 0 0 0 0 0 0 0 0 w 0 w 0 0 w w 0 w^2 w | 0 0 0 0 0 0 0 0 0 0 0 0 1 0 0 0 0 w^2 0 0 w 0 w 1 1 w^2 w w w^2 w | 0 0 0 0 0 0 0 0 0 0 0 0 0 1 0 0 0 w^2 0 w^2 0 0 0 w^2 1 1 0 w^2 1 w^2 | 0 0 0 0 0 0 0 0 0 0 0 0 0 0 1 0 0 0 0 w^2 1 0 1 1 w^2 w 0 w 0 0 | 0 0 0 0 0 0 0 0 0 0 0 0 0 0 0 1 0 0 0 1 0 0 1 0 w w^2 w^2 1 1 0 | 0 0 0 0 0 0 0 0 0 0 0 0 0 0 0 0 1 0 0 w^2 1 0 1 1 w w^2 0 w w w | 0 0 0 0 0 0 0 0 0 0 0 0 0 0 0 0 0 0 1 w w^2 0 w^2 1 0 w 0 1 w^2 1 | 0 0 0 0 0 0 0 0 0 0 0 0 0 0 0 0 0 0 0 0 0 1 w w 0 1 w 1 w w^2
117	[[31,12,10;13]]_2	1 w^2 1 w^2 1 0 1 w^2 0 1 w^2 w^2 0 w^2 1 w w^2 w^2 w^2 0 1 1 w 0 1 w 1 1 w^2 w^2	1	1 0 0 0 0 0 0 0 0 0 0 0 0 0 w 0 w w^2 0 w 1 w^2 0 w^2 1 1 w^2 1 w 0 | 0 1 0 0 0 0 0 0 0 0 0 0 0 0 w^2 0 w^2 w^2 w^2 w^2 0 0 w^2 1 1 w^2 0 1 w w | 0 0 1 0 0 0 0 0 0 0 0 0 0 0 1 0 0 w 1 w^2 w^2 0 1 w 0 w^2 w 1 1 1 | 0 0 0 1 0 0 0 0 0 0 0 0 0 0 w 0 1 1 w^2 0 0 1 w^2 0 w w w w 0 w^2 | 0 0 0 0 1 0 0 0 0 0 0 0 0 0 w^2 0 1 1 w w w^2 w w^2 w^2 1 w w w^2 w^2 1 | 0 0 0 0 0 1 0 0 0 0 0 0 0 0 1 0 w 1 0 0 w^2 0 1 w^2 1 1 w 0 1 1 | 0 0 0 0 0 0 1 0 0 0 0 0 0 0 w 0 1 w^2 0 1 w^2 1 w^2 0 w^2 w^2 0 w 1 w^2 | 0 0 0 0 0 0 0 1 0 0 0 0 0 0 w^2 0 1 1 0 1 w 1 w^2 w^2 1 w^2 w^2 1 w^2 0 | 0 0 0 0 0 0 0 0 1 0 0 0 0 0 1 0 1 w^2 1 1 w 0 1 1 0 w 1 0 0 w^2 | 0 0 0 0 0 0 0 0 0 1 0 0 0 0 w 0 0 w^2 0 1 1 w w w^2 w^2 w^2 0 w^2 0 1 | 0 0 0 0 0 0 0 0 0 0 1 0 0 0 w^2 0 0 w^2 w 0 1 1 1 1 0 w 0 w^2 w^2 w | 0 0 0 0 0 0 0 0 0 0 0 1 0 0 1 0 0 1 1 w 0 1 0 0 0 w w^2 1 w^2 0 | 0 0 0 0 0 0 0 0 0 0 0 0 1 0 w 0 w w^2 1 w^2 w^2 w^2 1 w^2 1 1 1 w w^2 w^2 | 0 0 0 0 0 0 0 0 0 0 0 0 0 1 w^2 0 1 w 0 0 0 1 1 1 w 1 1 0 w^2 w | 0 0 0 0 0 0 0 0 0 0 0 0 0 0 0 1 w^2 w 1 w^2 w 1 w^2 w 1 w^2 w 1 w^2 w
118	[[31,12,11;19]]_2	0 1 w^2 w^2 w^2 1 1 1 w 1 1 w 1 w w 0 w w 0 w^2 w^2 w^2 1 1 0 1 w 0 w^2 0	1	1 0 0 0 0 0 0 0 0 0 0 0 0 0 0 0 0 0 0 0 w^2 1 w^2 w^2 0 0 w w 1 w | 0 1 0 0 0 0 0 0 0 0 0 0 0 0 0 0 0 0 w^2 0 w^2 w w^2 1 w^2 w^2 w w^2 w 1 | 0 0 1 0 0 0 0 0 0 0 0 0 0 0 0 0 0 0 w^2 w^2 w 0 w w w 0 0 w 0 1 | 0 0 0 1 0 0 0 0 0 0 0 0 0 0 0 0 0 0 1 0 w w^2 1 0 1 0 1 1 1 1 | 0 0 0 0 1 0 0 0 0 0 0 0 0 0 0 0 0 0 w^2 w w 1 w w 1 w^2 w^2 1 w^2 0 | 0 0 0 0 0 1 0 0 0 0 0 0 0 0 0 0 0 0 0 1 w^2 w^2 0 1 w 0 0 w 1 w | 0 0 0 0 0 0 1 0 0 0 0 0 0 0 0 0 0 0 1 0 0 w w w w 0 0 0 1 1 | 0 0 0 0 0 0 0 1 0 0 0 0 0 0 0 0 0 0 1 w w w^2 0 w 1 w 0 0 0 w | 0 0 0 0 0 0 0 0 1 0 0 0 0 0 0 0 0 0 w w 1 1 1 w^2 0 w^2 1 w 1 1 | 0 0 0 0 0 0 0 0 0 1 0 0 0 0 0 0 0 0 w w 1 w w^2 0 1 w w^2 1 0 1 | 0 0 0 0 0 0 0 0 0 0 1 0 0 0 0 0 0 0 w^2 1 w^2 0 w 1 1 w w w^2 1 w | 0 0 0 0 0 0 0 0 0 0 0 1 0 0 0 0 0 0 w^2 1 1 w w 1 0 w^2 w^2 1 1 w | 0 0 0 0 0 0 0 0 0 0 0 0 1 0 0 0 0 0 1 1 0 w^2 1 0 w 0 w^2 1 w^2 1 | 0 0 0 0 0 0 0 0 0 0 0 0 0 1 0 0 0 0 w w^2 w^2 w^2 w^2 w^2 0 w^2 0 w^2 w^2 w | 0 0 0 0 0 0 0 0 0 0 0 0 0 0 1 0 0 0 0 1 1 1 w^2 w w 0 w^2 w^2 1 0 | 0 0 0 0 0 0 0 0 0 0 0 0 0 0 0 1 0 0 w w w 0 w^2 w^2 1 1 w 1 0 1 | 0 0 0 0 0 0 0 0 0 0 0 0 0 0 0 0 1 0 1 1 w^2 0 0 w 0 1 1 w 0 1 | 0 0 0 0 0 0 0 0 0 0 0 0 0 0 0 0 0 1 0 0 0 w^2 w 1 w w^2 0 1 1 1
119	[[31,13,8;10]]_2	w^2 1 w w 1 0 1 1 w w^2 1 1 1 w w w w w^2 1 1 0 w^2 0 w w^2 w^2 0 w 1 0	1	1 0 0 0 0 0 0 0 0 0 0 w 0 1 w^2 0 0 w^2 1 0 1 w w 1 1 w^2 1 w w^2 w | 0 1 0 0 0 0 0 0 0 0 0 1 w w^2 w^2 0 0 0 w 1 1 w w^2 w^2 0 w^2 w w 0 0 | 0 0 1 0 0 0 0 0 0 0 0 1 1 1 1 0 0 w w^2 w w 0 w^2 0 0 w 0 w^2 0 1 | 0 0 0 1 0 0 0 0 0 0 0 w 1 0 w 0 0 w w w^2 w 1 w w^2 0 w^2 w w^2 0 w^2 | 0 0 0 0 1 0 0 0 0 0 0 w^2 w w^2 1 0 0 w w^2 w w w w w^2 w 1 w w w 0 | 0 0 0 0 0 1 0 0 0 0 0 w w^2 w^2 0 0 0 w^2 w^2 w^2 w^2 0 0 w^2 w 1 0 0 1 0 | 0 0 0 0 0 0 1 0 0 0 0 0 w w^2 w^2 0 0 0 w^2 w^2 w^2 w^2 0 0 w^2 w 1 0 0 1 | 0 0 0 0 0 0 0 1 0 0 0 1 0 1 1 0 0 w^2 w w^2 1 w^2 w w w 1 0 1 w 0 | 0 0 0 0 0 0 0 0 1 0 0 w 1 1 w 0 0 w^2 w w w w^2 1 w^2 w^2 1 0 w w 0 | 0 0 0 0 0 0 0 0 0 1 0 w^2 w w^2 0 0 0 1 1 w 0 1 0 w^2 1 w w^2 w^2 w^2 1 | 0 0 0 0 0 0 0 0 0 0 1 0 w^2 w w^2 0 0 1 0 1 w^2 1 1 1 w 1 w^2 w w^2 w | 0 0 0 0 0 0 0 0 0 0 0 0 0 0 0 1 0 1 1 0 1 1 0 1 1 0 1 1 0 1 | 0 0 0 0 0 0 0 0 0 0 0 0 0 0 0 0 1 1 0 1 1 0 1 1 0 1 1 0 1 1
120	[[31,13,9;12]]_2	1 w^2 w^2 1 w^2 1 1 0 w 0 w^2 1 w^2 w w^2 0 w w 0 0 1 1 w^2 w^2 0 0 0 0 0 0	1	1 0 0 0 0 0 0 0 0 0 0 0 w w^2 0 0 0 1 1 0 w^2 1 w 1 0 w w 0 1 0 | 0 1 0 0 0 0 0 0 0 0 0 0 0 w w^2 0 0 0 1 1 0 w^2 1 w 1 0 w w 0 1 | 0 0 1 0 0 0 0 0 0 0 0 0 1 w w 0 0 0 1 w 0 w^2 0 w^2 0 w 1 w^2 w 1 | 0 0 0 1 0 0 0 0 0 0 0 0 w^2 0 w 0 0 1 0 w 0 w w w^2 1 1 1 0 w w^2 | 0 0 0 0 1 0 0 0 0 0 0 0 w^2 w 0 0 0 0 w w 1 w 0 w^2 w w^2 w w 0 1 | 0 0 0 0 0 1 0 0 0 0 0 0 0 w^2 w 0 0 w^2 w 1 1 1 0 1 1 0 w^2 w^2 1 1 | 0 0 0 0 0 0 1 0 0 0 0 0 w^2 1 w^2 0 0 1 w^2 1 w^2 w^2 0 w^2 w^2 0 w^2 w w 0 | 0 0 0 0 0 0 0 1 0 0 0 0 1 1 1 0 0 w^2 w w^2 w^2 0 w w^2 w^2 w 1 w^2 1 w | 0 0 0 0 0 0 0 0 1 0 0 0 w w 1 0 0 0 1 w^2 1 w 1 1 0 w 0 w^2 w^2 w^2 | 0 0 0 0 0 0 0 0 0 1 0 0 w 1 w 0 0 w^2 0 w^2 w 0 1 w^2 0 w^2 0 w^2 0 0 | 0 0 0 0 0 0 0 0 0 0 1 0 w^2 w^2 1 0 0 w 1 0 w 0 w^2 w^2 w^2 w^2 0 0 1 0 | 0 0 0 0 0 0 0 0 0 0 0 1 w 0 w^2 0 0 1 w^2 1 w^2 w^2 w w w^2 1 1 0 1 1 | 0 0 0 0 0 0 0 0 0 0 0 0 0 0 0 1 0 w^2 w w^2 w^2 0 w 1 w w 0 1 w^2 1 | 0 0 0 0 0 0 0 0 0 0 0 0 0 0 0 0 1 w^2 1 1 0 w^2 w w^2 w^2 0 w 1 w w
121	[[31,13,10;14]]_2	1 w^2 w 1 w 1 1 w w^2 1 0 0 w 0 w^2 1 w^2 w^2 w^2 0 1 w^2 0 w^2 0 w w 1 w 1	1	1 0 0 0 0 0 0 0 0 0 0 0 0 0 w 0 w w^2 0 w 1 w^2 0 w^2 1 1 w^2 1 w 0 | 0 1 0 0 0 0 0 0 0 0 0 0 0 0 w^2 0 w^2 w^2 w^2 w^2 0 0 w^2 1 1 w^2 0 1 w w | 0 0 1 0 0 0 0 0 0 0 0 0 0 0 1 0 0 w 1 w^2 w^2 0 1 w 0 w^2 w 1 1 1 | 0 0 0 1 0 0 0 0 0 0 0 0 0 0 w 0 1 1 w^2 0 0 1 w^2 0 w w w w 0 w^2 | 0 0 0 0 1 0 0 0 0 0 0 0 0 0 w^2 0 1 1 w w w^2 w w^2 w^2 1 w w w^2 w^2 1 | 0 0 0 0 0 1 0 0 0 0 0 0 0 0 1 0 w 1 0 0 w^2 0 1 w^2 1 1 w 0 1 1 | 0 0 0 0 0 0 1 0 0 0 0 0 0 0 w 0 1 w^2 0 1 w^2 1 w^2 0 w^2 w^2 0 w 1 w^2 | 0 0 0 0 0 0 0 1 0 0 0 0 0 0 w^2 0 1 1 0 1 w 1 w^2 w^2 1 w^2 w^2 1 w^2 0 | 0 0 0 0 0 0 0 0 1 0 0 0 0 0 1 0 1 w^2 1 1 w 0 1 1 0 w 1 0 0 w^2 | 0 0 0 0 0 0 0 0 0 1 0 0 0 0 w 0 0 w^2 0 1 1 w w w^2 w^2 w^2 0 w^2 0 1 | 0 0 0 0 0 0 0 0 0 0 1 0 0 0 w^2 0 0 w^2 w 0 1 1 1 1 0 w 0 w^2 w^2 w | 0 0 0 0 0 0 0 0 0 0 0 1 0 0 1 0 0 1 1 w 0 1 0 0 0 w w^2 1 w^2 0 | 0 0 0 0 0 0 0 0 0 0 0 0 1 0 w 0 w w^2 1 w^2 w^2 w^2 1 w^2 1 1 1 w w^2 w^2 | 0 0 0 0 0 0 0 0 0 0 0 0 0 1 w^2 0 1 w 0 0 0 1 1 1 w 1 1 0 w^2 w | 0 0 0 0 0 0 0 0 0 0 0 0 0 0 0 1 w^2 w 1 w^2 w 1 w^2 w 1 w^2 w 1 w^2 w
122	[[31,14,8;11]]_2	w 1 0 w 1 w^2 w^2 1 w^2 w^2 w 0 w^2 0 w 0 0 1 1 w^2 w w^2 1 1 1 0 0 0 1 1	1	1 0 0 0 0 0 0 0 0 0 0 w 0 1 w^2 0 0 w^2 1 0 1 w w 1 1 w^2 1 w w^2 w | 0 1 0 0 0 0 0 0 0 0 0 1 w w^2 w^2 0 0 0 w 1 1 w w^2 w^2 0 w^2 w w 0 0 | 0 0 1 0 0 0 0 0 0 0 0 1 1 1 1 0 0 w w^2 w w 0 w^2 0 0 w 0 w^2 0 1 | 0 0 0 1 0 0 0 0 0 0 0 w 1 0 w 0 0 w w w^2 w 1 w w^2 0 w^2 w w^2 0 w^2 | 0 0 0 0 1 0 0 0 0 0 0 w^2 w w^2 1 0 0 w w^2 w w w w w^2 w 1 w w w 0 | 0 0 0 0 0 1 0 0 0 0 0 w w^2 w^2 0 0 0 w^2 w^2 w^2 w^2 0 0 w^2 w 1 0 0 1 0 | 0 0 0 0 0 0 1 0 0 0 0 0 w w^2 w^2 0 0 0 w^2 w^2 w^2 w^2 0 0 w^2 w 1 0 0 1 | 0 0 0 0 0 0 0 1 0 0 0 1 0 1 1 0 0 w^2 w w^2 1 w^2 w w w 1 0 1 w 0 | 0 0 0 0 0 0 0 0 1 0 0 w 1 1 w 0 0 w^2 w w w w^2 1 w^2 w^2 1 0 w w 0 | 0 0 0 0 0 0 0 0 0 1 0 w^2 w w^2 0 0 0 1 1 w 0 1 0 w^2 1 w w^2 w^2 w^2 1 | 0 0 0 0 0 0 0 0 0 0 1 0 w^2 w w^2 0 0 1 0 1 w^2 1 1 1 w 1 w^2 w w^2 w | 0 0 0 0 0 0 0 0 0 0 0 0 0 0 0 1 0 1 1 0 1 1 0 1 1 0 1 1 0 1 | 0 0 0 0 0 0 0 0 0 0 0 0 0 0 0 0 1 1 0 1 1 0 1 1 0 1 1 0 1 1
123	[[31,14,10;15]]_2	0 w w 1 1 w^2 0 w w^2 0 0 1 0 0 w w w w^2 1 1 w 1 w 0 0 1 0 w 0 1	1	1 0 0 0 0 0 0 0 0 0 0 0 0 0 w 0 w w^2 0 w 1 w^2 0 w^2 1 1 w^2 1 w 0 | 0 1 0 0 0 0 0 0 0 0 0 0 0 0 w^2 0 w^2 w^2 w^2 w^2 0 0 w^2 1 1 w^2 0 1 w w | 0 0 1 0 0 0 0 0 0 0 0 0 0 0 1 0 0 w 1 w^2 w^2 0 1 w 0 w^2 w 1 1 1 | 0 0 0 1 0 0 0 0 0 0 0 0 0 0 w 0 1 1 w^2 0 0 1 w^2 0 w w w w 0 w^2 | 0 0 0 0 1 0 0 0 0 0 0 0 0 0 w^2 0 1 1 w w w^2 w w^2 w^2 1 w w w^2 w^2 1 | 0 0 0 0 0 1 0 0 0 0 0 0 0 0 1 0 w 1 0 0 w^2 0 1 w^2 1 1 w 0 1 1 | 0 0 0 0 0 0 1 0 0 0 0 0 0 0 w 0 1 w^2 0 1 w^2 1 w^2 0 w^2 w^2 0 w 1 w^2 | 0 0 0 0 0 0 0 1 0 0 0 0 0 0 w^2 0 1 1 0 1 w 1 w^2 w^2 1 w^2 w^2 1 w^2 0 | 0 0 0 0 0 0 0 0 1 0 0 0 0 0 1 0 1 w^2 1 1 w 0 1 1 0 w 1 0 0 w^2 | 0 0 0 0 0 0 0 0 0 1 0 0 0 0 w 0 0 w^2 0 1 1 w w w^2 w^2 w^2 0 w^2 0 1 | 0 0 0 0 0 0 0 0 0 0 1 0 0 0 w^2 0 0 w^2 w 0 1 1 1 1 0 w 0 w^2 w^2 w | 0 0 0 0 0 0 0 0 0 0 0 1 0 0 1 0 0 1 1 w 0 1 0 0 0 w w^2 1 w^2 0 | 0 0 0 0 0 0 0 0 0 0 0 0 1 0 w 0 w w^2 1 w^2 w^2 w^2 1 w^2 1 1 1 w w^2 w^2 | 0 0 0 0 0 0 0 0 0 0 0 0 0 1 w^2 0 1 w 0 0 0 1 1 1 w 1 1 0 w^2 w | 0 0 0 0 0 0 0 0 0 0 0 0 0 0 0 1 w^2 w 1 w^2 w 1 w^2 w 1 w^2 w 1 w^2 w
124	[[31,15,8;12]]_2	1 1 w^2 0 w^2 1 0 w 0 1 w 1 0 w w 0 w w w^2 1 0 w 0 1 1 w^2 w w w^2 0	1	1 0 0 0 0 0 0 0 0 0 0 w 0 1 w^2 0 0 w^2 1 0 1 w w 1 1 w^2 1 w w^2 w | 0 1 0 0 0 0 0 0 0 0 0 1 w w^2 w^2 0 0 0 w 1 1 w w^2 w^2 0 w^2 w w 0 0 | 0 0 1 0 0 0 0 0 0 0 0 1 1 1 1 0 0 w w^2 w w 0 w^2 0 0 w 0 w^2 0 1 | 0 0 0 1 0 0 0 0 0 0 0 w 1 0 w 0 0 w w w^2 w 1 w w^2 0 w^2 w w^2 0 w^2 | 0 0 0 0 1 0 0 0 0 0 0 w^2 w w^2 1 0 0 w w^2 w w w w w^2 w 1 w w w 0 | 0 0 0 0 0 1 0 0 0 0 0 w w^2 w^2 0 0 0 w^2 w^2 w^2 w^2 0 0 w^2 w 1 0 0 1 0 | 0 0 0 0 0 0 1 0 0 0 0 0 w w^2 w^2 0 0 0 w^2 w^2 w^2 w^2 0 0 w^2 w 1 0 0 1 | 0 0 0 0 0 0 0 1 0 0 0 1 0 1 1 0 0 w^2 w w^2 1 w^2 w w w 1 0 1 w 0 | 0 0 0 0 0 0 0 0 1 0 0 w 1 1 w 0 0 w^2 w w w w^2 1 w^2 w^2 1 0 w w 0 | 0 0 0 0 0 0 0 0 0 1 0 w^2 w w^2 0 0 0 1 1 w 0 1 0 w^2 1 w w^2 w^2 w^2 1 | 0 0 0 0 0 0 0 0 0 0 1 0 w^2 w w^2 0 0 1 0 1 w^2 1 1 1 w 1 w^2 w w^2 w | 0 0 0 0 0 0 0 0 0 0 0 0 0 0 0 1 0 1 1 0 1 1 0 1 1 0 1 1 0 1 | 0 0 0 0 0 0 0 0 0 0 0 0 0 0 0 0 1 1 0 1 1 0 1 1 0 1 1 0 1 1
125	[[32,2,25;30]]_2	w w 1 w 0 w^2 1 0 w 1 w^2 0 w w w w^2 w w w w^2 1 w^2 1 0 1 w w 0 w 1 w	1	1 0 0 0 0 0 0 0 0 0 0 0 0 0 0 0 0 0 0 0 0 0 0 0 0 0 0 0 0 w^2 0 | 0 1 0 0 0 0 0 0 0 0 0 0 0 0 0 0 0 0 0 0 0 0 0 0 0 0 0 0 0 w^2 0 | 0 0 1 0 0 0 0 0 0 0 0 0 0 0 0 0 0 0 0 0 0 0 0 0 0 0 0 0 0 w^2 w^2 | 0 0 0 1 0 0 0 0 0 0 0 0 0 0 0 0 0 0 0 0 0 0 0 0 0 0 0 0 0 1 w^2 | 0 0 0 0 1 0 0 0 0 0 0 0 0 0 0 0 0 0 0 0 0 0 0 0 0 0 0 0 0 w^2 1 | 0 0 0 0 0 1 0 0 0 0 0 0 0 0 0 0 0 0 0 0 0 0 0 0 0 0 0 0 0 0 w^2 | 0 0 0 0 0 0 1 0 0 0 0 0 0 0 0 0 0 0 0 0 0 0 0 0 0 0 0 0 0 w 1 | 0 0 0 0 0 0 0 1 0 0 0 0 0 0 0 0 0 0 0 0 0 0 0 0 0 0 0 0 0 w w^2 | 0 0 0 0 0 0 0 0 1 0 0 0 0 0 0 0 0 0 0 0 0 0 0 0 0 0 0 0 0 w w | 0 0 0 0 0 0 0 0 0 1 0 0 0 0 0 0 0 0 0 0 0 0 0 0 0 0 0 0 0 1 0 | 0 0 0 0 0 0 0 0 0 0 1 0 0 0 0 0 0 0 0 0 0 0 0 0 0 0 0 0 0 w 0 | 0 0 0 0 0 0 0 0 0 0 0 1 0 0 0 0 0 0 0 0 0 0 0 0 0 0 0 0 0 w^2 1 | 0 0 0 0 0 0 0 0 0 0 0 0 1 0 0 0 0 0 0 0 0 0 0 0 0 0 0 0 0 w w | 0 0 0 0 0 0 0 0 0 0 0 0 0 1 0 0 0 0 0 0 0 0 0 0 0 0 0 0 0 0 1 | 0 0 0 0 0 0 0 0 0 0 0 0 0 0 1 0 0 0 0 0 0 0 0 0 0 0 0 0 0 w w | 0 0 0 0 0 0 0 0 0 0 0 0 0 0 0 1 0 0 0 0 0 0 0 0 0 0 0 0 0 w^2 w | 0 0 0 0 0 0 0 0 0 0 0 0 0 0 0 0 1 0 0 0 0 0 0 0 0 0 0 0 0 0 1 | 0 0 0 0 0 0 0 0 0 0 0 0 0 0 0 0 0 1 0 0 0 0 0 0 0 0 0 0 0 1 w^2 | 0 0 0 0 0 0 0 0 0 0 0 0 0 0 0 0 0 0 1 0 0 0 0 0 0 0 0 0 0 w w | 0 0 0 0 0 0 0 0 0 0 0 0 0 0 0 0 0 0 0 1 0 0 0 0 0 0 0 0 0 0 w^2 | 0 0 0 0 0 0 0 0 0 0 0 0 0 0 0 0 0 0 0 0 1 0 0 0 0 0 0 0 0 0 w | 0 0 0 0 0 0 0 0 0 0 0 0 0 0 0 0 0 0 0 0 0 1 0 0 0 0 0 0 0 w 0 | 0 0 0 0 0 0 0 0 0 0 0 0 0 0 0 0 0 0 0 0 0 0 1 0 0 0 0 0 0 w 1 | 0 0 0 0 0 0 0 0 0 0 0 0 0 0 0 0 0 0 0 0 0 0 0 1 0 0 0 0 0 w^2 1 | 0 0 0 0 0 0 0 0 0 0 0 0 0 0 0 0 0 0 0 0 0 0 0 0 1 0 0 0 0 w^2 w^2 | 0 0 0 0 0 0 0 0 0 0 0 0 0 0 0 0 0 0 0 0 0 0 0 0 0 1 0 0 0 w^2 0 | 0 0 0 0 0 0 0 0 0 0 0 0 0 0 0 0 0 0 0 0 0 0 0 0 0 0 1 0 0 1 w^2 | 0 0 0 0 0 0 0 0 0 0 0 0 0 0 0 0 0 0 0 0 0 0 0 0 0 0 0 1 0 w w^2 | 0 0 0 0 0 0 0 0 0 0 0 0 0 0 0 0 0 0 0 0 0 0 0 0 0 0 0 0 1 w w
126	[[32,11,12;19]]_2	w^2 0 w^2 1 1 w 1 0 w^2 w 1 0 w^2 1 1 w 0 0 1 w^2 0 0 w^2 w^2 w^2 1 1 w 0 0 w	1	1 0 0 0 0 0 0 0 0 0 0 0 0 0 0 0 0 0 0 0 w w^2 w^2 1 0 w w^2 1 1 0 1 | 0 1 0 0 0 0 0 0 0 0 0 0 0 0 0 0 0 0 0 0 0 w w^2 w 0 0 1 0 1 w^2 1 | 0 0 1 0 0 0 0 0 0 0 0 0 0 0 0 0 0 0 0 w w 0 w w w w^2 0 1 w 1 w^2 | 0 0 0 1 0 0 0 0 0 0 0 0 0 0 0 0 0 0 0 w^2 0 1 w w^2 w^2 w^2 1 1 0 0 w^2 | 0 0 0 0 1 0 0 0 0 0 0 0 0 0 0 0 0 0 0 w 0 w 0 w^2 1 w^2 w w 0 w^2 w | 0 0 0 0 0 1 0 0 0 0 0 0 0 0 0 0 0 0 0 1 1 w 1 1 w 1 w^2 0 w^2 0 0 | 0 0 0 0 0 0 1 0 0 0 0 0 0 0 0 0 0 0 0 w 0 0 w w^2 w 1 0 w^2 1 1 0 | 0 0 0 0 0 0 0 1 0 0 0 0 0 0 0 0 0 0 0 w^2 0 w 0 1 1 w 0 w^2 w^2 0 w | 0 0 0 0 0 0 0 0 1 0 0 0 0 0 0 0 0 0 0 w 0 0 w^2 w 1 0 w 1 w^2 w 0 | 0 0 0 0 0 0 0 0 0 1 0 0 0 0 0 0 0 0 0 0 1 w 1 1 w 0 0 w w^2 0 w | 0 0 0 0 0 0 0 0 0 0 1 0 0 0 0 0 0 0 0 w 0 1 1 0 0 w 1 0 w w 1 | 0 0 0 0 0 0 0 0 0 0 0 1 0 0 0 0 0 0 0 w^2 1 1 0 1 1 1 w^2 w^2 0 w^2 w | 0 0 0 0 0 0 0 0 0 0 0 0 1 0 0 0 0 0 0 w 1 1 w 0 0 0 1 w w 0 w^2 | 0 0 0 0 0 0 0 0 0 0 0 0 0 1 0 0 0 0 0 1 w^2 w^2 w w^2 w^2 w^2 w^2 0 w^2 w^2 0 | 0 0 0 0 0 0 0 0 0 0 0 0 0 0 1 0 0 0 0 w^2 w^2 0 w^2 w^2 w 1 w 1 w^2 0 1 | 0 0 0 0 0 0 0 0 0 0 0 0 0 0 0 1 0 0 0 0 1 1 0 1 1 w w 1 w w 0 | 0 0 0 0 0 0 0 0 0 0 0 0 0 0 0 0 1 0 0 w w^2 w 0 w 0 0 w 0 0 0 w^2 | 0 0 0 0 0 0 0 0 0 0 0 0 0 0 0 0 0 1 0 0 w w^2 1 1 0 0 0 0 w^2 1 0 | 0 0 0 0 0 0 0 0 0 0 0 0 0 0 0 0 0 0 1 w w w^2 w^2 0 w 1 w^2 1 w w^2 w
127	[[32,11,13;21]]_2	w^2 1 1 w 0 w w w w^2 1 0 w 0 w w w 1 1 1 1 0 w 0 0 0 w^2 0 0 1 w^2 1	1	1 0 0 0 0 0 0 0 0 0 0 0 0 0 0 0 0 0 0 0 w w 1 1 0 w^2 0 1 0 1 0 | 0 1 0 0 0 0 0 0 0 0 0 0 0 0 0 0 0 0 0 0 w^2 0 w^2 0 w^2 1 1 0 1 w^2 w^2 | 0 0 1 0 0 0 0 0 0 0 0 0 0 0 0 0 0 0 0 0 w^2 1 0 w 0 w^2 0 0 w^2 w w^2 | 0 0 0 1 0 0 0 0 0 0 0 0 0 0 0 0 0 0 0 0 1 1 0 w w^2 w 1 w^2 w^2 0 0 | 0 0 0 0 1 0 0 0 0 0 0 0 0 0 0 0 0 0 0 0 0 w^2 w^2 w 0 w^2 w w^2 w w^2 0 | 0 0 0 0 0 1 0 0 0 0 0 0 0 0 0 0 0 0 0 0 1 w^2 1 1 w^2 1 w^2 1 0 w^2 w | 0 0 0 0 0 0 1 0 0 0 0 0 0 0 0 0 0 0 0 0 0 0 0 w w w w 1 w^2 0 w^2 | 0 0 0 0 0 0 0 1 0 0 0 0 0 0 0 0 0 0 0 0 0 w w^2 w 0 w^2 w w w^2 1 w | 0 0 0 0 0 0 0 0 1 0 0 0 0 0 0 0 0 0 0 0 w^2 w 0 w 1 w w 1 w^2 w 0 | 0 0 0 0 0 0 0 0 0 1 0 0 0 0 0 0 0 0 0 0 1 0 0 w w^2 w^2 w w 1 1 w^2 | 0 0 0 0 0 0 0 0 0 0 1 0 0 0 0 0 0 0 0 0 0 0 1 w 1 w 0 0 0 w 0 | 0 0 0 0 0 0 0 0 0 0 0 1 0 0 0 0 0 0 0 0 w^2 1 w^2 w^2 w 1 1 1 1 1 1 | 0 0 0 0 0 0 0 0 0 0 0 0 1 0 0 0 0 0 0 0 0 0 w^2 0 1 0 1 0 w^2 w 0 | 0 0 0 0 0 0 0 0 0 0 0 0 0 1 0 0 0 0 0 0 1 0 1 1 w 0 w^2 1 w 0 1 | 0 0 0 0 0 0 0 0 0 0 0 0 0 0 1 0 0 0 0 0 w^2 1 w^2 1 w^2 0 0 w 0 w w^2 | 0 0 0 0 0 0 0 0 0 0 0 0 0 0 0 1 0 0 0 0 1 w 1 0 w w^2 w^2 w^2 w^2 1 w | 0 0 0 0 0 0 0 0 0 0 0 0 0 0 0 0 1 0 0 0 0 w^2 w w w^2 w^2 w w^2 w^2 0 1 | 0 0 0 0 0 0 0 0 0 0 0 0 0 0 0 0 0 1 0 0 1 w w^2 0 0 w^2 w^2 1 1 w w^2 | 0 0 0 0 0 0 0 0 0 0 0 0 0 0 0 0 0 0 1 0 w 1 0 w 1 w 1 w w w^2 w | 0 0 0 0 0 0 0 0 0 0 0 0 0 0 0 0 0 0 0 1 1 0 w 1 0 w w^2 w^2 w w^2 1
128	[[32,12,11;18]]_2	w 0 1 w 1 w^2 0 w^2 w 1 0 w 0 w w w^2 w^2 0 0 w^2 1 w^2 0 1 1 w^2 w^2 w 0 w w	1	1 0 0 0 0 0 0 0 0 0 0 0 0 0 0 0 0 0 0 w^2 0 w^2 w 1 1 0 0 1 0 w w | 0 1 0 0 0 0 0 0 0 0 0 0 0 0 0 0 0 0 w 0 w^2 1 w^2 w w w^2 w^2 w^2 0 0 1 | 0 0 1 0 0 0 0 0 0 0 0 0 0 0 0 0 0 0 w w w^2 0 w^2 1 0 1 w w 0 w^2 w^2 | 0 0 0 1 0 0 0 0 0 0 0 0 0 0 0 0 0 0 w 0 0 1 0 0 1 w^2 w w^2 1 w w | 0 0 0 0 1 0 0 0 0 0 0 0 0 0 0 0 0 0 0 0 w w w 1 w w^2 w^2 w^2 1 1 w^2 | 0 0 0 0 0 1 0 0 0 0 0 0 0 0 0 0 0 0 w^2 0 0 0 w^2 w^2 1 1 w w w^2 0 0 | 0 0 0 0 0 0 1 0 0 0 0 0 0 0 0 0 0 0 0 0 w^2 1 w^2 0 0 1 1 1 0 0 w^2 | 0 0 0 0 0 0 0 1 0 0 0 0 0 0 0 0 0 0 w^2 0 w^2 w w w^2 w^2 w 0 w^2 w^2 w w^2 | 0 0 0 0 0 0 0 0 1 0 0 0 0 0 0 0 0 0 1 1 1 1 w 0 w^2 w^2 1 w 0 w^2 w | 0 0 0 0 0 0 0 0 0 1 0 0 0 0 0 0 0 0 1 0 w 1 w^2 0 w^2 w^2 1 1 w 0 w^2 | 0 0 0 0 0 0 0 0 0 0 1 0 0 0 0 0 0 0 1 w^2 w w^2 w w^2 1 w^2 1 w w w 1 | 0 0 0 0 0 0 0 0 0 0 0 1 0 0 0 0 0 0 0 w^2 1 0 w^2 w^2 w^2 w^2 w^2 1 w^2 0 0 | 0 0 0 0 0 0 0 0 0 0 0 0 1 0 0 0 0 0 w 0 1 w 0 w^2 w^2 0 0 1 1 w 0 | 0 0 0 0 0 0 0 0 0 0 0 0 0 1 0 0 0 0 1 w^2 1 w^2 1 w^2 w w^2 1 1 w w^2 w | 0 0 0 0 0 0 0 0 0 0 0 0 0 0 1 0 0 0 w^2 w w w^2 1 0 1 w^2 0 w 0 1 w | 0 0 0 0 0 0 0 0 0 0 0 0 0 0 0 1 0 0 w w w 1 0 w^2 1 1 w 0 1 1 w | 0 0 0 0 0 0 0 0 0 0 0 0 0 0 0 0 1 0 w 1 1 0 w^2 0 0 w 1 0 0 w w | 0 0 0 0 0 0 0 0 0 0 0 0 0 0 0 0 0 1 1 w^2 0 w 1 0 w w w^2 1 w 0 w
129	[[32,12,12;20]]_2	1 w^2 1 w w w^2 w w w 0 1 w 1 0 w 1 w^2 1 0 w w 1 w^2 w^2 w 1 w^2 w^2 w^2 w w^2	1	1 0 0 0 0 0 0 0 0 0 0 0 0 0 0 0 0 0 0 w^2 w^2 w^2 w^2 1 w 1 0 w w w^2 w | 0 1 0 0 0 0 0 0 0 0 0 0 0 0 0 0 0 0 0 w w^2 0 1 1 w w w w w w^2 w | 0 0 1 0 0 0 0 0 0 0 0 0 0 0 0 0 0 0 0 1 0 w w 1 w w^2 1 w^2 1 w^2 0 | 0 0 0 1 0 0 0 0 0 0 0 0 0 0 0 0 0 0 0 1 1 1 w^2 w w w^2 0 0 w w^2 w | 0 0 0 0 1 0 0 0 0 0 0 0 0 0 0 0 0 0 0 w w 1 0 1 1 w 1 1 w^2 w^2 1 | 0 0 0 0 0 1 0 0 0 0 0 0 0 0 0 0 0 0 0 0 1 w^2 w^2 w^2 1 w^2 1 0 1 w^2 0 | 0 0 0 0 0 0 1 0 0 0 0 0 0 0 0 0 0 0 0 0 1 1 w^2 1 1 1 1 1 0 0 0 | 0 0 0 0 0 0 0 1 0 0 0 0 0 0 0 0 0 0 0 1 0 1 w^2 w 1 w w 1 1 w^2 w | 0 0 0 0 0 0 0 0 1 0 0 0 0 0 0 0 0 0 0 w^2 0 w^2 w 1 w^2 1 w^2 1 1 0 w^2 | 0 0 0 0 0 0 0 0 0 1 0 0 0 0 0 0 0 0 0 w w^2 1 w 0 1 w^2 1 0 w 1 w | 0 0 0 0 0 0 0 0 0 0 1 0 0 0 0 0 0 0 0 0 w^2 1 w w^2 w^2 w^2 w^2 0 1 0 1 | 0 0 0 0 0 0 0 0 0 0 0 1 0 0 0 0 0 0 0 w 1 w w^2 w^2 w w^2 w w w^2 0 0 | 0 0 0 0 0 0 0 0 0 0 0 0 1 0 0 0 0 0 0 w^2 w 1 0 0 0 w 0 w 0 1 w^2 | 0 0 0 0 0 0 0 0 0 0 0 0 0 1 0 0 0 0 0 1 0 w^2 w 1 w 1 w^2 w^2 w^2 w w^2 | 0 0 0 0 0 0 0 0 0 0 0 0 0 0 1 0 0 0 0 0 w 1 w^2 w^2 1 0 w^2 w^2 w w 1 | 0 0 0 0 0 0 0 0 0 0 0 0 0 0 0 1 0 0 0 w w w^2 0 1 w 0 1 1 0 0 w^2 | 0 0 0 0 0 0 0 0 0 0 0 0 0 0 0 0 1 0 0 0 w w^2 w w^2 0 w^2 0 1 w^2 1 w^2 | 0 0 0 0 0 0 0 0 0 0 0 0 0 0 0 0 0 1 0 w^2 w w^2 w^2 0 w 1 1 w 0 1 1 | 0 0 0 0 0 0 0 0 0 0 0 0 0 0 0 0 0 0 1 0 w 1 w w^2 1 w w^2 w 1 0 w
130	[[32,13,11;19]]_2	0 w w^2 w w w 1 0 w w^2 w^2 0 1 w^2 1 0 w^2 1 1 0 1 w 1 1 0 0 w^2 1 w^2 w^2 w^2	1	1 0 0 0 0 0 0 0 0 0 0 0 0 0 0 0 0 0 0 w^2 0 w^2 w 1 1 0 0 1 0 w w | 0 1 0 0 0 0 0 0 0 0 0 0 0 0 0 0 0 0 w 0 w^2 1 w^2 w w w^2 w^2 w^2 0 0 1 | 0 0 1 0 0 0 0 0 0 0 0 0 0 0 0 0 0 0 w w w^2 0 w^2 1 0 1 w w 0 w^2 w^2 | 0 0 0 1 0 0 0 0 0 0 0 0 0 0 0 0 0 0 w 0 0 1 0 0 1 w^2 w w^2 1 w w | 0 0 0 0 1 0 0 0 0 0 0 0 0 0 0 0 0 0 0 0 w w w 1 w w^2 w^2 w^2 1 1 w^2 | 0 0 0 0 0 1 0 0 0 0 0 0 0 0 0 0 0 0 w^2 0 0 0 w^2 w^2 1 1 w w w^2 0 0 | 0 0 0 0 0 0 1 0 0 0 0 0 0 0 0 0 0 0 0 0 w^2 1 w^2 0 0 1 1 1 0 0 w^2 | 0 0 0 0 0 0 0 1 0 0 0 0 0 0 0 0 0 0 w^2 0 w^2 w w w^2 w^2 w 0 w^2 w^2 w w^2 | 0 0 0 0 0 0 0 0 1 0 0 0 0 0 0 0 0 0 1 1 1 1 w 0 w^2 w^2 1 w 0 w^2 w | 0 0 0 0 0 0 0 0 0 1 0 0 0 0 0 0 0 0 1 0 w 1 w^2 0 w^2 w^2 1 1 w 0 w^2 | 0 0 0 0 0 0 0 0 0 0 1 0 0 0 0 0 0 0 1 w^2 w w^2 w w^2 1 w^2 1 w w w 1 | 0 0 0 0 0 0 0 0 0 0 0 1 0 0 0 0 0 0 0 w^2 1 0 w^2 w^2 w^2 w^2 w^2 1 w^2 0 0 | 0 0 0 0 0 0 0 0 0 0 0 0 1 0 0 0 0 0 w 0 1 w 0 w^2 w^2 0 0 1 1 w 0 | 0 0 0 0 0 0 0 0 0 0 0 0 0 1 0 0 0 0 1 w^2 1 w^2 1 w^2 w w^2 1 1 w w^2 w | 0 0 0 0 0 0 0 0 0 0 0 0 0 0 1 0 0 0 w^2 w w w^2 1 0 1 w^2 0 w 0 1 w | 0 0 0 0 0 0 0 0 0 0 0 0 0 0 0 1 0 0 w w w 1 0 w^2 1 1 w 0 1 1 w | 0 0 0 0 0 0 0 0 0 0 0 0 0 0 0 0 1 0 w 1 1 0 w^2 0 0 w 1 0 0 w w | 0 0 0 0 0 0 0 0 0 0 0 0 0 0 0 0 0 1 1 w^2 0 w 1 0 w w w^2 1 w 0 w
131	[[33,2,26;31]]_2	0 0 0 w^2 1 1 w w^2 w^2 1 w w^2 1 1 w^2 1 w^2 0 w 1 w 1 w^2 w^2 0 w^2 1 w w^2 w^2 w^2 w^2	1	1 0 0 0 0 0 0 0 0 0 0 0 0 0 0 0 0 0 0 0 0 0 0 0 0 0 0 0 0 w^2 0 w^2 | 0 1 0 0 0 0 0 0 0 0 0 0 0 0 0 0 0 0 0 0 0 0 0 0 0 0 0 0 0 w 0 1 | 0 0 1 0 0 0 0 0 0 0 0 0 0 0 0 0 0 0 0 0 0 0 0 0 0 0 0 0 0 w 0 w | 0 0 0 1 0 0 0 0 0 0 0 0 0 0 0 0 0 0 0 0 0 0 0 0 0 0 0 0 0 1 0 1 | 0 0 0 0 1 0 0 0 0 0 0 0 0 0 0 0 0 0 0 0 0 0 0 0 0 0 0 0 0 w^2 0 1 | 0 0 0 0 0 1 0 0 0 0 0 0 0 0 0 0 0 0 0 0 0 0 0 0 0 0 0 0 0 w^2 0 1 | 0 0 0 0 0 0 1 0 0 0 0 0 0 0 0 0 0 0 0 0 0 0 0 0 0 0 0 0 0 0 0 1 | 0 0 0 0 0 0 0 1 0 0 0 0 0 0 0 0 0 0 0 0 0 0 0 0 0 0 0 0 0 w^2 0 0 | 0 0 0 0 0 0 0 0 1 0 0 0 0 0 0 0 0 0 0 0 0 0 0 0 0 0 0 0 0 0 0 w^2 | 0 0 0 0 0 0 0 0 0 1 0 0 0 0 0 0 0 0 0 0 0 0 0 0 0 0 0 0 0 1 0 w | 0 0 0 0 0 0 0 0 0 0 1 0 0 0 0 0 0 0 0 0 0 0 0 0 0 0 0 0 0 w 0 1 | 0 0 0 0 0 0 0 0 0 0 0 1 0 0 0 0 0 0 0 0 0 0 0 0 0 0 0 0 0 0 0 w^2 | 0 0 0 0 0 0 0 0 0 0 0 0 1 0 0 0 0 0 0 0 0 0 0 0 0 0 0 0 0 1 0 0 | 0 0 0 0 0 0 0 0 0 0 0 0 0 1 0 0 0 0 0 0 0 0 0 0 0 0 0 0 0 w^2 0 w | 0 0 0 0 0 0 0 0 0 0 0 0 0 0 1 0 0 0 0 0 0 0 0 0 0 0 0 0 0 0 0 w | 0 0 0 0 0 0 0 0 0 0 0 0 0 0 0 1 0 0 0 0 0 0 0 0 0 0 0 0 0 w^2 0 w^2 | 0 0 0 0 0 0 0 0 0 0 0 0 0 0 0 0 1 0 0 0 0 0 0 0 0 0 0 0 0 w 0 1 | 0 0 0 0 0 0 0 0 0 0 0 0 0 0 0 0 0 1 0 0 0 0 0 0 0 0 0 0 0 w 0 0 | 0 0 0 0 0 0 0 0 0 0 0 0 0 0 0 0 0 0 1 0 0 0 0 0 0 0 0 0 0 w^2 0 0 | 0 0 0 0 0 0 0 0 0 0 0 0 0 0 0 0 0 0 0 1 0 0 0 0 0 0 0 0 0 w^2 0 w | 0 0 0 0 0 0 0 0 0 0 0 0 0 0 0 0 0 0 0 0 1 0 0 0 0 0 0 0 0 w^2 0 w | 0 0 0 0 0 0 0 0 0 0 0 0 0 0 0 0 0 0 0 0 0 1 0 0 0 0 0 0 0 1 0 w | 0 0 0 0 0 0 0 0 0 0 0 0 0 0 0 0 0 0 0 0 0 0 1 0 0 0 0 0 0 w 0 w | 0 0 0 0 0 0 0 0 0 0 0 0 0 0 0 0 0 0 0 0 0 0 0 1 0 0 0 0 0 1 0 w^2 | 0 0 0 0 0 0 0 0 0 0 0 0 0 0 0 0 0 0 0 0 0 0 0 0 1 0 0 0 0 0 0 1 | 0 0 0 0 0 0 0 0 0 0 0 0 0 0 0 0 0 0 0 0 0 0 0 0 0 1 0 0 0 w 0 w^2 | 0 0 0 0 0 0 0 0 0 0 0 0 0 0 0 0 0 0 0 0 0 0 0 0 0 0 1 0 0 w^2 0 0 | 0 0 0 0 0 0 0 0 0 0 0 0 0 0 0 0 0 0 0 0 0 0 0 0 0 0 0 1 0 1 0 w | 0 0 0 0 0 0 0 0 0 0 0 0 0 0 0 0 0 0 0 0 0 0 0 0 0 0 0 0 1 w^2 0 0 | 0 0 0 0 0 0 0 0 0 0 0 0 0 0 0 0 0 0 0 0 0 0 0 0 0 0 0 0 0 0 1 w^2
132	[[33,3,23;30]]_2	1 w 0 0 1 w w^2 w^2 1 0 w 1 w^2 w^2 1 w^2 w^2 w^2 w^2 1 0 w w^2 w 1 1 w 0 w^2 w^2 0 w	1	1 0 0 0 0 0 0 0 0 0 0 0 0 0 0 0 0 0 0 0 0 0 0 0 0 0 0 0 0 1 0 1 | 0 1 0 0 0 0 0 0 0 0 0 0 0 0 0 0 0 0 0 0 0 0 0 0 0 0 0 0 0 1 0 w | 0 0 1 0 0 0 0 0 0 0 0 0 0 0 0 0 0 0 0 0 0 0 0 0 0 0 0 0 0 1 w^2 w^2 | 0 0 0 1 0 0 0 0 0 0 0 0 0 0 0 0 0 0 0 0 0 0 0 0 0 0 0 0 0 w^2 w w | 0 0 0 0 1 0 0 0 0 0 0 0 0 0 0 0 0 0 0 0 0 0 0 0 0 0 0 0 0 w w^2 w^2 | 0 0 0 0 0 1 0 0 0 0 0 0 0 0 0 0 0 0 0 0 0 0 0 0 0 0 0 0 0 w^2 0 w^2 | 0 0 0 0 0 0 1 0 0 0 0 0 0 0 0 0 0 0 0 0 0 0 0 0 0 0 0 0 0 w 0 w | 0 0 0 0 0 0 0 1 0 0 0 0 0 0 0 0 0 0 0 0 0 0 0 0 0 0 0 0 0 w w^2 w | 0 0 0 0 0 0 0 0 1 0 0 0 0 0 0 0 0 0 0 0 0 0 0 0 0 0 0 0 0 w^2 w^2 0 | 0 0 0 0 0 0 0 0 0 1 0 0 0 0 0 0 0 0 0 0 0 0 0 0 0 0 0 0 0 w^2 1 w | 0 0 0 0 0 0 0 0 0 0 1 0 0 0 0 0 0 0 0 0 0 0 0 0 0 0 0 0 0 w 1 0 | 0 0 0 0 0 0 0 0 0 0 0 1 0 0 0 0 0 0 0 0 0 0 0 0 0 0 0 0 0 0 0 w | 0 0 0 0 0 0 0 0 0 0 0 0 1 0 0 0 0 0 0 0 0 0 0 0 0 0 0 0 0 w^2 1 1 | 0 0 0 0 0 0 0 0 0 0 0 0 0 1 0 0 0 0 0 0 0 0 0 0 0 0 0 0 0 0 w^2 w^2 | 0 0 0 0 0 0 0 0 0 0 0 0 0 0 1 0 0 0 0 0 0 0 0 0 0 0 0 0 0 1 1 1 | 0 0 0 0 0 0 0 0 0 0 0 0 0 0 0 1 0 0 0 0 0 0 0 0 0 0 0 0 0 w^2 w 1 | 0 0 0 0 0 0 0 0 0 0 0 0 0 0 0 0 1 0 0 0 0 0 0 0 0 0 0 0 0 1 w 0 | 0 0 0 0 0 0 0 0 0 0 0 0 0 0 0 0 0 1 0 0 0 0 0 0 0 0 0 0 0 1 0 0 | 0 0 0 0 0 0 0 0 0 0 0 0 0 0 0 0 0 0 1 0 0 0 0 0 0 0 0 0 0 1 w^2 0 | 0 0 0 0 0 0 0 0 0 0 0 0 0 0 0 0 0 0 0 1 0 0 0 0 0 0 0 0 0 0 w^2 w | 0 0 0 0 0 0 0 0 0 0 0 0 0 0 0 0 0 0 0 0 1 0 0 0 0 0 0 0 0 1 1 w^2 | 0 0 0 0 0 0 0 0 0 0 0 0 0 0 0 0 0 0 0 0 0 1 0 0 0 0 0 0 0 w^2 w w^2 | 0 0 0 0 0 0 0 0 0 0 0 0 0 0 0 0 0 0 0 0 0 0 1 0 0 0 0 0 0 0 1 w^2 | 0 0 0 0 0 0 0 0 0 0 0 0 0 0 0 0 0 0 0 0 0 0 0 1 0 0 0 0 0 1 w^2 w | 0 0 0 0 0 0 0 0 0 0 0 0 0 0 0 0 0 0 0 0 0 0 0 0 1 0 0 0 0 w^2 0 0 | 0 0 0 0 0 0 0 0 0 0 0 0 0 0 0 0 0 0 0 0 0 0 0 0 0 1 0 0 0 0 1 w | 0 0 0 0 0 0 0 0 0 0 0 0 0 0 0 0 0 0 0 0 0 0 0 0 0 0 1 0 0 w^2 w w^2 | 0 0 0 0 0 0 0 0 0 0 0 0 0 0 0 0 0 0 0 0 0 0 0 0 0 0 0 1 0 1 1 w^2 | 0 0 0 0 0 0 0 0 0 0 0 0 0 0 0 0 0 0 0 0 0 0 0 0 0 0 0 0 1 1 1 0
133	[[33,8,16;25]]_2	1 w^2 w^2 1 1 1 0 w w^2 0 w w^2 0 w 1 1 1 1 0 w 0 1 w^2 1 w w^2 w w^2 w^2 w 0 w	1	1 0 0 0 0 0 0 0 0 0 0 0 0 0 0 0 0 0 0 0 0 0 0 0 1 w^2 w w w 0 w^2 w^2 | 0 1 0 0 0 0 0 0 0 0 0 0 0 0 0 0 0 0 0 0 0 0 0 0 1 0 0 0 w w^2 0 0 | 0 0 1 0 0 0 0 0 0 0 0 0 0 0 0 0 0 0 0 0 0 0 0 0 0 w^2 w^2 w^2 w^2 w^2 0 1 | 0 0 0 1 0 0 0 0 0 0 0 0 0 0 0 0 0 0 0 0 0 0 0 0 w w^2 1 1 w w^2 1 w | 0 0 0 0 1 0 0 0 0 0 0 0 0 0 0 0 0 0 0 0 0 0 0 0 0 w w 1 1 w 1 w^2 | 0 0 0 0 0 1 0 0 0 0 0 0 0 0 0 0 0 0 0 0 0 0 0 0 w^2 0 1 w^2 1 0 1 1 | 0 0 0 0 0 0 1 0 0 0 0 0 0 0 0 0 0 0 0 0 0 0 0 0 w^2 1 w^2 0 0 0 0 w^2 | 0 0 0 0 0 0 0 1 0 0 0 0 0 0 0 0 0 0 0 0 0 0 0 0 0 w^2 0 w 0 0 w w | 0 0 0 0 0 0 0 0 1 0 0 0 0 0 0 0 0 0 0 0 0 0 0 0 0 w 1 w^2 0 w^2 w w | 0 0 0 0 0 0 0 0 0 1 0 0 0 0 0 0 0 0 0 0 0 0 0 0 0 1 1 w^2 w^2 w 1 0 | 0 0 0 0 0 0 0 0 0 0 1 0 0 0 0 0 0 0 0 0 0 0 0 0 1 1 0 0 w w 1 0 | 0 0 0 0 0 0 0 0 0 0 0 1 0 0 0 0 0 0 0 0 0 0 0 0 1 w 1 w w^2 w^2 1 w | 0 0 0 0 0 0 0 0 0 0 0 0 1 0 0 0 0 0 0 0 0 0 0 0 w^2 1 w w^2 w^2 w 1 0 | 0 0 0 0 0 0 0 0 0 0 0 0 0 1 0 0 0 0 0 0 0 0 0 0 0 0 0 w^2 1 w^2 w w^2 | 0 0 0 0 0 0 0 0 0 0 0 0 0 0 1 0 0 0 0 0 0 0 0 0 w 1 1 w w^2 w^2 w w | 0 0 0 0 0 0 0 0 0 0 0 0 0 0 0 1 0 0 0 0 0 0 0 0 0 w w^2 0 0 0 1 0 | 0 0 0 0 0 0 0 0 0 0 0 0 0 0 0 0 1 0 0 0 0 0 0 0 1 1 1 w w^2 w w^2 0 | 0 0 0 0 0 0 0 0 0 0 0 0 0 0 0 0 0 1 0 0 0 0 0 0 1 1 w^2 1 w 1 w^2 0 | 0 0 0 0 0 0 0 0 0 0 0 0 0 0 0 0 0 0 1 0 0 0 0 0 w^2 1 0 w w^2 w^2 w^2 0 | 0 0 0 0 0 0 0 0 0 0 0 0 0 0 0 0 0 0 0 1 0 0 0 0 0 0 w 0 w^2 0 w 1 | 0 0 0 0 0 0 0 0 0 0 0 0 0 0 0 0 0 0 0 0 1 0 0 0 w^2 w 1 1 w^2 w 0 0 | 0 0 0 0 0 0 0 0 0 0 0 0 0 0 0 0 0 0 0 0 0 1 0 0 w w 1 w^2 w 1 1 w | 0 0 0 0 0 0 0 0 0 0 0 0 0 0 0 0 0 0 0 0 0 0 1 0 1 1 1 1 1 0 0 0 | 0 0 0 0 0 0 0 0 0 0 0 0 0 0 0 0 0 0 0 0 0 0 0 1 w^2 w 0 w^2 1 0 w^2 1
134	[[33,9,15;24]]_2	1 w^2 w^2 w^2 w^2 1 w^2 1 0 w w w^2 w 0 0 w^2 1 1 w w 0 w w^2 w 0 w 1 1 1 0 w^2 w	1	1 0 0 0 0 0 0 0 0 0 0 0 0 0 0 0 0 0 0 0 0 0 0 0 w 0 w^2 1 w^2 0 w^2 w | 0 1 0 0 0 0 0 0 0 0 0 0 0 0 0 0 0 0 0 0 0 0 0 w^2 1 w^2 1 w^2 1 0 w w^2 | 0 0 1 0 0 0 0 0 0 0 0 0 0 0 0 0 0 0 0 0 0 0 0 w w w 0 1 0 w w^2 w^2 | 0 0 0 1 0 0 0 0 0 0 0 0 0 0 0 0 0 0 0 0 0 0 0 1 w 1 w^2 w w 1 0 w | 0 0 0 0 1 0 0 0 0 0 0 0 0 0 0 0 0 0 0 0 0 0 0 w w^2 w^2 0 0 0 0 1 1 | 0 0 0 0 0 1 0 0 0 0 0 0 0 0 0 0 0 0 0 0 0 0 0 0 w 0 0 w^2 0 1 1 0 | 0 0 0 0 0 0 1 0 0 0 0 0 0 0 0 0 0 0 0 0 0 0 0 w^2 0 w^2 0 w w 0 w w | 0 0 0 0 0 0 0 1 0 0 0 0 0 0 0 0 0 0 0 0 0 0 0 w^2 0 1 w^2 0 w w w w^2 | 0 0 0 0 0 0 0 0 1 0 0 0 0 0 0 0 0 0 0 0 0 0 0 0 w w^2 w 1 w 0 1 w | 0 0 0 0 0 0 0 0 0 1 0 0 0 0 0 0 0 0 0 0 0 0 0 w 1 1 0 0 w 0 0 1 | 0 0 0 0 0 0 0 0 0 0 1 0 0 0 0 0 0 0 0 0 0 0 0 1 w 0 w^2 w 1 0 1 w^2 | 0 0 0 0 0 0 0 0 0 0 0 1 0 0 0 0 0 0 0 0 0 0 0 w^2 0 w 0 1 1 w 0 w | 0 0 0 0 0 0 0 0 0 0 0 0 1 0 0 0 0 0 0 0 0 0 0 1 w^2 0 1 w 0 0 w^2 w^2 | 0 0 0 0 0 0 0 0 0 0 0 0 0 1 0 0 0 0 0 0 0 0 0 1 w 1 w w^2 0 0 w^2 0 | 0 0 0 0 0 0 0 0 0 0 0 0 0 0 1 0 0 0 0 0 0 0 0 1 w^2 w^2 w 1 w w^2 w^2 w | 0 0 0 0 0 0 0 0 0 0 0 0 0 0 0 1 0 0 0 0 0 0 0 w 0 0 0 w w^2 w 0 w^2 | 0 0 0 0 0 0 0 0 0 0 0 0 0 0 0 0 1 0 0 0 0 0 0 0 0 0 1 0 1 w 1 1 | 0 0 0 0 0 0 0 0 0 0 0 0 0 0 0 0 0 1 0 0 0 0 0 w^2 w^2 w^2 w w^2 w 1 w w | 0 0 0 0 0 0 0 0 0 0 0 0 0 0 0 0 0 0 1 0 0 0 0 1 w w 0 w w w w w^2 | 0 0 0 0 0 0 0 0 0 0 0 0 0 0 0 0 0 0 0 1 0 0 0 w^2 w^2 1 w 1 w^2 w w^2 1 | 0 0 0 0 0 0 0 0 0 0 0 0 0 0 0 0 0 0 0 0 1 0 0 1 0 w 0 1 1 w^2 w^2 1 | 0 0 0 0 0 0 0 0 0 0 0 0 0 0 0 0 0 0 0 0 0 1 0 w 1 w 1 w^2 1 w w^2 w | 0 0 0 0 0 0 0 0 0 0 0 0 0 0 0 0 0 0 0 0 0 0 1 w^2 w 1 1 0 1 1 1 w
135	[[33,12,11;17]]_2	0 w^2 w 0 1 0 w w^2 w^2 1 1 0 1 w 1 w 0 0 0 w^2 0 w^2 1 w 0 0 w^2 w 1 w^2 0 w^2	1	1 0 0 0 0 0 0 0 0 0 0 0 0 0 0 0 0 0 w^2 0 w^2 0 0 w^2 0 0 1 w w w^2 w 1 | 0 1 0 0 0 0 0 0 0 0 0 0 0 0 0 0 0 0 0 1 w 0 w^2 0 w^2 1 0 1 1 w 1 1 | 0 0 1 0 0 0 0 0 0 0 0 0 0 0 0 0 0 0 w^2 w w^2 0 w^2 w 0 w^2 1 w 0 w^2 0 0 | 0 0 0 1 0 0 0 0 0 0 0 0 0 0 0 0 0 0 w^2 1 0 0 0 1 0 0 0 0 w w^2 1 1 | 0 0 0 0 1 0 0 0 0 0 0 0 0 0 0 0 0 0 0 w^2 w w^2 0 0 0 1 1 w^2 0 0 w w^2 | 0 0 0 0 0 1 0 0 0 0 0 0 0 0 0 0 0 0 w^2 w w^2 w w^2 1 w^2 w^2 1 w 1 1 1 0 | 0 0 0 0 0 0 1 0 0 0 0 0 0 0 0 0 0 0 w w 1 w 1 0 w^2 0 w^2 1 1 w^2 w^2 0 | 0 0 0 0 0 0 0 1 0 0 0 0 0 0 0 0 0 0 1 w^2 w^2 0 w^2 w w 1 1 1 1 w 0 1 | 0 0 0 0 0 0 0 0 1 0 0 0 0 0 0 0 0 0 w 1 w^2 w^2 1 w w^2 w^2 w^2 w w^2 w^2 w w | 0 0 0 0 0 0 0 0 0 1 0 0 0 0 0 0 0 0 w^2 1 0 1 w 1 w 1 1 0 w^2 w^2 w^2 0 | 0 0 0 0 0 0 0 0 0 0 1 0 0 0 0 0 0 0 w 1 w w 1 0 1 w 0 0 0 w 0 1 | 0 0 0 0 0 0 0 0 0 0 0 1 0 0 0 0 0 0 w 0 0 w 1 w 0 0 w^2 1 w^2 w w w^2 | 0 0 0 0 0 0 0 0 0 0 0 0 1 0 0 0 0 0 1 1 1 0 w^2 w^2 w 0 1 0 w^2 0 0 w | 0 0 0 0 0 0 0 0 0 0 0 0 0 1 0 0 0 0 1 w^2 0 w^2 w w^2 w w^2 w^2 0 0 w^2 0 w | 0 0 0 0 0 0 0 0 0 0 0 0 0 0 1 0 0 0 1 0 w^2 0 1 1 w w 0 0 w^2 w^2 1 w^2 | 0 0 0 0 0 0 0 0 0 0 0 0 0 0 0 1 0 0 0 w w w^2 w 0 w w w w w 0 w^2 w | 0 0 0 0 0 0 0 0 0 0 0 0 0 0 0 0 1 0 w 1 0 0 0 w^2 w w^2 0 1 w 1 w w | 0 0 0 0 0 0 0 0 0 0 0 0 0 0 0 0 0 1 w 1 w^2 0 w w^2 w^2 w^2 0 w^2 w w^2 w^2 w
136	[[33,12,12;19]]_2	0 w w 1 0 w^2 w^2 1 w^2 w^2 0 w^2 0 w 0 1 w^2 1 w w 0 1 1 w^2 w^2 1 0 w^2 w^2 w^2 w w	1	1 0 0 0 0 0 0 0 0 0 0 0 0 0 0 0 0 w^2 0 w^2 0 w 0 1 1 1 1 w^2 0 0 w w^2 | 0 1 0 0 0 0 0 0 0 0 0 0 0 0 0 0 0 w^2 0 w 0 w^2 w^2 0 w 0 1 1 1 w^2 w^2 w | 0 0 1 0 0 0 0 0 0 0 0 0 0 0 0 0 0 0 0 w 0 w^2 0 w 0 w w^2 1 w^2 w^2 1 w | 0 0 0 1 0 0 0 0 0 0 0 0 0 0 0 0 0 w^2 0 w 0 w w^2 w w 0 0 w^2 w w^2 w 0 | 0 0 0 0 1 0 0 0 0 0 0 0 0 0 0 0 0 1 0 w^2 0 w^2 w^2 1 0 1 w^2 w^2 w 0 1 w | 0 0 0 0 0 1 0 0 0 0 0 0 0 0 0 0 0 1 0 0 0 0 w 0 0 w^2 1 w 0 w w^2 0 | 0 0 0 0 0 0 1 0 0 0 0 0 0 0 0 0 0 1 0 w^2 0 w 1 1 0 0 1 0 w^2 w^2 w w | 0 0 0 0 0 0 0 1 0 0 0 0 0 0 0 0 0 1 0 w 0 1 w 0 0 w 1 0 0 w^2 w^2 1 | 0 0 0 0 0 0 0 0 1 0 0 0 0 0 0 0 0 0 0 0 0 0 w^2 1 0 1 1 1 0 0 1 1 | 0 0 0 0 0 0 0 0 0 1 0 0 0 0 0 0 0 w 0 w 0 w 1 0 0 w w^2 0 0 0 w w | 0 0 0 0 0 0 0 0 0 0 1 0 0 0 0 0 0 w^2 0 0 0 w^2 w w 0 0 0 1 1 w^2 1 1 | 0 0 0 0 0 0 0 0 0 0 0 1 0 0 0 0 0 0 0 w 0 w^2 1 w 1 w 0 0 1 1 w^2 0 | 0 0 0 0 0 0 0 0 0 0 0 0 1 0 0 0 0 1 0 w^2 0 0 w^2 w w^2 0 1 w 0 0 w^2 1 | 0 0 0 0 0 0 0 0 0 0 0 0 0 1 0 0 0 1 0 1 0 0 0 w 0 w^2 w 0 w^2 0 w^2 w^2 | 0 0 0 0 0 0 0 0 0 0 0 0 0 0 1 0 0 w 0 1 0 w w^2 1 w^2 1 0 w w^2 w^2 1 w^2 | 0 0 0 0 0 0 0 0 0 0 0 0 0 0 0 1 0 1 0 0 0 w^2 w^2 w w^2 w^2 w 0 w w w 0 | 0 0 0 0 0 0 0 0 0 0 0 0 0 0 0 0 1 w 0 w 0 1 0 w w^2 1 w w w^2 0 w^2 1 | 0 0 0 0 0 0 0 0 0 0 0 0 0 0 0 0 0 0 1 w^2 0 1 1 1 w^2 w^2 w^2 0 w 0 w 1 | 0 0 0 0 0 0 0 0 0 0 0 0 0 0 0 0 0 0 0 0 1 w^2 w w w^2 1 w^2 1 0 1 1 w
137	[[33,13,11;18]]_2	w^2 1 w^2 1 0 w^2 w w w^2 w^2 w^2 w 0 w 0 1 w^2 0 1 1 0 1 0 w w^2 1 w^2 w 0 w 0 w^2	1	1 0 0 0 0 0 0 0 0 0 0 0 0 0 0 0 0 0 w^2 0 w^2 0 0 w^2 0 0 1 w w w^2 w 1 | 0 1 0 0 0 0 0 0 0 0 0 0 0 0 0 0 0 0 0 1 w 0 w^2 0 w^2 1 0 1 1 w 1 1 | 0 0 1 0 0 0 0 0 0 0 0 0 0 0 0 0 0 0 w^2 w w^2 0 w^2 w 0 w^2 1 w 0 w^2 0 0 | 0 0 0 1 0 0 0 0 0 0 0 0 0 0 0 0 0 0 w^2 1 0 0 0 1 0 0 0 0 w w^2 1 1 | 0 0 0 0 1 0 0 0 0 0 0 0 0 0 0 0 0 0 0 w^2 w w^2 0 0 0 1 1 w^2 0 0 w w^2 | 0 0 0 0 0 1 0 0 0 0 0 0 0 0 0 0 0 0 w^2 w w^2 w w^2 1 w^2 w^2 1 w 1 1 1 0 | 0 0 0 0 0 0 1 0 0 0 0 0 0 0 0 0 0 0 w w 1 w 1 0 w^2 0 w^2 1 1 w^2 w^2 0 | 0 0 0 0 0 0 0 1 0 0 0 0 0 0 0 0 0 0 1 w^2 w^2 0 w^2 w w 1 1 1 1 w 0 1 | 0 0 0 0 0 0 0 0 1 0 0 0 0 0 0 0 0 0 w 1 w^2 w^2 1 w w^2 w^2 w^2 w w^2 w^2 w w | 0 0 0 0 0 0 0 0 0 1 0 0 0 0 0 0 0 0 w^2 1 0 1 w 1 w 1 1 0 w^2 w^2 w^2 0 | 0 0 0 0 0 0 0 0 0 0 1 0 0 0 0 0 0 0 w 1 w w 1 0 1 w 0 0 0 w 0 1 | 0 0 0 0 0 0 0 0 0 0 0 1 0 0 0 0 0 0 w 0 0 w 1 w 0 0 w^2 1 w^2 w w w^2 | 0 0 0 0 0 0 0 0 0 0 0 0 1 0 0 0 0 0 1 1 1 0 w^2 w^2 w 0 1 0 w^2 0 0 w | 0 0 0 0 0 0 0 0 0 0 0 0 0 1 0 0 0 0 1 w^2 0 w^2 w w^2 w w^2 w^2 0 0 w^2 0 w | 0 0 0 0 0 0 0 0 0 0 0 0 0 0 1 0 0 0 1 0 w^2 0 1 1 w w 0 0 w^2 w^2 1 w^2 | 0 0 0 0 0 0 0 0 0 0 0 0 0 0 0 1 0 0 0 w w w^2 w 0 w w w w w 0 w^2 w | 0 0 0 0 0 0 0 0 0 0 0 0 0 0 0 0 1 0 w 1 0 0 0 w^2 w w^2 0 1 w 1 w w | 0 0 0 0 0 0 0 0 0 0 0 0 0 0 0 0 0 1 w 1 w^2 0 w w^2 w^2 w^2 0 w^2 w w^2 w^2 w
138	[[33,13,12;20]]_2	w^2 w 0 0 0 w^2 w^2 1 w w^2 1 w^2 1 w^2 w w w^2 1 w 0 w^2 w 0 1 w 0 0 1 1 w^2 w 0	1	1 0 0 0 0 0 0 0 0 0 0 0 0 0 0 0 0 w^2 0 w^2 0 w 0 1 1 1 1 w^2 0 0 w w^2 | 0 1 0 0 0 0 0 0 0 0 0 0 0 0 0 0 0 w^2 0 w 0 w^2 w^2 0 w 0 1 1 1 w^2 w^2 w | 0 0 1 0 0 0 0 0 0 0 0 0 0 0 0 0 0 0 0 w 0 w^2 0 w 0 w w^2 1 w^2 w^2 1 w | 0 0 0 1 0 0 0 0 0 0 0 0 0 0 0 0 0 w^2 0 w 0 w w^2 w w 0 0 w^2 w w^2 w 0 | 0 0 0 0 1 0 0 0 0 0 0 0 0 0 0 0 0 1 0 w^2 0 w^2 w^2 1 0 1 w^2 w^2 w 0 1 w | 0 0 0 0 0 1 0 0 0 0 0 0 0 0 0 0 0 1 0 0 0 0 w 0 0 w^2 1 w 0 w w^2 0 | 0 0 0 0 0 0 1 0 0 0 0 0 0 0 0 0 0 1 0 w^2 0 w 1 1 0 0 1 0 w^2 w^2 w w | 0 0 0 0 0 0 0 1 0 0 0 0 0 0 0 0 0 1 0 w 0 1 w 0 0 w 1 0 0 w^2 w^2 1 | 0 0 0 0 0 0 0 0 1 0 0 0 0 0 0 0 0 0 0 0 0 0 w^2 1 0 1 1 1 0 0 1 1 | 0 0 0 0 0 0 0 0 0 1 0 0 0 0 0 0 0 w 0 w 0 w 1 0 0 w w^2 0 0 0 w w | 0 0 0 0 0 0 0 0 0 0 1 0 0 0 0 0 0 w^2 0 0 0 w^2 w w 0 0 0 1 1 w^2 1 1 | 0 0 0 0 0 0 0 0 0 0 0 1 0 0 0 0 0 0 0 w 0 w^2 1 w 1 w 0 0 1 1 w^2 0 | 0 0 0 0 0 0 0 0 0 0 0 0 1 0 0 0 0 1 0 w^2 0 0 w^2 w w^2 0 1 w 0 0 w^2 1 | 0 0 0 0 0 0 0 0 0 0 0 0 0 1 0 0 0 1 0 1 0 0 0 w 0 w^2 w 0 w^2 0 w^2 w^2 | 0 0 0 0 0 0 0 0 0 0 0 0 0 0 1 0 0 w 0 1 0 w w^2 1 w^2 1 0 w w^2 w^2 1 w^2 | 0 0 0 0 0 0 0 0 0 0 0 0 0 0 0 1 0 1 0 0 0 w^2 w^2 w w^2 w^2 w 0 w w w 0 | 0 0 0 0 0 0 0 0 0 0 0 0 0 0 0 0 1 w 0 w 0 1 0 w w^2 1 w w w^2 0 w^2 1 | 0 0 0 0 0 0 0 0 0 0 0 0 0 0 0 0 0 0 1 w^2 0 1 1 1 w^2 w^2 w^2 0 w 0 w 1 | 0 0 0 0 0 0 0 0 0 0 0 0 0 0 0 0 0 0 0 0 1 w^2 w w w^2 1 w^2 1 0 1 1 w
139	[[33,14,10;15]]_2	0 1 0 0 0 0 w^2 1 w 0 1 w^2 w w^2 1 w w^2 w 0 1 1 0 0 w^2 w^2 1 w^2 1 w 0 w 0	1	1 0 0 0 0 0 0 0 0 0 0 0 0 0 0 0 0 w^2 0 w 0 1 0 w^2 w w^2 w^2 1 0 1 w 1 | 0 1 0 0 0 0 0 0 0 0 0 0 0 0 0 0 1 0 w^2 0 w 0 1 0 w^2 w w^2 w^2 1 0 1 w | 0 0 1 0 0 0 0 0 0 0 0 0 0 0 0 0 w 1 0 w^2 0 w 0 1 0 w^2 w w^2 w^2 1 0 1 | 0 0 0 1 0 0 0 0 0 0 0 0 0 0 0 0 1 w 1 0 w^2 0 w 0 1 0 w^2 w w^2 w^2 1 0 | 0 0 0 0 1 0 0 0 0 0 0 0 0 0 0 0 0 1 w 1 0 w^2 0 w 0 1 0 w^2 w w^2 w^2 1 | 0 0 0 0 0 1 0 0 0 0 0 0 0 0 0 0 1 0 1 w 1 0 w^2 0 w 0 1 0 w^2 w w^2 w^2 | 0 0 0 0 0 0 1 0 0 0 0 0 0 0 0 0 w^2 1 0 1 w 1 0 w^2 0 w 0 1 0 w^2 w w^2 | 0 0 0 0 0 0 0 1 0 0 0 0 0 0 0 0 w^2 w^2 1 0 1 w 1 0 w^2 0 w 0 1 0 w^2 w | 0 0 0 0 0 0 0 0 1 0 0 0 0 0 0 0 w w^2 w^2 1 0 1 w 1 0 w^2 0 w 0 1 0 w^2 | 0 0 0 0 0 0 0 0 0 1 0 0 0 0 0 0 w^2 w w^2 w^2 1 0 1 w 1 0 w^2 0 w 0 1 0 | 0 0 0 0 0 0 0 0 0 0 1 0 0 0 0 0 0 w^2 w w^2 w^2 1 0 1 w 1 0 w^2 0 w 0 1 | 0 0 0 0 0 0 0 0 0 0 0 1 0 0 0 0 1 0 w^2 w w^2 w^2 1 0 1 w 1 0 w^2 0 w 0 | 0 0 0 0 0 0 0 0 0 0 0 0 1 0 0 0 0 1 0 w^2 w w^2 w^2 1 0 1 w 1 0 w^2 0 w | 0 0 0 0 0 0 0 0 0 0 0 0 0 1 0 0 w 0 1 0 w^2 w w^2 w^2 1 0 1 w 1 0 w^2 0 | 0 0 0 0 0 0 0 0 0 0 0 0 0 0 1 0 0 w 0 1 0 w^2 w w^2 w^2 1 0 1 w 1 0 w^2 | 0 0 0 0 0 0 0 0 0 0 0 0 0 0 0 1 w^2 0 w 0 1 0 w^2 w w^2 w^2 1 0 1 w 1 0
140	[[33,14,11;19]]_2	w w^2 w^2 w^2 w 0 1 w^2 w 1 1 0 w^2 w w^2 0 w^2 1 0 w^2 w 1 0 w^2 w^2 w^2 w^2 w^2 w^2 w 0 1	1	1 0 0 0 0 0 0 0 0 0 0 0 0 0 0 0 0 0 w^2 0 w^2 0 0 w^2 0 0 1 w w w^2 w 1 | 0 1 0 0 0 0 0 0 0 0 0 0 0 0 0 0 0 0 0 1 w 0 w^2 0 w^2 1 0 1 1 w 1 1 | 0 0 1 0 0 0 0 0 0 0 0 0 0 0 0 0 0 0 w^2 w w^2 0 w^2 w 0 w^2 1 w 0 w^2 0 0 | 0 0 0 1 0 0 0 0 0 0 0 0 0 0 0 0 0 0 w^2 1 0 0 0 1 0 0 0 0 w w^2 1 1 | 0 0 0 0 1 0 0 0 0 0 0 0 0 0 0 0 0 0 0 w^2 w w^2 0 0 0 1 1 w^2 0 0 w w^2 | 0 0 0 0 0 1 0 0 0 0 0 0 0 0 0 0 0 0 w^2 w w^2 w w^2 1 w^2 w^2 1 w 1 1 1 0 | 0 0 0 0 0 0 1 0 0 0 0 0 0 0 0 0 0 0 w w 1 w 1 0 w^2 0 w^2 1 1 w^2 w^2 0 | 0 0 0 0 0 0 0 1 0 0 0 0 0 0 0 0 0 0 1 w^2 w^2 0 w^2 w w 1 1 1 1 w 0 1 | 0 0 0 0 0 0 0 0 1 0 0 0 0 0 0 0 0 0 w 1 w^2 w^2 1 w w^2 w^2 w^2 w w^2 w^2 w w | 0 0 0 0 0 0 0 0 0 1 0 0 0 0 0 0 0 0 w^2 1 0 1 w 1 w 1 1 0 w^2 w^2 w^2 0 | 0 0 0 0 0 0 0 0 0 0 1 0 0 0 0 0 0 0 w 1 w w 1 0 1 w 0 0 0 w 0 1 | 0 0 0 0 0 0 0 0 0 0 0 1 0 0 0 0 0 0 w 0 0 w 1 w 0 0 w^2 1 w^2 w w w^2 | 0 0 0 0 0 0 0 0 0 0 0 0 1 0 0 0 0 0 1 1 1 0 w^2 w^2 w 0 1 0 w^2 0 0 w | 0 0 0 0 0 0 0 0 0 0 0 0 0 1 0 0 0 0 1 w^2 0 w^2 w w^2 w w^2 w^2 0 0 w^2 0 w | 0 0 0 0 0 0 0 0 0 0 0 0 0 0 1 0 0 0 1 0 w^2 0 1 1 w w 0 0 w^2 w^2 1 w^2 | 0 0 0 0 0 0 0 0 0 0 0 0 0 0 0 1 0 0 0 w w w^2 w 0 w w w w w 0 w^2 w | 0 0 0 0 0 0 0 0 0 0 0 0 0 0 0 0 1 0 w 1 0 0 0 w^2 w w^2 0 1 w 1 w w | 0 0 0 0 0 0 0 0 0 0 0 0 0 0 0 0 0 1 w 1 w^2 0 w w^2 w^2 w^2 0 w^2 w w^2 w^2 w
141	[[33,15,10;16]]_2	w^2 w 0 1 w w 0 w w 0 w^2 w 1 0 w 1 0 0 w 1 w^2 w^2 1 1 1 w w^2 1 w^2 w 0 w^2	1	1 0 0 0 0 0 0 0 0 0 0 0 0 0 0 1 0 w^2 w^2 w 0 0 0 w 1 w^2 w^2 1 1 0 w^2 0 | 0 1 0 0 0 0 0 0 0 0 0 0 0 0 0 1 0 w^2 0 1 w 0 0 w w^2 w 0 w 0 1 w^2 w^2 | 0 0 1 0 0 0 0 0 0 0 0 0 0 0 0 1 0 0 w^2 1 w 1 w^2 1 0 w^2 w w 0 w^2 1 0 | 0 0 0 1 0 0 0 0 0 0 0 0 0 0 0 1 0 w^2 w^2 1 1 w 1 1 0 w^2 0 w^2 w^2 0 0 1 | 0 0 0 0 1 0 0 0 0 0 0 0 0 0 0 1 0 w 1 0 0 0 w^2 w 1 w 1 0 w^2 w w 1 | 0 0 0 0 0 1 0 0 0 0 0 0 0 0 0 1 0 w 0 w 1 1 1 0 w w^2 0 1 0 w 0 w^2 | 0 0 0 0 0 0 1 0 0 0 0 0 0 0 0 1 0 0 w 1 1 w w 0 w w w^2 w w^2 w^2 w w^2 | 0 0 0 0 0 0 0 1 0 0 0 0 0 0 0 1 0 0 0 w^2 w w 1 w^2 w w w 1 0 0 w^2 1 | 0 0 0 0 0 0 0 0 1 0 0 0 0 0 0 1 0 w w w^2 w w^2 w^2 w w^2 0 0 w 1 1 w w | 0 0 0 0 0 0 0 0 0 1 0 0 0 0 0 1 0 1 w^2 w 1 0 1 w^2 1 w 1 w^2 1 w^2 0 0 | 0 0 0 0 0 0 0 0 0 0 1 0 0 0 0 1 0 w^2 w 1 w 1 0 w^2 w w 1 0 w 1 0 0 | 0 0 0 0 0 0 0 0 0 0 0 1 0 0 0 1 0 w^2 0 0 1 w 1 w w 1 1 0 1 w w 0 | 0 0 0 0 0 0 0 0 0 0 0 0 1 0 0 1 0 w^2 0 w 0 1 w w^2 w^2 1 w 0 1 1 1 w | 0 0 0 0 0 0 0 0 0 0 0 0 0 1 0 1 0 1 w 0 0 w w^2 w 0 w 0 1 w^2 w^2 0 w^2 | 0 0 0 0 0 0 0 0 0 0 0 0 0 0 1 1 0 0 1 w^2 w^2 w^2 1 w 0 0 w w w^2 0 w^2 w^2 | 0 0 0 0 0 0 0 0 0 0 0 0 0 0 0 0 1 1 1 1 1 1 1 1 1 1 1 1 1 1 1 1
142	[[33,16,7;9]]_2	w^2 w^2 0 0 w w^2 w^2 1 0 w 0 0 w w w 0 1 w w^2 1 w w^2 w w^2 w w^2 1 1 0 w w^2 w	1	1 0 0 0 0 0 0 0 0 0 0 0 0 w 0 w w w^2 w^2 w 0 0 0 1 1 0 w w w^2 0 w w^2 | 0 1 0 0 0 0 0 0 0 0 0 0 w w^2 1 1 w^2 w^2 w^2 0 w^2 1 0 1 w w^2 w^2 0 w^2 w^2 0 w | 0 0 1 0 0 0 0 0 0 0 0 0 w^2 0 w 0 1 0 w 1 w 1 1 0 w 1 1 w^2 w^2 w^2 0 1 | 0 0 0 1 0 0 0 0 0 0 0 0 1 w^2 w w^2 w^2 1 w^2 w w 1 1 w^2 w^2 w^2 1 w w^2 w^2 1 w^2 | 0 0 0 0 1 0 0 0 0 0 0 0 w 0 0 1 1 1 w w w^2 w^2 1 1 1 1 w 1 0 w^2 1 w | 0 0 0 0 0 1 0 0 0 0 0 0 0 0 0 w 0 w w 0 w w^2 w^2 0 0 1 w^2 0 w 0 1 w | 0 0 0 0 0 0 1 0 0 0 0 0 w^2 w^2 1 0 0 1 1 1 w 0 w^2 0 0 w^2 w w 1 w w w | 0 0 0 0 0 0 0 1 0 0 0 0 w w^2 0 w^2 1 0 0 1 0 w^2 0 0 1 w w^2 w^2 w 1 1 w^2 | 0 0 0 0 0 0 0 0 1 0 0 0 0 w^2 w^2 1 w w^2 w 1 1 0 w^2 w^2 w^2 1 w^2 w 1 w 0 w^2 | 0 0 0 0 0 0 0 0 0 1 0 0 1 w 1 0 w^2 1 w^2 0 w w 0 0 1 w w^2 w 1 1 w 0 | 0 0 0 0 0 0 0 0 0 0 1 0 0 1 w 1 0 w^2 1 w^2 0 w w 0 0 1 w w^2 w 1 1 w | 0 0 0 0 0 0 0 0 0 0 0 1 0 w 1 0 0 w^2 0 w^2 w^2 0 w w^2 1 0 w^2 0 0 w w^2 w
143	[[33,16,10;17]]_2	0 w^2 w^2 1 1 w^2 w^2 w^2 1 w 0 w w^2 0 w^2 1 w w^2 1 1 w^2 0 0 0 1 w 1 1 w^2 1 w 1	1	1 0 0 0 0 0 0 0 0 0 0 0 0 0 0 1 0 w^2 w^2 w 0 0 0 w 1 w^2 w^2 1 1 0 w^2 0 | 0 1 0 0 0 0 0 0 0 0 0 0 0 0 0 1 0 w^2 0 1 w 0 0 w w^2 w 0 w 0 1 w^2 w^2 | 0 0 1 0 0 0 0 0 0 0 0 0 0 0 0 1 0 0 w^2 1 w 1 w^2 1 0 w^2 w w 0 w^2 1 0 | 0 0 0 1 0 0 0 0 0 0 0 0 0 0 0 1 0 w^2 w^2 1 1 w 1 1 0 w^2 0 w^2 w^2 0 0 1 | 0 0 0 0 1 0 0 0 0 0 0 0 0 0 0 1 0 w 1 0 0 0 w^2 w 1 w 1 0 w^2 w w 1 | 0 0 0 0 0 1 0 0 0 0 0 0 0 0 0 1 0 w 0 w 1 1 1 0 w w^2 0 1 0 w 0 w^2 | 0 0 0 0 0 0 1 0 0 0 0 0 0 0 0 1 0 0 w 1 1 w w 0 w w w^2 w w^2 w^2 w w^2 | 0 0 0 0 0 0 0 1 0 0 0 0 0 0 0 1 0 0 0 w^2 w w 1 w^2 w w w 1 0 0 w^2 1 | 0 0 0 0 0 0 0 0 1 0 0 0 0 0 0 1 0 w w w^2 w w^2 w^2 w w^2 0 0 w 1 1 w w | 0 0 0 0 0 0 0 0 0 1 0 0 0 0 0 1 0 1 w^2 w 1 0 1 w^2 1 w 1 w^2 1 w^2 0 0 | 0 0 0 0 0 0 0 0 0 0 1 0 0 0 0 1 0 w^2 w 1 w 1 0 w^2 w w 1 0 w 1 0 0 | 0 0 0 0 0 0 0 0 0 0 0 1 0 0 0 1 0 w^2 0 0 1 w 1 w w 1 1 0 1 w w 0 | 0 0 0 0 0 0 0 0 0 0 0 0 1 0 0 1 0 w^2 0 w 0 1 w w^2 w^2 1 w 0 1 1 1 w | 0 0 0 0 0 0 0 0 0 0 0 0 0 1 0 1 0 1 w 0 0 w w^2 w 0 w 0 1 w^2 w^2 0 w^2 | 0 0 0 0 0 0 0 0 0 0 0 0 0 0 1 1 0 0 1 w^2 w^2 w^2 1 w 0 0 w w w^2 0 w^2 w^2 | 0 0 0 0 0 0 0 0 0 0 0 0 0 0 0 0 1 1 1 1 1 1 1 1 1 1 1 1 1 1 1 1
144	[[33,17,7;10]]_2	1 w 1 w^2 w 1 1 0 1 w^2 w 0 w^2 w^2 w 0 w^2 w^2 0 1 w^2 w^2 w^2 w 0 w^2 1 1 1 w^2 1 w^2	1	1 0 0 0 0 0 0 0 0 0 0 0 w w 0 1 1 w^2 1 1 w^2 w^2 0 0 w^2 1 0 0 0 w w 0 | 0 1 0 0 0 0 0 0 0 0 0 0 w 0 w^2 w^2 1 w w 0 w w w 0 1 w 0 0 0 1 0 w^2 | 0 0 1 0 0 0 0 0 0 0 0 0 1 w^2 1 w 0 w^2 1 1 w w w^2 w 0 w w^2 0 0 w 0 1 | 0 0 0 1 0 0 0 0 0 0 0 0 w^2 w 1 0 w^2 1 1 w^2 0 0 0 w^2 0 w 0 w^2 0 w 1 w | 0 0 0 0 1 0 0 0 0 0 0 0 0 w^2 w 1 w w^2 1 1 w^2 0 0 0 w^2 0 w 0 w^2 0 w 1 | 0 0 0 0 0 1 0 0 0 0 0 0 w w w 1 0 1 w 0 w w 1 0 1 w 1 w 0 w w w^2 | 0 0 0 0 0 0 1 0 0 0 0 0 w 0 w w^2 w w^2 0 w^2 w^2 1 w 1 w^2 0 w 1 w w 0 w | 0 0 0 0 0 0 0 1 0 0 0 0 1 w^2 w^2 0 1 0 0 w^2 1 0 w w w 0 w^2 w 1 1 w^2 w^2 | 0 0 0 0 0 0 0 0 1 0 0 0 0 1 0 w w^2 1 0 0 w^2 0 w^2 w w^2 w w^2 w^2 w w^2 1 0 | 0 0 0 0 0 0 0 0 0 1 0 0 w^2 w^2 w w^2 w w w^2 w 1 w^2 w^2 w^2 w 1 1 w^2 w^2 w^2 0 w | 0 0 0 0 0 0 0 0 0 0 1 0 1 w w w^2 1 0 1 0 0 1 w w^2 w^2 1 0 1 w^2 1 w 1 | 0 0 0 0 0 0 0 0 0 0 0 1 1 0 w^2 w^2 w w^2 w^2 w w 0 0 w w^2 0 0 0 1 1 0 w^2
145	[[33,17,8;12]]_2	1 1 w^2 w 0 w w 1 w w w^2 w^2 w 1 1 1 w^2 w 1 w^2 w^2 1 1 1 0 w^2 1 0 0 w w 1	1	1 0 0 0 0 0 0 0 0 0 0 0 0 w^2 w^2 1 0 1 w 1 0 1 0 0 w^2 w^2 w w^2 w^2 w w 1 | 0 1 0 0 0 0 0 0 0 0 0 0 0 w^2 w^2 w^2 1 1 0 0 1 w^2 w^2 w^2 0 w 1 0 w w^2 0 w | 0 0 1 0 0 0 0 0 0 0 0 0 0 w w 1 w w w^2 0 0 0 1 0 w 0 w^2 w 0 1 w w | 0 0 0 1 0 0 0 0 0 0 0 0 0 w^2 0 1 w w^2 1 w^2 0 w w^2 0 w w w w w 1 w^2 1 | 0 0 0 0 1 0 0 0 0 0 0 0 0 w^2 0 1 1 w^2 1 0 w^2 1 w w^2 w^2 1 0 1 1 0 w^2 w | 0 0 0 0 0 1 0 0 0 0 0 0 0 w^2 w^2 0 w 0 w w^2 0 0 w^2 1 w^2 w w^2 w 0 1 w w^2 | 0 0 0 0 0 0 1 0 0 0 0 0 0 0 0 w w^2 w w^2 1 w^2 w w 0 w 1 w w 0 w 1 w^2 | 0 0 0 0 0 0 0 1 0 0 0 0 0 1 0 0 w^2 1 0 0 1 w 1 w^2 0 0 w 1 0 0 1 1 | 0 0 0 0 0 0 0 0 1 0 0 0 0 0 w 1 1 w^2 w w^2 0 w^2 0 w 0 w 0 w^2 w^2 w 0 0 | 0 0 0 0 0 0 0 0 0 1 0 0 0 w^2 0 w 0 0 w 0 w^2 w^2 1 w^2 w 1 0 w w w^2 0 0 | 0 0 0 0 0 0 0 0 0 0 1 0 0 1 w w 0 w w^2 0 0 1 w^2 1 w w^2 w 1 w^2 1 0 w | 0 0 0 0 0 0 0 0 0 0 0 1 0 1 0 0 w w 1 1 0 w 1 w^2 0 w^2 0 w^2 0 0 w w | 0 0 0 0 0 0 0 0 0 0 0 0 1 0 0 w w w w^2 0 1 w^2 1 0 w w^2 w^2 w 0 w^2 0 0
146	[[33,20,6;9]]_2	1 0 w^2 0 0 1 0 w^2 w^2 0 1 w 1 w^2 0 w^2 0 0 w^2 w 1 0 w w w^2 w^2 w^2 1 1 w 1 w^2	1	1 0 0 0 0 0 0 0 0 0 0 w^2 0 w w w^2 w^2 w w^2 1 0 0 w^2 w 1 0 w 0 w^2 0 0 1 | 0 1 0 0 0 0 0 0 0 0 0 w w^2 1 w^2 0 w^2 w 0 0 1 0 w w 1 1 1 w w w^2 0 w^2 | 0 0 1 0 0 0 0 0 0 w^2 0 0 0 w w^2 w^2 w^2 0 w w^2 w w 0 0 1 w w^2 1 w w^2 w 0 | 0 0 0 1 0 0 0 0 0 1 0 w 1 1 w^2 0 0 0 w^2 0 0 0 w w^2 w w 0 0 w^2 0 0 w | 0 0 0 0 1 0 0 0 0 w 0 0 0 1 1 1 1 w^2 w 1 1 w^2 w^2 1 1 w^2 w^2 1 0 0 1 1 | 0 0 0 0 0 1 0 0 0 w 0 w^2 0 0 0 1 w^2 w^2 w^2 1 0 1 1 w^2 w w 0 1 w w^2 0 w | 0 0 0 0 0 0 1 0 0 w 0 w^2 w^2 0 1 0 0 1 w^2 0 0 0 w^2 1 0 1 1 w w 1 w^2 w^2 | 0 0 0 0 0 0 0 1 0 w^2 0 0 0 w^2 0 w w 1 w 0 w 1 1 w w w w^2 w^2 w w^2 w^2 1 | 0 0 0 0 0 0 0 0 1 w^2 0 1 0 0 1 0 w 1 1 w^2 w w w 1 w^2 w^2 w^2 0 w w^2 w^2 w | 0 0 0 0 0 0 0 0 0 0 1 0 w^2 w^2 1 w w^2 1 w 0 0 1 w^2 w 0 w^2 0 1 0 0 w 1
147	[[33,21,6;10]]_2	w 1 w 1 0 w 0 w^2 1 1 1 1 0 w^2 w w w 1 1 w^2 w w 1 1 w w^2 w^2 w 1 w 0 w	1	1 0 0 0 0 0 0 0 0 0 0 w^2 0 w w w^2 w^2 w w^2 1 0 0 w^2 w 1 0 w 0 w^2 0 0 1 | 0 1 0 0 0 0 0 0 0 0 0 w w^2 1 w^2 0 w^2 w 0 0 1 0 w w 1 1 1 w w w^2 0 w^2 | 0 0 1 0 0 0 0 0 0 w^2 0 0 0 w w^2 w^2 w^2 0 w w^2 w w 0 0 1 w w^2 1 w w^2 w 0 | 0 0 0 1 0 0 0 0 0 1 0 w 1 1 w^2 0 0 0 w^2 0 0 0 w w^2 w w 0 0 w^2 0 0 w | 0 0 0 0 1 0 0 0 0 w 0 0 0 1 1 1 1 w^2 w 1 1 w^2 w^2 1 1 w^2 w^2 1 0 0 1 1 | 0 0 0 0 0 1 0 0 0 w 0 w^2 0 0 0 1 w^2 w^2 w^2 1 0 1 1 w^2 w w 0 1 w w^2 0 w | 0 0 0 0 0 0 1 0 0 w 0 w^2 w^2 0 1 0 0 1 w^2 0 0 0 w^2 1 0 1 1 w w 1 w^2 w^2 | 0 0 0 0 0 0 0 1 0 w^2 0 0 0 w^2 0 w w 1 w 0 w 1 1 w w w w^2 w^2 w w^2 w^2 1 | 0 0 0 0 0 0 0 0 1 w^2 0 1 0 0 1 0 w 1 1 w^2 w w w 1 w^2 w^2 w^2 0 w w^2 w^2 w | 0 0 0 0 0 0 0 0 0 0 1 0 w^2 w^2 1 w w^2 1 w 0 0 1 w^2 w 0 w^2 0 1 0 0 w 1
148	[[33,22,6;11]]_2	w^2 w^2 w^2 1 0 0 w 1 0 w w w 0 0 0 w^2 1 0 1 w^2 w w 1 1 1 w^2 1 0 1 1 1 1	1	1 0 0 0 0 0 0 0 0 0 0 w^2 0 w w w^2 w^2 w w^2 1 0 0 w^2 w 1 0 w 0 w^2 0 0 1 | 0 1 0 0 0 0 0 0 0 0 0 w w^2 1 w^2 0 w^2 w 0 0 1 0 w w 1 1 1 w w w^2 0 w^2 | 0 0 1 0 0 0 0 0 0 w^2 0 0 0 w w^2 w^2 w^2 0 w w^2 w w 0 0 1 w w^2 1 w w^2 w 0 | 0 0 0 1 0 0 0 0 0 1 0 w 1 1 w^2 0 0 0 w^2 0 0 0 w w^2 w w 0 0 w^2 0 0 w | 0 0 0 0 1 0 0 0 0 w 0 0 0 1 1 1 1 w^2 w 1 1 w^2 w^2 1 1 w^2 w^2 1 0 0 1 1 | 0 0 0 0 0 1 0 0 0 w 0 w^2 0 0 0 1 w^2 w^2 w^2 1 0 1 1 w^2 w w 0 1 w w^2 0 w | 0 0 0 0 0 0 1 0 0 w 0 w^2 w^2 0 1 0 0 1 w^2 0 0 0 w^2 1 0 1 1 w w 1 w^2 w^2 | 0 0 0 0 0 0 0 1 0 w^2 0 0 0 w^2 0 w w 1 w 0 w 1 1 w w w w^2 w^2 w w^2 w^2 1 | 0 0 0 0 0 0 0 0 1 w^2 0 1 0 0 1 0 w 1 1 w^2 w w w 1 w^2 w^2 w^2 0 w w^2 w^2 w | 0 0 0 0 0 0 0 0 0 0 1 0 w^2 w^2 1 w w^2 1 w 0 0 1 w^2 w 0 w^2 0 1 0 0 w 1
149	[[34,3,24;31]]_2	0 w w w^2 0 w^2 w^2 0 0 1 0 1 w w^2 w 1 1 1 w w^2 w w w^2 1 1 w 0 w w 0 w w w^2	1	1 0 0 0 0 0 0 0 0 0 0 0 0 0 0 0 0 0 0 0 0 0 0 0 0 0 0 0 0 0 0 w^2 1 | 0 1 0 0 0 0 0 0 0 0 0 0 0 0 0 0 0 0 0 0 0 0 0 0 0 0 0 0 0 0 w^2 w^2 w | 0 0 1 0 0 0 0 0 0 0 0 0 0 0 0 0 0 0 0 0 0 0 0 0 0 0 0 0 0 0 0 w 1 | 0 0 0 1 0 0 0 0 0 0 0 0 0 0 0 0 0 0 0 0 0 0 0 0 0 0 0 0 0 0 w 0 w | 0 0 0 0 1 0 0 0 0 0 0 0 0 0 0 0 0 0 0 0 0 0 0 0 0 0 0 0 0 0 1 w^2 w^2 | 0 0 0 0 0 1 0 0 0 0 0 0 0 0 0 0 0 0 0 0 0 0 0 0 0 0 0 0 0 0 1 1 1 | 0 0 0 0 0 0 1 0 0 0 0 0 0 0 0 0 0 0 0 0 0 0 0 0 0 0 0 0 0 0 1 w^2 w | 0 0 0 0 0 0 0 1 0 0 0 0 0 0 0 0 0 0 0 0 0 0 0 0 0 0 0 0 0 0 0 w w^2 | 0 0 0 0 0 0 0 0 1 0 0 0 0 0 0 0 0 0 0 0 0 0 0 0 0 0 0 0 0 0 w 0 w^2 | 0 0 0 0 0 0 0 0 0 1 0 0 0 0 0 0 0 0 0 0 0 0 0 0 0 0 0 0 0 0 w^2 1 0 | 0 0 0 0 0 0 0 0 0 0 1 0 0 0 0 0 0 0 0 0 0 0 0 0 0 0 0 0 0 0 w w^2 w | 0 0 0 0 0 0 0 0 0 0 0 1 0 0 0 0 0 0 0 0 0 0 0 0 0 0 0 0 0 0 1 w w | 0 0 0 0 0 0 0 0 0 0 0 0 1 0 0 0 0 0 0 0 0 0 0 0 0 0 0 0 0 0 1 w w^2 | 0 0 0 0 0 0 0 0 0 0 0 0 0 1 0 0 0 0 0 0 0 0 0 0 0 0 0 0 0 0 1 w^2 w | 0 0 0 0 0 0 0 0 0 0 0 0 0 0 1 0 0 0 0 0 0 0 0 0 0 0 0 0 0 0 w^2 1 1 | 0 0 0 0 0 0 0 0 0 0 0 0 0 0 0 1 0 0 0 0 0 0 0 0 0 0 0 0 0 0 0 1 1 | 0 0 0 0 0 0 0 0 0 0 0 0 0 0 0 0 1 0 0 0 0 0 0 0 0 0 0 0 0 0 w w w^2 | 0 0 0 0 0 0 0 0 0 0 0 0 0 0 0 0 0 1 0 0 0 0 0 0 0 0 0 0 0 0 w^2 0 w | 0 0 0 0 0 0 0 0 0 0 0 0 0 0 0 0 0 0 1 0 0 0 0 0 0 0 0 0 0 0 w^2 1 1 | 0 0 0 0 0 0 0 0 0 0 0 0 0 0 0 0 0 0 0 1 0 0 0 0 0 0 0 0 0 0 w^2 w w^2 | 0 0 0 0 0 0 0 0 0 0 0 0 0 0 0 0 0 0 0 0 1 0 0 0 0 0 0 0 0 0 w^2 w^2 w | 0 0 0 0 0 0 0 0 0 0 0 0 0 0 0 0 0 0 0 0 0 1 0 0 0 0 0 0 0 0 0 w^2 w^2 | 0 0 0 0 0 0 0 0 0 0 0 0 0 0 0 0 0 0 0 0 0 0 1 0 0 0 0 0 0 0 w w 1 | 0 0 0 0 0 0 0 0 0 0 0 0 0 0 0 0 0 0 0 0 0 0 0 1 0 0 0 0 0 0 w 1 w | 0 0 0 0 0 0 0 0 0 0 0 0 0 0 0 0 0 0 0 0 0 0 0 0 1 0 0 0 0 0 w w w^2 | 0 0 0 0 0 0 0 0 0 0 0 0 0 0 0 0 0 0 0 0 0 0 0 0 0 1 0 0 0 0 0 0 w | 0 0 0 0 0 0 0 0 0 0 0 0 0 0 0 0 0 0 0 0 0 0 0 0 0 0 1 0 0 0 w 1 1 | 0 0 0 0 0 0 0 0 0 0 0 0 0 0 0 0 0 0 0 0 0 0 0 0 0 0 0 1 0 0 0 1 0 | 0 0 0 0 0 0 0 0 0 0 0 0 0 0 0 0 0 0 0 0 0 0 0 0 0 0 0 0 1 0 0 w 1 | 0 0 0 0 0 0 0 0 0 0 0 0 0 0 0 0 0 0 0 0 0 0 0 0 0 0 0 0 0 1 w 1 1
150	[[34,4,22;30]]_2	0 1 w w^2 w^2 w w w^2 w^2 w^2 w 0 0 w w^2 w^2 w 0 w 1 w^2 w^2 w^2 w w 1 0 w 0 0 1 w 1	1	1 0 0 0 0 0 0 0 0 0 0 0 0 0 0 0 0 0 0 0 0 0 0 0 0 0 0 0 w 1 0 1 w^2 | 0 1 0 0 0 0 0 0 0 0 0 0 0 0 0 0 0 0 0 0 0 0 0 0 0 0 0 0 0 w^2 0 w^2 0 | 0 0 1 0 0 0 0 0 0 0 0 0 0 0 0 0 0 0 0 0 0 0 0 0 0 0 0 0 0 w^2 0 w w^2 | 0 0 0 1 0 0 0 0 0 0 0 0 0 0 0 0 0 0 0 0 0 0 0 0 0 0 0 0 1 1 0 0 w^2 | 0 0 0 0 1 0 0 0 0 0 0 0 0 0 0 0 0 0 0 0 0 0 0 0 0 0 0 0 1 w^2 0 1 w^2 | 0 0 0 0 0 1 0 0 0 0 0 0 0 0 0 0 0 0 0 0 0 0 0 0 0 0 0 0 0 w 0 w^2 1 | 0 0 0 0 0 0 1 0 0 0 0 0 0 0 0 0 0 0 0 0 0 0 0 0 0 0 0 0 1 0 0 w^2 w^2 | 0 0 0 0 0 0 0 1 0 0 0 0 0 0 0 0 0 0 0 0 0 0 0 0 0 0 0 0 w w 0 0 0 | 0 0 0 0 0 0 0 0 1 0 0 0 0 0 0 0 0 0 0 0 0 0 0 0 0 0 0 0 w^2 w^2 0 1 1 | 0 0 0 0 0 0 0 0 0 1 0 0 0 0 0 0 0 0 0 0 0 0 0 0 0 0 0 0 1 0 0 1 0 | 0 0 0 0 0 0 0 0 0 0 1 0 0 0 0 0 0 0 0 0 0 0 0 0 0 0 0 0 w^2 1 0 w^2 0 | 0 0 0 0 0 0 0 0 0 0 0 1 0 0 0 0 0 0 0 0 0 0 0 0 0 0 0 0 w^2 w 0 0 1 | 0 0 0 0 0 0 0 0 0 0 0 0 1 0 0 0 0 0 0 0 0 0 0 0 0 0 0 0 0 w^2 0 1 1 | 0 0 0 0 0 0 0 0 0 0 0 0 0 1 0 0 0 0 0 0 0 0 0 0 0 0 0 0 0 0 0 w 0 | 0 0 0 0 0 0 0 0 0 0 0 0 0 0 1 0 0 0 0 0 0 0 0 0 0 0 0 0 w w 0 0 w^2 | 0 0 0 0 0 0 0 0 0 0 0 0 0 0 0 1 0 0 0 0 0 0 0 0 0 0 0 0 w w^2 0 w 1 | 0 0 0 0 0 0 0 0 0 0 0 0 0 0 0 0 1 0 0 0 0 0 0 0 0 0 0 0 1 w^2 0 w 0 | 0 0 0 0 0 0 0 0 0 0 0 0 0 0 0 0 0 1 0 0 0 0 0 0 0 0 0 0 w^2 w^2 0 w w^2 | 0 0 0 0 0 0 0 0 0 0 0 0 0 0 0 0 0 0 1 0 0 0 0 0 0 0 0 0 w^2 w 0 w^2 1 | 0 0 0 0 0 0 0 0 0 0 0 0 0 0 0 0 0 0 0 1 0 0 0 0 0 0 0 0 1 0 0 1 w^2 | 0 0 0 0 0 0 0 0 0 0 0 0 0 0 0 0 0 0 0 0 1 0 0 0 0 0 0 0 w w 0 0 1 | 0 0 0 0 0 0 0 0 0 0 0 0 0 0 0 0 0 0 0 0 0 1 0 0 0 0 0 0 1 w^2 0 w w | 0 0 0 0 0 0 0 0 0 0 0 0 0 0 0 0 0 0 0 0 0 0 1 0 0 0 0 0 w^2 0 0 w 1 | 0 0 0 0 0 0 0 0 0 0 0 0 0 0 0 0 0 0 0 0 0 0 0 1 0 0 0 0 1 w 0 w w | 0 0 0 0 0 0 0 0 0 0 0 0 0 0 0 0 0 0 0 0 0 0 0 0 1 0 0 0 w 0 0 0 w | 0 0 0 0 0 0 0 0 0 0 0 0 0 0 0 0 0 0 0 0 0 0 0 0 0 1 0 0 0 w^2 0 0 1 | 0 0 0 0 0 0 0 0 0 0 0 0 0 0 0 0 0 0 0 0 0 0 0 0 0 0 1 0 1 1 0 1 0 | 0 0 0 0 0 0 0 0 0 0 0 0 0 0 0 0 0 0 0 0 0 0 0 0 0 0 0 1 w^2 1 0 w^2 w^2 | 0 0 0 0 0 0 0 0 0 0 0 0 0 0 0 0 0 0 0 0 0 0 0 0 0 0 0 0 0 0 1 0 1
151	[[34,6,19;28]]_2	1 w^2 0 1 0 w^2 w^2 0 w w^2 1 w w w^2 1 w^2 w^2 1 0 w w^2 w 1 w^2 w w 1 0 w 1 1 0 0	1	1 0 0 0 0 0 0 0 0 0 0 0 0 0 0 0 0 0 0 0 0 0 0 0 0 0 0 0 w^2 w 1 w w^2 | 0 1 0 0 0 0 0 0 0 0 0 0 0 0 0 0 0 0 0 0 0 0 0 0 0 0 1 0 1 w^2 0 1 0 | 0 0 1 0 0 0 0 0 0 0 0 0 0 0 0 0 0 0 0 0 0 0 0 0 0 0 1 0 w w w w^2 w | 0 0 0 1 0 0 0 0 0 0 0 0 0 0 0 0 0 0 0 0 0 0 0 0 0 0 w 0 1 w 0 w^2 w | 0 0 0 0 1 0 0 0 0 0 0 0 0 0 0 0 0 0 0 0 0 0 0 0 0 0 1 0 w^2 1 w^2 w 1 | 0 0 0 0 0 1 0 0 0 0 0 0 0 0 0 0 0 0 0 0 0 0 0 0 0 0 1 0 w^2 0 w 1 w^2 | 0 0 0 0 0 0 1 0 0 0 0 0 0 0 0 0 0 0 0 0 0 0 0 0 0 0 1 0 w^2 0 1 w^2 0 | 0 0 0 0 0 0 0 1 0 0 0 0 0 0 0 0 0 0 0 0 0 0 0 0 0 0 w^2 0 w^2 w^2 0 w 1 | 0 0 0 0 0 0 0 0 1 0 0 0 0 0 0 0 0 0 0 0 0 0 0 0 0 0 0 0 w 1 w 0 w^2 | 0 0 0 0 0 0 0 0 0 1 0 0 0 0 0 0 0 0 0 0 0 0 0 0 0 0 1 0 0 w 1 1 w^2 | 0 0 0 0 0 0 0 0 0 0 1 0 0 0 0 0 0 0 0 0 0 0 0 0 0 0 1 0 0 0 w^2 w^2 1 | 0 0 0 0 0 0 0 0 0 0 0 1 0 0 0 0 0 0 0 0 0 0 0 0 0 0 0 0 w w^2 w^2 0 w^2 | 0 0 0 0 0 0 0 0 0 0 0 0 1 0 0 0 0 0 0 0 0 0 0 0 0 0 w 0 0 w 1 w^2 1 | 0 0 0 0 0 0 0 0 0 0 0 0 0 1 0 0 0 0 0 0 0 0 0 0 0 0 w 0 w w^2 1 w 0 | 0 0 0 0 0 0 0 0 0 0 0 0 0 0 1 0 0 0 0 0 0 0 0 0 0 0 w^2 0 w w^2 w^2 w 0 | 0 0 0 0 0 0 0 0 0 0 0 0 0 0 0 1 0 0 0 0 0 0 0 0 0 0 w^2 0 1 w^2 w^2 w^2 1 | 0 0 0 0 0 0 0 0 0 0 0 0 0 0 0 0 1 0 0 0 0 0 0 0 0 0 0 0 w w w^2 w^2 w^2 | 0 0 0 0 0 0 0 0 0 0 0 0 0 0 0 0 0 1 0 0 0 0 0 0 0 0 1 0 w^2 0 w^2 w^2 w | 0 0 0 0 0 0 0 0 0 0 0 0 0 0 0 0 0 0 1 0 0 0 0 0 0 0 0 0 1 w^2 1 w 1 | 0 0 0 0 0 0 0 0 0 0 0 0 0 0 0 0 0 0 0 1 0 0 0 0 0 0 1 0 1 0 0 w^2 0 | 0 0 0 0 0 0 0 0 0 0 0 0 0 0 0 0 0 0 0 0 1 0 0 0 0 0 1 0 w^2 0 w^2 0 w^2 | 0 0 0 0 0 0 0 0 0 0 0 0 0 0 0 0 0 0 0 0 0 1 0 0 0 0 1 0 1 0 w 1 w^2 | 0 0 0 0 0 0 0 0 0 0 0 0 0 0 0 0 0 0 0 0 0 0 1 0 0 0 1 0 0 w^2 w^2 w w | 0 0 0 0 0 0 0 0 0 0 0 0 0 0 0 0 0 0 0 0 0 0 0 1 0 0 1 0 1 w^2 1 0 w | 0 0 0 0 0 0 0 0 0 0 0 0 0 0 0 0 0 0 0 0 0 0 0 0 1 0 w^2 0 0 0 0 0 w^2 | 0 0 0 0 0 0 0 0 0 0 0 0 0 0 0 0 0 0 0 0 0 0 0 0 0 1 w^2 0 w^2 0 0 1 w | 0 0 0 0 0 0 0 0 0 0 0 0 0 0 0 0 0 0 0 0 0 0 0 0 0 0 0 1 0 0 1 0 w
152	[[34,10,13;20]]_2	w^2 1 w w^2 0 0 1 w 1 0 w^2 w 1 1 w w^2 w w w 1 w^2 w^2 w w^2 w w w^2 w^2 1 0 w w w	1	1 0 0 0 0 0 0 0 0 0 0 0 0 0 0 0 0 0 0 0 0 w w 1 0 0 w^2 0 w 0 w w^2 w^2 | 0 1 0 0 0 0 0 0 0 0 0 0 0 0 0 0 0 0 0 0 0 w^2 0 w w^2 0 w^2 1 1 1 0 w w^2 | 0 0 1 0 0 0 0 0 0 0 0 0 0 0 0 0 0 0 0 0 0 w 0 w^2 0 w w w 1 w^2 1 1 w | 0 0 0 1 0 0 0 0 0 0 0 0 0 0 0 0 0 0 0 0 0 1 w^2 0 w 0 1 1 w w w 0 0 | 0 0 0 0 1 0 0 0 0 0 0 0 0 0 0 0 0 0 0 0 0 w w 0 w^2 w^2 0 0 1 1 1 0 0 | 0 0 0 0 0 1 0 0 0 0 0 0 0 0 0 0 0 0 0 0 0 0 w w w 1 0 w 0 w^2 w w 1 | 0 0 0 0 0 0 1 0 0 0 0 0 0 0 0 0 0 0 0 0 0 1 0 0 0 0 0 0 w^2 w 1 w w^2 | 0 0 0 0 0 0 0 1 0 0 0 0 0 0 0 0 0 0 0 0 0 0 w 1 0 1 0 w w^2 w w^2 w^2 1 | 0 0 0 0 0 0 0 0 1 0 0 0 0 0 0 0 0 0 0 0 0 w w^2 w^2 w^2 1 w^2 w 1 1 1 w^2 w^2 | 0 0 0 0 0 0 0 0 0 1 0 0 0 0 0 0 0 0 0 0 0 w 0 w 1 1 1 1 w 0 w^2 1 1 | 0 0 0 0 0 0 0 0 0 0 1 0 0 0 0 0 0 0 0 0 0 w 1 w^2 w w^2 1 w w^2 1 w 1 0 | 0 0 0 0 0 0 0 0 0 0 0 1 0 0 0 0 0 0 0 0 0 0 0 w^2 w^2 w w^2 w w^2 1 0 w w | 0 0 0 0 0 0 0 0 0 0 0 0 1 0 0 0 0 0 0 0 0 1 w 1 w^2 1 w w w w^2 w^2 w^2 1 | 0 0 0 0 0 0 0 0 0 0 0 0 0 1 0 0 0 0 0 0 0 w 1 w w^2 1 w^2 1 0 w 1 w w^2 | 0 0 0 0 0 0 0 0 0 0 0 0 0 0 1 0 0 0 0 0 0 w w 1 w w^2 0 1 w^2 0 0 w 0 | 0 0 0 0 0 0 0 0 0 0 0 0 0 0 0 1 0 0 0 0 0 w^2 w 0 w 0 w^2 w 1 0 1 w w^2 | 0 0 0 0 0 0 0 0 0 0 0 0 0 0 0 0 1 0 0 0 0 w^2 0 w w w w^2 0 0 w^2 1 w^2 w | 0 0 0 0 0 0 0 0 0 0 0 0 0 0 0 0 0 1 0 0 0 1 0 1 w 1 0 w^2 0 w 1 w^2 w | 0 0 0 0 0 0 0 0 0 0 0 0 0 0 0 0 0 0 1 0 0 1 w^2 0 1 w^2 1 w 0 1 w^2 1 w^2 | 0 0 0 0 0 0 0 0 0 0 0 0 0 0 0 0 0 0 0 1 0 1 0 0 w 0 1 1 w^2 0 1 0 w^2 | 0 0 0 0 0 0 0 0 0 0 0 0 0 0 0 0 0 0 0 0 1 1 w w 0 w w w 1 1 0 w^2 0
153	[[34,10,14;22]]_2	1 w^2 w 1 w w^2 w 1 w^2 w^2 w^2 1 w 1 w^2 1 0 1 w 1 1 w w 0 w 0 w 0 0 0 w 1 1	1	1 0 0 0 0 0 0 0 0 0 0 0 0 0 0 0 0 0 0 0 0 0 0 w 1 0 w^2 w 1 0 w^2 w^2 1 | 0 1 0 0 0 0 0 0 0 0 0 0 0 0 0 0 0 0 0 0 0 0 w w^2 0 1 w 0 1 1 0 1 w^2 | 0 0 1 0 0 0 0 0 0 0 0 0 0 0 0 0 0 0 0 0 0 0 w 1 0 1 0 1 0 1 0 w^2 1 | 0 0 0 1 0 0 0 0 0 0 0 0 0 0 0 0 0 0 0 0 0 0 0 w w w^2 w^2 w w 0 w 0 w^2 | 0 0 0 0 1 0 0 0 0 0 0 0 0 0 0 0 0 0 0 0 0 0 1 w 0 w w^2 0 1 0 w 1 w | 0 0 0 0 0 1 0 0 0 0 0 0 0 0 0 0 0 0 0 0 0 0 w^2 w w^2 w^2 0 w^2 1 1 0 1 w^2 | 0 0 0 0 0 0 1 0 0 0 0 0 0 0 0 0 0 0 0 0 0 0 0 0 w^2 1 w^2 w^2 0 w^2 1 1 1 | 0 0 0 0 0 0 0 1 0 0 0 0 0 0 0 0 0 0 0 0 0 0 0 w^2 w 0 1 w^2 1 w^2 w 0 w | 0 0 0 0 0 0 0 0 1 0 0 0 0 0 0 0 0 0 0 0 0 0 0 0 w w^2 w^2 w w^2 w 1 w^2 1 | 0 0 0 0 0 0 0 0 0 1 0 0 0 0 0 0 0 0 0 0 0 0 w 0 w^2 0 1 1 0 w 0 1 w^2 | 0 0 0 0 0 0 0 0 0 0 1 0 0 0 0 0 0 0 0 0 0 0 w^2 0 1 w 1 0 w 1 w^2 0 w | 0 0 0 0 0 0 0 0 0 0 0 1 0 0 0 0 0 0 0 0 0 0 0 1 w^2 1 w^2 w^2 w w 1 0 w | 0 0 0 0 0 0 0 0 0 0 0 0 1 0 0 0 0 0 0 0 0 0 w^2 0 w w w w w^2 1 w^2 1 w | 0 0 0 0 0 0 0 0 0 0 0 0 0 1 0 0 0 0 0 0 0 0 0 0 0 w^2 1 w^2 1 0 w^2 w w | 0 0 0 0 0 0 0 0 0 0 0 0 0 0 1 0 0 0 0 0 0 0 w w^2 0 w^2 0 0 1 1 1 1 1 | 0 0 0 0 0 0 0 0 0 0 0 0 0 0 0 1 0 0 0 0 0 0 w^2 1 0 w w w^2 w 1 0 0 w | 0 0 0 0 0 0 0 0 0 0 0 0 0 0 0 0 1 0 0 0 0 0 w w^2 0 w 0 w^2 w^2 1 w w w | 0 0 0 0 0 0 0 0 0 0 0 0 0 0 0 0 0 1 0 0 0 0 1 1 w 1 0 1 1 w w w^2 1 | 0 0 0 0 0 0 0 0 0 0 0 0 0 0 0 0 0 0 1 0 0 0 0 1 0 w w 0 0 w 0 0 w | 0 0 0 0 0 0 0 0 0 0 0 0 0 0 0 0 0 0 0 1 0 0 w^2 w w w 1 w^2 0 1 0 1 0 | 0 0 0 0 0 0 0 0 0 0 0 0 0 0 0 0 0 0 0 0 1 0 1 w^2 0 w^2 w^2 1 1 w^2 1 1 w | 0 0 0 0 0 0 0 0 0 0 0 0 0 0 0 0 0 0 0 0 0 1 w 1 w w^2 0 w 1 w w w 0
154	[[34,11,12;19]]_2	1 0 w w^2 w w^2 w 0 w 0 w^2 0 0 w w w^2 1 w^2 0 w^2 0 1 w^2 0 w 0 w^2 w w w^2 0 1 w	1	1 0 0 0 0 0 0 0 0 0 0 0 0 0 0 0 0 0 0 0 w^2 w 1 w^2 1 0 w^2 1 0 1 w^2 w 0 | 0 1 0 0 0 0 0 0 0 0 0 0 0 0 0 0 0 0 0 0 w^2 0 w^2 1 0 w^2 w^2 w^2 1 w 1 w^2 w | 0 0 1 0 0 0 0 0 0 0 0 0 0 0 0 0 0 0 0 0 w^2 w 1 0 w^2 0 w^2 0 w^2 0 w 0 w^2 | 0 0 0 1 0 0 0 0 0 0 0 0 0 0 0 0 0 0 0 0 1 w^2 w 1 0 0 0 w w^2 w w w 0 | 0 0 0 0 1 0 0 0 0 0 0 0 0 0 0 0 0 0 0 0 w 0 0 w^2 w w w w^2 w^2 w^2 0 w^2 1 | 0 0 0 0 0 1 0 0 0 0 0 0 0 0 0 0 0 0 0 0 0 w^2 0 w 0 w w^2 1 1 w w^2 0 1 | 0 0 0 0 0 0 1 0 0 0 0 0 0 0 0 0 0 0 0 0 0 0 w^2 1 w w^2 w w w 1 0 1 1 | 0 0 0 0 0 0 0 1 0 0 0 0 0 0 0 0 0 0 0 0 0 w^2 w w w^2 1 0 0 w 0 0 w w | 0 0 0 0 0 0 0 0 1 0 0 0 0 0 0 0 0 0 0 0 w^2 1 w^2 w^2 0 w 1 1 0 1 1 w w^2 | 0 0 0 0 0 0 0 0 0 1 0 0 0 0 0 0 0 0 0 0 w w 1 w^2 0 w^2 w^2 w w 1 1 0 1 | 0 0 0 0 0 0 0 0 0 0 1 0 0 0 0 0 0 0 0 0 w^2 0 0 w 1 w w^2 w^2 w 1 w^2 w^2 w^2 | 0 0 0 0 0 0 0 0 0 0 0 1 0 0 0 0 0 0 0 0 w^2 w 0 1 w^2 1 w w^2 w^2 0 w 1 w^2 | 0 0 0 0 0 0 0 0 0 0 0 0 1 0 0 0 0 0 0 0 w 0 0 w^2 w w w^2 w^2 0 0 w^2 w 0 | 0 0 0 0 0 0 0 0 0 0 0 0 0 1 0 0 0 0 0 0 0 1 0 0 1 0 1 w^2 w w^2 w w 1 | 0 0 0 0 0 0 0 0 0 0 0 0 0 0 1 0 0 0 0 0 w 1 0 w 0 0 w^2 1 1 w^2 w w 0 | 0 0 0 0 0 0 0 0 0 0 0 0 0 0 0 1 0 0 0 0 0 1 1 w^2 w 1 w 1 w^2 w w w^2 w^2 | 0 0 0 0 0 0 0 0 0 0 0 0 0 0 0 0 1 0 0 0 0 w 0 w 0 1 w w w w^2 w^2 w^2 w^2 | 0 0 0 0 0 0 0 0 0 0 0 0 0 0 0 0 0 1 0 0 w^2 w^2 w^2 w 1 0 w 1 0 w^2 w^2 0 w^2 | 0 0 0 0 0 0 0 0 0 0 0 0 0 0 0 0 0 0 1 0 1 1 w^2 w^2 w^2 w w^2 w^2 0 1 w^2 w^2 0 | 0 0 0 0 0 0 0 0 0 0 0 0 0 0 0 0 0 0 0 1 1 w w w^2 w^2 w 0 w^2 w^2 0 1 w^2 w^2
155	[[34,12,13;22]]_2	w w^2 w 1 w^2 0 0 w 1 1 w^2 1 0 0 0 w^2 0 0 1 1 0 w 0 w w w w w^2 1 w 1 w^2 w	1	1 0 0 0 0 0 0 0 0 0 0 0 0 0 0 0 0 0 0 0 1 0 1 1 1 w 0 1 1 w 0 1 w^2 | 0 1 0 0 0 0 0 0 0 0 0 0 0 0 0 0 0 0 0 0 1 0 w^2 w^2 w w^2 w^2 w^2 w 1 w^2 w w | 0 0 1 0 0 0 0 0 0 0 0 0 0 0 0 0 0 0 0 0 w 0 w^2 w w^2 1 w^2 0 w^2 w 0 1 w | 0 0 0 1 0 0 0 0 0 0 0 0 0 0 0 0 0 0 0 0 w^2 0 0 w 1 0 w^2 1 w^2 1 1 w w | 0 0 0 0 1 0 0 0 0 0 0 0 0 0 0 0 0 0 0 0 0 0 w^2 1 w 0 1 1 w w 0 w^2 1 | 0 0 0 0 0 1 0 0 0 0 0 0 0 0 0 0 0 0 0 0 w 0 w^2 1 0 0 0 w^2 w^2 w^2 0 0 1 | 0 0 0 0 0 0 1 0 0 0 0 0 0 0 0 0 0 0 0 0 1 0 1 1 w^2 w w 0 0 1 0 w w | 0 0 0 0 0 0 0 1 0 0 0 0 0 0 0 0 0 0 0 0 w 0 1 0 0 w 0 1 w^2 w^2 w w 0 | 0 0 0 0 0 0 0 0 1 0 0 0 0 0 0 0 0 0 0 0 0 0 1 w w w^2 w 0 w^2 1 w^2 w^2 0 | 0 0 0 0 0 0 0 0 0 1 0 0 0 0 0 0 0 0 0 0 w 0 1 w^2 0 0 w^2 w w 1 w 0 w | 0 0 0 0 0 0 0 0 0 0 1 0 0 0 0 0 0 0 0 0 0 0 0 w 0 1 w 0 w^2 0 w^2 0 w | 0 0 0 0 0 0 0 0 0 0 0 1 0 0 0 0 0 0 0 0 w^2 0 w 0 w w^2 1 1 0 w^2 w 1 w | 0 0 0 0 0 0 0 0 0 0 0 0 1 0 0 0 0 0 0 0 1 0 0 w^2 w w w 1 1 1 w^2 0 0 | 0 0 0 0 0 0 0 0 0 0 0 0 0 1 0 0 0 0 0 0 w 0 0 w^2 0 w 1 1 w^2 0 w^2 1 0 | 0 0 0 0 0 0 0 0 0 0 0 0 0 0 1 0 0 0 0 0 w 0 w^2 1 w 1 w w 0 1 1 w w^2 | 0 0 0 0 0 0 0 0 0 0 0 0 0 0 0 1 0 0 0 0 1 0 1 0 w^2 1 0 1 w^2 1 0 w^2 0 | 0 0 0 0 0 0 0 0 0 0 0 0 0 0 0 0 1 0 0 0 1 0 1 w^2 w w^2 w 1 0 w^2 1 1 1 | 0 0 0 0 0 0 0 0 0 0 0 0 0 0 0 0 0 1 0 0 w 0 w w^2 w w 0 0 1 w^2 0 w w^2 | 0 0 0 0 0 0 0 0 0 0 0 0 0 0 0 0 0 0 1 0 w^2 0 0 w^2 1 1 w 0 0 w^2 0 w 1 | 0 0 0 0 0 0 0 0 0 0 0 0 0 0 0 0 0 0 0 1 0 0 0 0 0 w^2 1 w w^2 w^2 w^2 1 1 | 0 0 0 0 0 0 0 0 0 0 0 0 0 0 0 0 0 0 0 0 0 1 w^2 0 w w^2 w 1 w 0 0 0 w
156	[[34,18,7;10]]_2	w 1 1 w 0 w^2 1 w^2 w^2 1 1 w^2 w^2 w 1 w 0 0 1 w^2 w^2 1 1 w w^2 0 w^2 w^2 0 1 w^2 1 0	1	1 0 0 0 0 0 0 0 0 0 0 1 0 0 w^2 w^2 w^2 0 w^2 0 1 1 0 1 w w w^2 1 w 1 w^2 w^2 0 | 0 1 0 0 0 0 0 0 0 0 0 0 0 0 w w w w 1 0 w w 0 w w^2 1 w w 0 0 w 1 1 | 0 0 1 0 0 0 0 0 0 0 0 0 0 1 0 0 w w w^2 w^2 0 w 1 w^2 w w^2 1 1 1 1 w 0 0 | 0 0 0 1 0 0 0 0 0 0 0 1 0 0 1 1 w w 1 w^2 0 w 1 0 w 0 w 1 0 1 w^2 w 0 | 0 0 0 0 1 0 0 0 0 0 0 1 0 0 0 1 0 w^2 w^2 1 0 w 1 0 w 1 1 1 1 1 1 w^2 0 | 0 0 0 0 0 1 0 0 0 0 0 w 0 0 w^2 1 0 0 1 w 1 1 w^2 1 w^2 w w^2 w 0 w^2 1 w 1 | 0 0 0 0 0 0 1 0 0 0 0 w 0 1 0 0 w^2 w 1 w w 1 1 w^2 w w 1 1 w w 0 w^2 0 | 0 0 0 0 0 0 0 1 0 0 0 0 0 0 1 w^2 1 w w 0 w w^2 w 1 1 w^2 w w 1 w^2 1 1 1 | 0 0 0 0 0 0 0 0 1 0 0 0 0 w^2 1 w^2 w^2 w^2 1 1 w^2 1 w^2 w w^2 w w^2 1 w^2 0 0 0 0 | 0 0 0 0 0 0 0 0 0 1 0 0 0 1 1 w 1 1 0 w 1 w w 1 w^2 1 0 1 0 w w w 0 | 0 0 0 0 0 0 0 0 0 0 1 w 0 1 1 w^2 w^2 w w w 1 1 w^2 1 1 w 1 w^2 w^2 0 w^2 0 1 | 0 0 0 0 0 0 0 0 0 0 0 0 1 w 1 1 1 1 0 1 w w^2 w^2 w^2 w w^2 0 w^2 w w^2 w^2 w w
157	[[34,18,9;16]]_2	1 0 1 1 w w 0 w^2 w w w w^2 w w w^2 w 0 w 0 w^2 w^2 w w w w w w^2 w^2 w w^2 0 w^2 w^2	1	1 0 0 0 0 0 0 0 0 0 0 0 0 0 0 w^2 1 0 w 1 w^2 w^2 w^2 0 w^2 1 w w w^2 0 w 1 w^2 | 0 1 0 0 0 0 0 0 0 0 0 0 0 0 0 1 1 1 0 w^2 w w^2 0 w^2 w^2 0 1 0 w^2 w^2 1 0 w^2 | 0 0 1 0 0 0 0 0 0 0 0 0 0 0 0 w w^2 1 0 0 0 1 0 w 1 0 1 1 w^2 w^2 0 w^2 0 | 0 0 0 1 0 0 0 0 0 0 0 0 0 0 0 0 0 0 w w w 0 1 w^2 1 1 w 1 1 0 w 0 1 | 0 0 0 0 1 0 0 0 0 0 0 0 0 0 0 w^2 1 1 w^2 w 0 w^2 0 w w w^2 0 w^2 w w 1 w^2 w | 0 0 0 0 0 1 0 0 0 0 0 0 0 0 0 1 0 w^2 1 0 0 1 w^2 0 0 1 1 1 w^2 w^2 0 w^2 1 | 0 0 0 0 0 0 1 0 0 0 0 0 0 0 0 w^2 w w^2 w^2 w 0 0 0 w^2 w 0 0 0 w^2 0 0 1 0 | 0 0 0 0 0 0 0 1 0 0 0 0 0 0 0 w^2 w^2 w^2 1 w w 1 0 w^2 w^2 w^2 w w^2 1 0 0 w^2 w | 0 0 0 0 0 0 0 0 1 0 0 0 0 0 0 w 0 w^2 w w 0 0 1 0 0 1 1 0 w w 0 0 w | 0 0 0 0 0 0 0 0 0 1 0 0 0 0 0 0 w^2 1 w 1 0 0 w 1 1 1 w w 1 w 0 0 0 | 0 0 0 0 0 0 0 0 0 0 1 0 0 0 0 0 w^2 0 w^2 w^2 w^2 w w^2 1 w^2 w 0 0 0 w w^2 1 w^2 | 0 0 0 0 0 0 0 0 0 0 0 1 0 0 0 w^2 0 w^2 w^2 0 w w w w^2 1 0 w^2 1 1 1 1 1 0 | 0 0 0 0 0 0 0 0 0 0 0 0 1 0 0 w^2 0 w^2 1 w w^2 0 w^2 1 w^2 0 w 1 w^2 w w^2 w^2 w | 0 0 0 0 0 0 0 0 0 0 0 0 0 1 0 w^2 w^2 1 1 0 0 w^2 w w^2 w 0 0 0 w 1 1 1 w | 0 0 0 0 0 0 0 0 0 0 0 0 0 0 1 w w^2 w w 0 0 1 1 w^2 0 0 0 1 1 1 1 w^2 1
158	[[35,2,27;33]]_2	w^2 0 1 w^2 w w 0 1 1 w^2 1 w 1 w^2 w w w^2 w^2 1 0 1 w^2 w w^2 0 w^2 w^2 w^2 w 0 w w^2 1 0	1	1 0 0 0 0 0 0 0 0 0 0 0 0 0 0 0 0 0 0 0 0 0 0 0 0 0 0 0 0 0 0 0 w 1 | 0 1 0 0 0 0 0 0 0 0 0 0 0 0 0 0 0 0 0 0 0 0 0 0 0 0 0 0 0 0 0 0 0 w | 0 0 1 0 0 0 0 0 0 0 0 0 0 0 0 0 0 0 0 0 0 0 0 0 0 0 0 0 0 0 0 0 1 1 | 0 0 0 1 0 0 0 0 0 0 0 0 0 0 0 0 0 0 0 0 0 0 0 0 0 0 0 0 0 0 0 0 w 0 | 0 0 0 0 1 0 0 0 0 0 0 0 0 0 0 0 0 0 0 0 0 0 0 0 0 0 0 0 0 0 0 0 w^2 w^2 | 0 0 0 0 0 1 0 0 0 0 0 0 0 0 0 0 0 0 0 0 0 0 0 0 0 0 0 0 0 0 0 0 w^2 w^2 | 0 0 0 0 0 0 1 0 0 0 0 0 0 0 0 0 0 0 0 0 0 0 0 0 0 0 0 0 0 0 0 0 0 w^2 | 0 0 0 0 0 0 0 1 0 0 0 0 0 0 0 0 0 0 0 0 0 0 0 0 0 0 0 0 0 0 0 0 1 0 | 0 0 0 0 0 0 0 0 1 0 0 0 0 0 0 0 0 0 0 0 0 0 0 0 0 0 0 0 0 0 0 0 1 1 | 0 0 0 0 0 0 0 0 0 1 0 0 0 0 0 0 0 0 0 0 0 0 0 0 0 0 0 0 0 0 0 0 w 1 | 0 0 0 0 0 0 0 0 0 0 1 0 0 0 0 0 0 0 0 0 0 0 0 0 0 0 0 0 0 0 0 0 1 w | 0 0 0 0 0 0 0 0 0 0 0 1 0 0 0 0 0 0 0 0 0 0 0 0 0 0 0 0 0 0 0 0 w^2 1 | 0 0 0 0 0 0 0 0 0 0 0 0 1 0 0 0 0 0 0 0 0 0 0 0 0 0 0 0 0 0 0 0 1 0 | 0 0 0 0 0 0 0 0 0 0 0 0 0 1 0 0 0 0 0 0 0 0 0 0 0 0 0 0 0 0 0 0 w w | 0 0 0 0 0 0 0 0 0 0 0 0 0 0 1 0 0 0 0 0 0 0 0 0 0 0 0 0 0 0 0 0 w^2 w | 0 0 0 0 0 0 0 0 0 0 0 0 0 0 0 1 0 0 0 0 0 0 0 0 0 0 0 0 0 0 0 0 w^2 w | 0 0 0 0 0 0 0 0 0 0 0 0 0 0 0 0 1 0 0 0 0 0 0 0 0 0 0 0 0 0 0 0 w 1 | 0 0 0 0 0 0 0 0 0 0 0 0 0 0 0 0 0 1 0 0 0 0 0 0 0 0 0 0 0 0 0 0 w w | 0 0 0 0 0 0 0 0 0 0 0 0 0 0 0 0 0 0 1 0 0 0 0 0 0 0 0 0 0 0 0 0 1 0 | 0 0 0 0 0 0 0 0 0 0 0 0 0 0 0 0 0 0 0 1 0 0 0 0 0 0 0 0 0 0 0 0 0 1 | 0 0 0 0 0 0 0 0 0 0 0 0 0 0 0 0 0 0 0 0 1 0 0 0 0 0 0 0 0 0 0 0 1 0 | 0 0 0 0 0 0 0 0 0 0 0 0 0 0 0 0 0 0 0 0 0 1 0 0 0 0 0 0 0 0 0 0 w w^2 | 0 0 0 0 0 0 0 0 0 0 0 0 0 0 0 0 0 0 0 0 0 0 1 0 0 0 0 0 0 0 0 0 w^2 w^2 | 0 0 0 0 0 0 0 0 0 0 0 0 0 0 0 0 0 0 0 0 0 0 0 1 0 0 0 0 0 0 0 0 w 0 | 0 0 0 0 0 0 0 0 0 0 0 0 0 0 0 0 0 0 0 0 0 0 0 0 1 0 0 0 0 0 0 0 0 1 | 0 0 0 0 0 0 0 0 0 0 0 0 0 0 0 0 0 0 0 0 0 0 0 0 0 1 0 0 0 0 0 0 w w^2 | 0 0 0 0 0 0 0 0 0 0 0 0 0 0 0 0 0 0 0 0 0 0 0 0 0 0 1 0 0 0 0 0 w w | 0 0 0 0 0 0 0 0 0 0 0 0 0 0 0 0 0 0 0 0 0 0 0 0 0 0 0 1 0 0 0 0 w 0 | 0 0 0 0 0 0 0 0 0 0 0 0 0 0 0 0 0 0 0 0 0 0 0 0 0 0 0 0 1 0 0 0 w^2 1 | 0 0 0 0 0 0 0 0 0 0 0 0 0 0 0 0 0 0 0 0 0 0 0 0 0 0 0 0 0 1 0 0 0 1 | 0 0 0 0 0 0 0 0 0 0 0 0 0 0 0 0 0 0 0 0 0 0 0 0 0 0 0 0 0 0 1 0 w^2 1 | 0 0 0 0 0 0 0 0 0 0 0 0 0 0 0 0 0 0 0 0 0 0 0 0 0 0 0 0 0 0 0 1 w w^2
159	[[35,11,12;18]]_2	w 1 w 0 w^2 0 1 w w^2 w 0 1 w 0 w^2 w^2 0 w^2 1 w^2 w w w w 1 w^2 w w^2 0 w w^2 0 w^2 1	1	1 0 0 0 0 0 0 0 0 0 0 0 0 0 0 0 0 0 0 0 0 w^2 w^2 0 0 w w w^2 0 w^2 0 1 w^2 w^2 | 0 1 0 0 0 0 0 0 0 0 0 0 0 0 0 0 0 0 0 0 0 1 1 1 0 1 1 0 w 0 w 1 w^2 1 | 0 0 1 0 0 0 0 0 0 0 0 0 0 0 0 0 0 0 0 0 1 w w 1 0 w^2 w^2 w^2 w^2 0 0 w^2 1 w^2 | 0 0 0 1 0 0 0 0 0 0 0 0 0 0 0 0 0 0 0 0 0 0 0 1 w^2 1 w^2 w^2 1 w 1 w^2 0 w | 0 0 0 0 1 0 0 0 0 0 0 0 0 0 0 0 0 0 0 0 w 0 w 0 w 1 0 w^2 1 1 0 0 w w^2 | 0 0 0 0 0 1 0 0 0 0 0 0 0 0 0 0 0 0 0 0 w^2 0 w w 0 w^2 w^2 w 0 w w^2 w 1 0 | 0 0 0 0 0 0 1 0 0 0 0 0 0 0 0 0 0 0 0 0 w^2 0 w 0 w^2 w^2 0 w^2 1 0 1 0 1 1 | 0 0 0 0 0 0 0 1 0 0 0 0 0 0 0 0 0 0 0 0 w w^2 0 1 w^2 w 1 w^2 w w w 0 1 1 | 0 0 0 0 0 0 0 0 1 0 0 0 0 0 0 0 0 0 0 0 w^2 0 1 w w 1 1 w^2 w^2 1 0 1 0 w^2 | 0 0 0 0 0 0 0 0 0 1 0 0 0 0 0 0 0 0 0 0 0 1 w 1 1 0 w^2 0 w 1 w w^2 0 1 | 0 0 0 0 0 0 0 0 0 0 1 0 0 0 0 0 0 0 0 0 1 1 w 0 w^2 0 1 1 w 1 w^2 0 w w | 0 0 0 0 0 0 0 0 0 0 0 1 0 0 0 0 0 0 0 0 0 w^2 w w w w w^2 w w^2 1 w^2 0 0 1 | 0 0 0 0 0 0 0 0 0 0 0 0 1 0 0 0 0 0 0 0 0 0 1 0 0 w w 1 0 1 0 w^2 w^2 w | 0 0 0 0 0 0 0 0 0 0 0 0 0 1 0 0 0 0 0 0 1 1 1 0 0 w 1 w^2 w^2 w 1 0 0 1 | 0 0 0 0 0 0 0 0 0 0 0 0 0 0 1 0 0 0 0 0 w 0 0 w^2 w^2 w 0 w w^2 0 w w^2 w w | 0 0 0 0 0 0 0 0 0 0 0 0 0 0 0 1 0 0 0 0 w 0 1 1 1 w 1 w^2 w^2 0 0 w^2 0 w^2 | 0 0 0 0 0 0 0 0 0 0 0 0 0 0 0 0 1 0 0 0 w^2 w w^2 w^2 w^2 w 1 w 1 w^2 w^2 w^2 0 0 | 0 0 0 0 0 0 0 0 0 0 0 0 0 0 0 0 0 1 0 0 w^2 1 w^2 1 w 0 0 w 0 w^2 0 1 1 w^2 | 0 0 0 0 0 0 0 0 0 0 0 0 0 0 0 0 0 0 1 0 1 w^2 0 w^2 0 1 w w^2 0 w^2 w 1 0 1 | 0 0 0 0 0 0 0 0 0 0 0 0 0 0 0 0 0 0 0 1 0 1 w^2 w^2 w 1 1 1 w^2 w^2 1 0 0 0
160	[[35,12,12;19]]_2	w^2 w^2 w^2 w 1 1 w 1 w w^2 w^2 w 1 w 1 w^2 0 1 1 0 0 0 0 w^2 0 1 w^2 w 0 w w 0 w^2 w	1	1 0 0 0 0 0 0 0 0 0 0 0 0 0 0 0 0 0 0 0 0 w^2 w^2 0 0 w w w^2 0 w^2 0 1 w^2 w^2 | 0 1 0 0 0 0 0 0 0 0 0 0 0 0 0 0 0 0 0 0 0 1 1 1 0 1 1 0 w 0 w 1 w^2 1 | 0 0 1 0 0 0 0 0 0 0 0 0 0 0 0 0 0 0 0 0 1 w w 1 0 w^2 w^2 w^2 w^2 0 0 w^2 1 w^2 | 0 0 0 1 0 0 0 0 0 0 0 0 0 0 0 0 0 0 0 0 0 0 0 1 w^2 1 w^2 w^2 1 w 1 w^2 0 w | 0 0 0 0 1 0 0 0 0 0 0 0 0 0 0 0 0 0 0 0 w 0 w 0 w 1 0 w^2 1 1 0 0 w w^2 | 0 0 0 0 0 1 0 0 0 0 0 0 0 0 0 0 0 0 0 0 w^2 0 w w 0 w^2 w^2 w 0 w w^2 w 1 0 | 0 0 0 0 0 0 1 0 0 0 0 0 0 0 0 0 0 0 0 0 w^2 0 w 0 w^2 w^2 0 w^2 1 0 1 0 1 1 | 0 0 0 0 0 0 0 1 0 0 0 0 0 0 0 0 0 0 0 0 w w^2 0 1 w^2 w 1 w^2 w w w 0 1 1 | 0 0 0 0 0 0 0 0 1 0 0 0 0 0 0 0 0 0 0 0 w^2 0 1 w w 1 1 w^2 w^2 1 0 1 0 w^2 | 0 0 0 0 0 0 0 0 0 1 0 0 0 0 0 0 0 0 0 0 0 1 w 1 1 0 w^2 0 w 1 w w^2 0 1 | 0 0 0 0 0 0 0 0 0 0 1 0 0 0 0 0 0 0 0 0 1 1 w 0 w^2 0 1 1 w 1 w^2 0 w w | 0 0 0 0 0 0 0 0 0 0 0 1 0 0 0 0 0 0 0 0 0 w^2 w w w w w^2 w w^2 1 w^2 0 0 1 | 0 0 0 0 0 0 0 0 0 0 0 0 1 0 0 0 0 0 0 0 0 0 1 0 0 w w 1 0 1 0 w^2 w^2 w | 0 0 0 0 0 0 0 0 0 0 0 0 0 1 0 0 0 0 0 0 1 1 1 0 0 w 1 w^2 w^2 w 1 0 0 1 | 0 0 0 0 0 0 0 0 0 0 0 0 0 0 1 0 0 0 0 0 w 0 0 w^2 w^2 w 0 w w^2 0 w w^2 w w | 0 0 0 0 0 0 0 0 0 0 0 0 0 0 0 1 0 0 0 0 w 0 1 1 1 w 1 w^2 w^2 0 0 w^2 0 w^2 | 0 0 0 0 0 0 0 0 0 0 0 0 0 0 0 0 1 0 0 0 w^2 w w^2 w^2 w^2 w 1 w 1 w^2 w^2 w^2 0 0 | 0 0 0 0 0 0 0 0 0 0 0 0 0 0 0 0 0 1 0 0 w^2 1 w^2 1 w 0 0 w 0 w^2 0 1 1 w^2 | 0 0 0 0 0 0 0 0 0 0 0 0 0 0 0 0 0 0 1 0 1 w^2 0 w^2 0 1 w w^2 0 w^2 w 1 0 1 | 0 0 0 0 0 0 0 0 0 0 0 0 0 0 0 0 0 0 0 1 0 1 w^2 w^2 w 1 1 1 w^2 w^2 1 0 0 0
161	[[35,14,12;21]]_2	1 0 w w 0 1 0 0 w^2 w 0 w w w^2 1 1 0 w w^2 w 0 1 1 w^2 w^2 1 w w^2 w 0 1 0 w^2 1	1	1 0 0 0 0 0 0 0 0 0 0 0 0 0 0 0 0 0 0 0 w 1 w^2 w^2 0 1 w^2 1 w 0 0 w 0 1 | 0 1 0 0 0 0 0 0 0 0 0 0 0 0 0 0 0 0 0 0 1 w w^2 w w w 1 w^2 w w^2 w w^2 0 0 | 0 0 1 0 0 0 0 0 0 0 0 0 0 0 0 0 0 0 0 0 0 0 0 0 0 1 1 w^2 w 1 w 1 w w^2 | 0 0 0 1 0 0 0 0 0 0 0 0 0 0 0 0 0 0 0 0 w w^2 w^2 w 0 w w^2 w^2 w^2 w^2 0 1 0 w | 0 0 0 0 1 0 0 0 0 0 0 0 0 0 0 0 0 0 0 0 0 w^2 0 w w 0 w w^2 0 1 w 1 w^2 w | 0 0 0 0 0 1 0 0 0 0 0 0 0 0 0 0 0 0 0 0 0 1 w^2 w w w^2 0 w^2 0 0 w^2 1 1 w^2 | 0 0 0 0 0 0 1 0 0 0 0 0 0 0 0 0 0 0 0 0 w w w w w^2 0 w 1 w w^2 1 w w 1 | 0 0 0 0 0 0 0 1 0 0 0 0 0 0 0 0 0 0 0 0 0 w 0 1 w^2 w^2 0 1 0 1 0 w^2 w 1 | 0 0 0 0 0 0 0 0 1 0 0 0 0 0 0 0 0 0 0 0 w w w w^2 1 w w^2 w w w 0 w w 0 | 0 0 0 0 0 0 0 0 0 1 0 0 0 0 0 0 0 0 0 0 w 1 w^2 w 0 1 w^2 1 w w w^2 0 w^2 0 | 0 0 0 0 0 0 0 0 0 0 1 0 0 0 0 0 0 0 0 0 1 w w^2 w^2 0 w^2 w^2 w^2 w^2 w^2 0 1 w^2 0 | 0 0 0 0 0 0 0 0 0 0 0 1 0 0 0 0 0 0 0 0 1 w 0 0 1 w w^2 0 w w w 0 1 w^2 | 0 0 0 0 0 0 0 0 0 0 0 0 1 0 0 0 0 0 0 0 0 w 1 0 w w^2 0 w^2 w 0 1 w^2 1 1 | 0 0 0 0 0 0 0 0 0 0 0 0 0 1 0 0 0 0 0 0 w w^2 0 1 w w^2 w 1 0 w^2 w^2 0 0 0 | 0 0 0 0 0 0 0 0 0 0 0 0 0 0 1 0 0 0 0 0 w^2 0 0 w 0 w^2 0 w^2 w w 1 w^2 w^2 w^2 | 0 0 0 0 0 0 0 0 0 0 0 0 0 0 0 1 0 0 0 0 w 0 w w^2 w^2 0 w^2 0 w w^2 w 0 w^2 w | 0 0 0 0 0 0 0 0 0 0 0 0 0 0 0 0 1 0 0 0 1 0 1 w^2 w 1 1 w 1 w 0 w w 0 | 0 0 0 0 0 0 0 0 0 0 0 0 0 0 0 0 0 1 0 0 1 w^2 w^2 w^2 0 w w^2 w^2 w^2 1 0 1 1 w^2 | 0 0 0 0 0 0 0 0 0 0 0 0 0 0 0 0 0 0 1 0 w^2 1 1 w 0 w^2 w^2 0 w^2 w 0 w^2 w^2 w | 0 0 0 0 0 0 0 0 0 0 0 0 0 0 0 0 0 0 0 1 1 w 0 0 1 0 w^2 w^2 0 w^2 w^2 1 0 1
162	[[35,20,8;15]]_2	w w w w 1 0 w w w w w 0 0 w 0 1 w 0 w^2 w w^2 w w 0 1 w w^2 w w w w^2 w 1 1	1	1 0 0 0 0 0 0 0 0 0 0 0 0 0 w w^2 0 w^2 1 w^2 0 w^2 0 1 w^2 w w^2 1 0 w^2 0 0 w^2 w | 0 1 0 0 0 0 0 0 0 0 0 0 0 0 0 w w^2 w w^2 1 w^2 0 w^2 0 1 w^2 w w^2 1 0 w^2 0 0 w^2 | 0 0 1 0 0 0 0 0 0 0 0 0 0 0 1 0 0 w 0 0 w^2 w 1 0 1 0 0 0 w^2 1 w^2 1 0 w^2 | 0 0 0 1 0 0 0 0 0 0 0 0 0 0 0 w w^2 w 0 w w^2 w 0 1 1 1 w w 0 0 0 0 w w^2 | 0 0 0 0 1 0 0 0 0 0 0 0 0 0 1 0 0 w 0 w^2 0 w w^2 w^2 0 0 w 0 w 0 w^2 w 0 1 | 0 0 0 0 0 1 0 0 0 0 0 0 0 0 0 w w^2 0 0 w 0 1 0 w^2 w 0 w 0 0 1 1 0 1 w^2 | 0 0 0 0 0 0 1 0 0 0 0 0 0 0 1 0 0 w w w^2 0 1 0 w^2 w w^2 w^2 0 0 0 w w^2 0 w | 0 0 0 0 0 0 0 1 0 0 0 0 0 0 0 w w^2 w^2 0 0 0 1 w^2 0 w w 1 1 0 w^2 1 1 0 w^2 | 0 0 0 0 0 0 0 0 1 0 0 0 0 0 1 w^2 w^2 w^2 w^2 1 1 0 w 0 0 w^2 w^2 1 1 w^2 1 0 w 0 | 0 0 0 0 0 0 0 0 0 1 0 0 0 0 1 1 1 1 1 0 w^2 0 1 1 1 1 0 1 1 1 0 w^2 0 1 | 0 0 0 0 0 0 0 0 0 0 1 0 0 0 w w^2 0 0 w^2 1 1 w w^2 0 0 w^2 1 w 1 w^2 w^2 1 1 w^2 | 0 0 0 0 0 0 0 0 0 0 0 1 0 0 0 w w^2 w^2 0 w^2 1 1 w w^2 0 0 w^2 1 w 1 w^2 w^2 1 1 | 0 0 0 0 0 0 0 0 0 0 0 0 1 0 1 1 1 w w 0 0 w w^2 1 0 1 0 w 1 w^2 0 0 w w^2 | 0 0 0 0 0 0 0 0 0 0 0 0 0 1 w 0 w^2 w^2 w 0 w 0 w^2 w 1 w w^2 0 w 0 0 w 1 w
163	[[36,13,11;17]]_2	1 w w^2 w^2 1 1 0 0 w w^2 w w w 1 w w^2 w w^2 1 0 w^2 1 1 0 0 w 0 0 w^2 1 w 1 0 w 1	1	1 0 0 0 0 0 0 0 0 0 0 0 0 0 0 0 0 0 0 0 w^2 w 1 w^2 1 1 w^2 w w^2 1 0 w w^2 1 1 | 0 1 0 0 0 0 0 0 0 0 0 0 0 0 0 0 0 0 0 0 1 1 w w^2 0 1 1 0 0 0 w^2 0 0 0 w^2 | 0 0 1 0 0 0 0 0 0 0 0 0 0 0 0 0 0 0 0 0 w^2 w w w 1 w^2 1 0 0 0 w 1 w w^2 w^2 | 0 0 0 1 0 0 0 0 0 0 0 0 0 0 0 0 0 0 0 w^2 w^2 1 0 1 0 w^2 w^2 1 1 1 1 w 0 w w^2 | 0 0 0 0 1 0 0 0 0 0 0 0 0 0 0 0 0 0 0 w w^2 w^2 1 w^2 1 1 1 w w w w w^2 0 1 1 | 0 0 0 0 0 1 0 0 0 0 0 0 0 0 0 0 0 0 0 1 1 w^2 1 0 w^2 w^2 w w^2 w^2 w^2 w 0 w w^2 w | 0 0 0 0 0 0 1 0 0 0 0 0 0 0 0 0 0 0 0 w w^2 1 w^2 0 1 1 0 1 w w^2 0 w 1 1 1 | 0 0 0 0 0 0 0 1 0 0 0 0 0 0 0 0 0 0 0 w^2 0 0 w^2 w 0 0 w^2 1 1 0 w^2 1 w w^2 0 | 0 0 0 0 0 0 0 0 1 0 0 0 0 0 0 0 0 0 0 0 0 1 w 0 1 1 w 1 1 1 0 w^2 1 1 0 | 0 0 0 0 0 0 0 0 0 1 0 0 0 0 0 0 0 0 0 w w^2 1 w 0 0 0 0 w^2 1 w^2 1 1 0 0 w^2 | 0 0 0 0 0 0 0 0 0 0 1 0 0 0 0 0 0 0 0 w w w w 0 1 1 w 0 w 0 w w^2 w^2 0 w | 0 0 0 0 0 0 0 0 0 0 0 1 0 0 0 0 0 0 0 w^2 0 1 1 1 w^2 1 0 w w^2 1 w^2 w^2 0 0 1 | 0 0 0 0 0 0 0 0 0 0 0 0 1 0 0 0 0 0 0 w^2 0 0 1 0 1 w w^2 0 w^2 0 0 w^2 w 1 w | 0 0 0 0 0 0 0 0 0 0 0 0 0 1 0 0 0 0 0 0 0 1 1 0 1 0 1 w 0 0 w^2 w^2 w^2 1 w^2 | 0 0 0 0 0 0 0 0 0 0 0 0 0 0 1 0 0 0 0 0 0 w w w^2 0 0 w^2 w w^2 w^2 w^2 w w^2 0 1 | 0 0 0 0 0 0 0 0 0 0 0 0 0 0 0 1 0 0 0 0 w^2 0 w^2 w w^2 w w 1 1 w w^2 0 w 1 0 | 0 0 0 0 0 0 0 0 0 0 0 0 0 0 0 0 1 0 0 1 1 w^2 0 1 w^2 1 w^2 w 0 0 1 0 1 w^2 0 | 0 0 0 0 0 0 0 0 0 0 0 0 0 0 0 0 0 1 0 w 1 0 w^2 1 1 w^2 1 w w^2 1 w^2 w 0 w 0 | 0 0 0 0 0 0 0 0 0 0 0 0 0 0 0 0 0 0 1 1 w^2 w w^2 w w w 0 1 1 w 1 w^2 w 1 w^2
164	[[36,20,8;14]]_2	w^2 0 w^2 w w 0 0 w w^2 0 w^2 0 w^2 w^2 w^2 w w^2 1 w 1 1 w 0 w^2 w w^2 w^2 w^2 0 w^2 w w^2 1 1 0	1	1 0 0 0 0 0 0 0 0 0 0 0 0 0 0 0 0 w 1 w^2 0 w 0 w w w 1 1 0 0 1 0 w 1 w | 0 1 0 0 0 0 0 0 0 0 0 0 w 0 0 1 w w w 0 w^2 w^2 w w^2 w 0 w^2 w 0 w 1 0 w^2 0 w^2 | 0 0 1 0 0 0 0 0 0 0 0 0 0 0 0 w^2 0 w^2 1 0 w w w 1 w^2 w^2 0 0 1 0 1 w 0 w 0 | 0 0 0 1 0 0 0 0 0 0 0 0 w 0 0 1 0 w 1 0 w w w 0 0 1 1 w 0 0 w 1 w^2 w 1 | 0 0 0 0 1 0 0 0 0 0 0 0 1 0 0 w w^2 w 1 w w 0 w^2 w 1 0 1 0 1 w^2 w^2 1 w^2 0 1 | 0 0 0 0 0 1 0 0 0 0 0 0 1 0 0 w w^2 1 0 1 1 0 0 w w 0 0 w^2 1 w 0 0 0 w^2 1 | 0 0 0 0 0 0 1 0 0 0 0 0 w 0 0 0 w^2 0 0 w^2 1 w^2 1 w^2 0 1 1 0 0 w w^2 0 0 w 0 | 0 0 0 0 0 0 0 1 0 0 0 0 w 0 0 0 0 w^2 1 1 w w w 0 0 1 0 w w^2 0 w^2 w w 0 0 | 0 0 0 0 0 0 0 0 1 0 0 0 1 0 0 0 0 w^2 w w^2 w^2 0 1 w 0 1 w^2 0 w^2 1 w^2 0 w^2 1 1 | 0 0 0 0 0 0 0 0 0 1 0 0 w^2 0 0 1 w 0 0 w^2 1 w^2 w^2 1 w^2 w w^2 w^2 w 0 w^2 w w 1 w^2 | 0 0 0 0 0 0 0 0 0 0 1 0 w^2 0 0 1 0 1 1 w w^2 w 1 w w^2 w^2 0 w^2 w^2 0 w^2 w 1 w^2 w^2 | 0 0 0 0 0 0 0 0 0 0 0 1 w 0 0 w w w 1 1 1 w^2 1 1 w^2 1 1 w^2 1 w 1 w 1 1 0 | 0 0 0 0 0 0 0 0 0 0 0 0 0 1 0 0 w^2 0 w 0 1 1 w w^2 1 1 w 0 1 w^2 1 w w 0 0 | 0 0 0 0 0 0 0 0 0 0 0 0 0 0 1 0 1 w^2 w 0 1 w 0 1 0 w w^2 w 0 w^2 0 w^2 w w^2 w
165	[[36,21,8;15]]_2	1 0 w w^2 w w^2 w^2 1 0 w^2 0 1 w^2 1 w^2 w w 0 0 w^2 w^2 w^2 0 w w^2 w w^2 0 w 0 w w 1 0 w^2	1	1 0 0 0 0 0 0 0 0 0 0 0 0 0 0 0 0 w 1 w^2 0 w 0 w w w 1 1 0 0 1 0 w 1 w | 0 1 0 0 0 0 0 0 0 0 0 0 w 0 0 1 w w w 0 w^2 w^2 w w^2 w 0 w^2 w 0 w 1 0 w^2 0 w^2 | 0 0 1 0 0 0 0 0 0 0 0 0 0 0 0 w^2 0 w^2 1 0 w w w 1 w^2 w^2 0 0 1 0 1 w 0 w 0 | 0 0 0 1 0 0 0 0 0 0 0 0 w 0 0 1 0 w 1 0 w w w 0 0 1 1 w 0 0 w 1 w^2 w 1 | 0 0 0 0 1 0 0 0 0 0 0 0 1 0 0 w w^2 w 1 w w 0 w^2 w 1 0 1 0 1 w^2 w^2 1 w^2 0 1 | 0 0 0 0 0 1 0 0 0 0 0 0 1 0 0 w w^2 1 0 1 1 0 0 w w 0 0 w^2 1 w 0 0 0 w^2 1 | 0 0 0 0 0 0 1 0 0 0 0 0 w 0 0 0 w^2 0 0 w^2 1 w^2 1 w^2 0 1 1 0 0 w w^2 0 0 w 0 | 0 0 0 0 0 0 0 1 0 0 0 0 w 0 0 0 0 w^2 1 1 w w w 0 0 1 0 w w^2 0 w^2 w w 0 0 | 0 0 0 0 0 0 0 0 1 0 0 0 1 0 0 0 0 w^2 w w^2 w^2 0 1 w 0 1 w^2 0 w^2 1 w^2 0 w^2 1 1 | 0 0 0 0 0 0 0 0 0 1 0 0 w^2 0 0 1 w 0 0 w^2 1 w^2 w^2 1 w^2 w w^2 w^2 w 0 w^2 w w 1 w^2 | 0 0 0 0 0 0 0 0 0 0 1 0 w^2 0 0 1 0 1 1 w w^2 w 1 w w^2 w^2 0 w^2 w^2 0 w^2 w 1 w^2 w^2 | 0 0 0 0 0 0 0 0 0 0 0 1 w 0 0 w w w 1 1 1 w^2 1 1 w^2 1 1 w^2 1 w 1 w 1 1 0 | 0 0 0 0 0 0 0 0 0 0 0 0 0 1 0 0 w^2 0 w 0 1 1 w w^2 1 1 w 0 1 w^2 1 w w 0 0 | 0 0 0 0 0 0 0 0 0 0 0 0 0 0 1 0 1 w^2 w 0 1 w 0 1 0 w w^2 w 0 w^2 0 w^2 w w^2 w
166	[[36,22,7;12]]_2	1 1 1 w^2 0 w^2 w^2 0 w w 1 0 w w^2 1 1 w 1 0 w^2 1 0 0 0 w w^2 0 w w 0 0 w w 1 w	1	1 0 0 0 0 0 0 0 0 0 0 1 1 0 w w^2 w 1 w^2 w^2 w^2 w^2 0 0 w^2 1 1 w^2 w^2 w^2 1 w 1 w w | 0 1 0 0 0 0 0 0 0 0 0 w^2 w 0 w w^2 1 1 w 0 1 0 1 w^2 w 1 w w 0 0 w^2 0 1 0 1 | 0 0 1 0 0 0 0 0 0 0 0 w 1 0 w^2 w w^2 w^2 1 w^2 w^2 w w^2 0 1 1 0 0 w^2 w 0 0 0 0 1 | 0 0 0 1 0 0 0 0 0 0 0 1 0 0 1 0 w^2 1 1 1 0 w^2 w^2 0 1 0 w^2 w^2 w w^2 0 w^2 w w 1 | 0 0 0 0 1 0 0 0 0 0 0 1 0 0 w w^2 0 1 w 1 w w^2 1 1 w^2 w 1 0 w 1 w w^2 1 w^2 w^2 | 0 0 0 0 0 1 0 0 0 0 0 0 w 0 w^2 1 w^2 w w 1 0 w 1 w^2 w 1 0 w^2 w^2 w w w w 1 w | 0 0 0 0 0 0 1 0 0 0 0 1 w 0 w 0 w 1 w^2 0 w^2 1 w^2 0 0 w^2 1 0 w^2 1 0 0 w^2 0 1 | 0 0 0 0 0 0 0 1 0 0 0 1 w^2 0 w^2 1 w 0 w 0 w 1 1 0 1 w w^2 1 1 w^2 w 0 w^2 w 1 | 0 0 0 0 0 0 0 0 1 0 0 w^2 w 0 w 0 w w^2 1 1 w 1 w w^2 w w^2 w^2 1 w^2 w w w 1 w^2 w^2 | 0 0 0 0 0 0 0 0 0 1 0 0 1 0 w w^2 1 1 1 w 1 w 0 1 1 w^2 0 w^2 w^2 1 w w w^2 0 0 | 0 0 0 0 0 0 0 0 0 0 1 1 1 0 1 1 1 w^2 0 0 w^2 1 1 0 w^2 w^2 1 0 0 0 w^2 0 0 w 0 | 0 0 0 0 0 0 0 0 0 0 0 0 0 1 w^2 1 w w^2 w^2 w^2 w w^2 w 1 1 w w^2 w^2 1 w^2 w^2 w w w w^2
167	[[36,23,7;13]]_2	0 1 1 w w^2 1 1 w^2 w^2 w^2 w 1 0 0 w 0 w 0 w w^2 w^2 1 1 0 w 1 w^2 w^2 0 w 1 w^2 w w^2 0	1	1 0 0 0 0 0 0 0 0 0 0 0 w^2 w^2 0 w^2 1 0 w 1 w^2 w 0 w^2 1 0 0 w^2 w w^2 w 0 w w 0 | 0 1 0 0 0 0 0 0 0 0 0 0 0 w w^2 0 w^2 w^2 w^2 0 0 w^2 1 w w w^2 w^2 1 0 w^2 0 0 0 w w | 0 0 1 0 0 0 0 0 0 0 0 0 1 w^2 w^2 w^2 w w^2 0 1 1 w^2 w^2 1 w^2 w 0 1 0 1 w^2 0 w 0 w^2 | 0 0 0 1 0 0 0 0 0 0 0 0 1 1 w^2 w^2 w^2 w 0 1 1 0 0 0 1 1 0 w 0 0 w^2 w^2 1 w^2 w | 0 0 0 0 1 0 0 0 0 0 0 0 1 w^2 w^2 0 w 0 1 w w w w^2 1 0 0 w^2 w^2 1 1 0 w^2 0 w w | 0 0 0 0 0 1 0 0 0 0 0 0 w^2 0 w 0 1 w w^2 0 w w w^2 w w w^2 0 w w 1 1 w w w 1 | 0 0 0 0 0 0 1 0 0 0 0 0 0 w^2 1 w^2 w w^2 1 0 0 1 w w 1 w 0 1 0 0 w w^2 0 w 0 | 0 0 0 0 0 0 0 1 0 0 0 0 1 0 w w^2 w^2 w^2 w^2 w 1 0 1 0 0 w^2 1 1 w^2 w 1 w 0 0 1 | 0 0 0 0 0 0 0 0 1 0 0 0 w^2 1 1 1 w w 1 w w^2 w^2 w^2 w^2 w^2 1 0 w w^2 w w^2 0 0 1 1 | 0 0 0 0 0 0 0 0 0 1 0 0 w^2 0 0 0 1 1 0 w 0 w^2 w 1 1 w w^2 0 1 1 w w^2 w 0 1 | 0 0 0 0 0 0 0 0 0 0 1 0 w 0 1 0 w 1 1 w w 0 w w^2 1 1 1 w^2 0 w w w^2 w^2 w 1 | 0 0 0 0 0 0 0 0 0 0 0 1 1 1 1 w 1 w^2 0 0 0 w^2 w w 0 0 0 w 1 0 0 1 w w w
168	[[37,2,29;35]]_2	1 1 w w^2 1 w w^2 w w^2 1 0 w w^2 w^2 w 0 w 1 w^2 1 w w^2 w 0 w^2 w^2 w^2 1 1 0 w 0 0 w 1 w	1	1 0 0 0 0 0 0 0 0 0 0 0 0 0 0 0 0 0 0 0 0 0 0 0 0 0 0 0 0 0 0 0 0 1 0 w^2 | 0 1 0 0 0 0 0 0 0 0 0 0 0 0 0 0 0 0 0 0 0 0 0 0 0 0 0 0 0 0 0 0 0 w^2 0 1 | 0 0 1 0 0 0 0 0 0 0 0 0 0 0 0 0 0 0 0 0 0 0 0 0 0 0 0 0 0 0 0 0 0 0 0 1 | 0 0 0 1 0 0 0 0 0 0 0 0 0 0 0 0 0 0 0 0 0 0 0 0 0 0 0 0 0 0 0 0 0 w 0 1 | 0 0 0 0 1 0 0 0 0 0 0 0 0 0 0 0 0 0 0 0 0 0 0 0 0 0 0 0 0 0 0 0 0 w 0 0 | 0 0 0 0 0 1 0 0 0 0 0 0 0 0 0 0 0 0 0 0 0 0 0 0 0 0 0 0 0 0 0 0 0 w 0 w^2 | 0 0 0 0 0 0 1 0 0 0 0 0 0 0 0 0 0 0 0 0 0 0 0 0 0 0 0 0 0 0 0 0 0 0 0 w^2 | 0 0 0 0 0 0 0 1 0 0 0 0 0 0 0 0 0 0 0 0 0 0 0 0 0 0 0 0 0 0 0 0 0 0 0 1 | 0 0 0 0 0 0 0 0 1 0 0 0 0 0 0 0 0 0 0 0 0 0 0 0 0 0 0 0 0 0 0 0 0 w 0 1 | 0 0 0 0 0 0 0 0 0 1 0 0 0 0 0 0 0 0 0 0 0 0 0 0 0 0 0 0 0 0 0 0 0 w^2 0 1 | 0 0 0 0 0 0 0 0 0 0 1 0 0 0 0 0 0 0 0 0 0 0 0 0 0 0 0 0 0 0 0 0 0 w 0 w | 0 0 0 0 0 0 0 0 0 0 0 1 0 0 0 0 0 0 0 0 0 0 0 0 0 0 0 0 0 0 0 0 0 w 0 w^2 | 0 0 0 0 0 0 0 0 0 0 0 0 1 0 0 0 0 0 0 0 0 0 0 0 0 0 0 0 0 0 0 0 0 0 0 w^2 | 0 0 0 0 0 0 0 0 0 0 0 0 0 1 0 0 0 0 0 0 0 0 0 0 0 0 0 0 0 0 0 0 0 w 0 1 | 0 0 0 0 0 0 0 0 0 0 0 0 0 0 1 0 0 0 0 0 0 0 0 0 0 0 0 0 0 0 0 0 0 1 0 0 | 0 0 0 0 0 0 0 0 0 0 0 0 0 0 0 1 0 0 0 0 0 0 0 0 0 0 0 0 0 0 0 0 0 w^2 0 w^2 | 0 0 0 0 0 0 0 0 0 0 0 0 0 0 0 0 1 0 0 0 0 0 0 0 0 0 0 0 0 0 0 0 0 1 0 0 | 0 0 0 0 0 0 0 0 0 0 0 0 0 0 0 0 0 1 0 0 0 0 0 0 0 0 0 0 0 0 0 0 0 w 0 0 | 0 0 0 0 0 0 0 0 0 0 0 0 0 0 0 0 0 0 1 0 0 0 0 0 0 0 0 0 0 0 0 0 0 0 0 w^2 | 0 0 0 0 0 0 0 0 0 0 0 0 0 0 0 0 0 0 0 1 0 0 0 0 0 0 0 0 0 0 0 0 0 w 0 0 | 0 0 0 0 0 0 0 0 0 0 0 0 0 0 0 0 0 0 0 0 1 0 0 0 0 0 0 0 0 0 0 0 0 w 0 w^2 | 0 0 0 0 0 0 0 0 0 0 0 0 0 0 0 0 0 0 0 0 0 1 0 0 0 0 0 0 0 0 0 0 0 1 0 w | 0 0 0 0 0 0 0 0 0 0 0 0 0 0 0 0 0 0 0 0 0 0 1 0 0 0 0 0 0 0 0 0 0 1 0 0 | 0 0 0 0 0 0 0 0 0 0 0 0 0 0 0 0 0 0 0 0 0 0 0 1 0 0 0 0 0 0 0 0 0 w 0 w | 0 0 0 0 0 0 0 0 0 0 0 0 0 0 0 0 0 0 0 0 0 0 0 0 1 0 0 0 0 0 0 0 0 w 0 1 | 0 0 0 0 0 0 0 0 0 0 0 0 0 0 0 0 0 0 0 0 0 0 0 0 0 1 0 0 0 0 0 0 0 w 0 1 | 0 0 0 0 0 0 0 0 0 0 0 0 0 0 0 0 0 0 0 0 0 0 0 0 0 0 1 0 0 0 0 0 0 1 0 w | 0 0 0 0 0 0 0 0 0 0 0 0 0 0 0 0 0 0 0 0 0 0 0 0 0 0 0 1 0 0 0 0 0 1 0 w^2 | 0 0 0 0 0 0 0 0 0 0 0 0 0 0 0 0 0 0 0 0 0 0 0 0 0 0 0 0 1 0 0 0 0 w 0 0 | 0 0 0 0 0 0 0 0 0 0 0 0 0 0 0 0 0 0 0 0 0 0 0 0 0 0 0 0 0 1 0 0 0 1 0 1 | 0 0 0 0 0 0 0 0 0 0 0 0 0 0 0 0 0 0 0 0 0 0 0 0 0 0 0 0 0 0 1 0 0 w^2 0 w | 0 0 0 0 0 0 0 0 0 0 0 0 0 0 0 0 0 0 0 0 0 0 0 0 0 0 0 0 0 0 0 1 0 w 0 w | 0 0 0 0 0 0 0 0 0 0 0 0 0 0 0 0 0 0 0 0 0 0 0 0 0 0 0 0 0 0 0 0 1 1 0 1 | 0 0 0 0 0 0 0 0 0 0 0 0 0 0 0 0 0 0 0 0 0 0 0 0 0 0 0 0 0 0 0 0 0 0 1 w
169	[[37,3,26;34]]_2	0 w w^2 w^2 1 1 w^2 0 w 0 1 w^2 w^2 w^2 0 w^2 w^2 0 0 1 1 w w 0 0 1 w^2 1 w 1 0 1 1 w w^2 w^2	1	1 0 0 0 0 0 0 0 0 0 0 0 0 0 0 0 0 0 0 0 0 0 0 0 0 0 0 0 0 0 0 0 0 0 1 w | 0 1 0 0 0 0 0 0 0 0 0 0 0 0 0 0 0 0 0 0 0 0 0 0 0 0 0 0 0 0 0 0 1 0 w^2 w^2 | 0 0 1 0 0 0 0 0 0 0 0 0 0 0 0 0 0 0 0 0 0 0 0 0 0 0 0 0 0 0 0 0 w^2 0 w 1 | 0 0 0 1 0 0 0 0 0 0 0 0 0 0 0 0 0 0 0 0 0 0 0 0 0 0 0 0 0 0 0 0 1 0 w^2 1 | 0 0 0 0 1 0 0 0 0 0 0 0 0 0 0 0 0 0 0 0 0 0 0 0 0 0 0 0 0 0 0 0 1 0 w 1 | 0 0 0 0 0 1 0 0 0 0 0 0 0 0 0 0 0 0 0 0 0 0 0 0 0 0 0 0 0 0 0 0 w 0 0 w^2 | 0 0 0 0 0 0 1 0 0 0 0 0 0 0 0 0 0 0 0 0 0 0 0 0 0 0 0 0 0 0 0 0 1 0 w^2 0 | 0 0 0 0 0 0 0 1 0 0 0 0 0 0 0 0 0 0 0 0 0 0 0 0 0 0 0 0 0 0 0 0 w 0 w^2 1 | 0 0 0 0 0 0 0 0 1 0 0 0 0 0 0 0 0 0 0 0 0 0 0 0 0 0 0 0 0 0 0 0 w^2 0 0 w | 0 0 0 0 0 0 0 0 0 1 0 0 0 0 0 0 0 0 0 0 0 0 0 0 0 0 0 0 0 0 0 0 w 0 1 w^2 | 0 0 0 0 0 0 0 0 0 0 1 0 0 0 0 0 0 0 0 0 0 0 0 0 0 0 0 0 0 0 0 0 1 0 1 w | 0 0 0 0 0 0 0 0 0 0 0 1 0 0 0 0 0 0 0 0 0 0 0 0 0 0 0 0 0 0 0 0 w^2 0 w w | 0 0 0 0 0 0 0 0 0 0 0 0 1 0 0 0 0 0 0 0 0 0 0 0 0 0 0 0 0 0 0 0 0 0 1 w | 0 0 0 0 0 0 0 0 0 0 0 0 0 1 0 0 0 0 0 0 0 0 0 0 0 0 0 0 0 0 0 0 w^2 0 0 w^2 | 0 0 0 0 0 0 0 0 0 0 0 0 0 0 1 0 0 0 0 0 0 0 0 0 0 0 0 0 0 0 0 0 w 0 w^2 0 | 0 0 0 0 0 0 0 0 0 0 0 0 0 0 0 1 0 0 0 0 0 0 0 0 0 0 0 0 0 0 0 0 w 0 1 0 | 0 0 0 0 0 0 0 0 0 0 0 0 0 0 0 0 1 0 0 0 0 0 0 0 0 0 0 0 0 0 0 0 1 0 w 1 | 0 0 0 0 0 0 0 0 0 0 0 0 0 0 0 0 0 1 0 0 0 0 0 0 0 0 0 0 0 0 0 0 0 0 w 0 | 0 0 0 0 0 0 0 0 0 0 0 0 0 0 0 0 0 0 1 0 0 0 0 0 0 0 0 0 0 0 0 0 0 0 w 1 | 0 0 0 0 0 0 0 0 0 0 0 0 0 0 0 0 0 0 0 1 0 0 0 0 0 0 0 0 0 0 0 0 1 0 1 1 | 0 0 0 0 0 0 0 0 0 0 0 0 0 0 0 0 0 0 0 0 1 0 0 0 0 0 0 0 0 0 0 0 w 0 w 0 | 0 0 0 0 0 0 0 0 0 0 0 0 0 0 0 0 0 0 0 0 0 1 0 0 0 0 0 0 0 0 0 0 1 0 0 0 | 0 0 0 0 0 0 0 0 0 0 0 0 0 0 0 0 0 0 0 0 0 0 1 0 0 0 0 0 0 0 0 0 1 0 w w | 0 0 0 0 0 0 0 0 0 0 0 0 0 0 0 0 0 0 0 0 0 0 0 1 0 0 0 0 0 0 0 0 0 0 w^2 w^2 | 0 0 0 0 0 0 0 0 0 0 0 0 0 0 0 0 0 0 0 0 0 0 0 0 1 0 0 0 0 0 0 0 w 0 0 1 | 0 0 0 0 0 0 0 0 0 0 0 0 0 0 0 0 0 0 0 0 0 0 0 0 0 1 0 0 0 0 0 0 0 0 0 w | 0 0 0 0 0 0 0 0 0 0 0 0 0 0 0 0 0 0 0 0 0 0 0 0 0 0 1 0 0 0 0 0 1 0 1 0 | 0 0 0 0 0 0 0 0 0 0 0 0 0 0 0 0 0 0 0 0 0 0 0 0 0 0 0 1 0 0 0 0 w 0 w 0 | 0 0 0 0 0 0 0 0 0 0 0 0 0 0 0 0 0 0 0 0 0 0 0 0 0 0 0 0 1 0 0 0 0 0 0 w | 0 0 0 0 0 0 0 0 0 0 0 0 0 0 0 0 0 0 0 0 0 0 0 0 0 0 0 0 0 1 0 0 1 0 1 w^2 | 0 0 0 0 0 0 0 0 0 0 0 0 0 0 0 0 0 0 0 0 0 0 0 0 0 0 0 0 0 0 1 0 1 0 1 w^2 | 0 0 0 0 0 0 0 0 0 0 0 0 0 0 0 0 0 0 0 0 0 0 0 0 0 0 0 0 0 0 0 1 w 0 w w^2 | 0 0 0 0 0 0 0 0 0 0 0 0 0 0 0 0 0 0 0 0 0 0 0 0 0 0 0 0 0 0 0 0 0 1 w^2 0
170	[[37,9,11;10]]_2	w^2 1 w w w^2 1 0 1 w^2 0 w 1 w 0 0 0 0 w^2 1 w^2 w 1 1 w^2 1 w^2 w 1 0 1 w^2 1 0 1 w^2 w^2	1	1 0 0 0 0 0 0 0 0 0 0 0 0 0 0 0 0 0 1 1 w^2 0 0 1 w w w^2 w 1 w^2 1 w^2 w^2 0 0 1 | 0 1 0 0 0 0 0 0 0 0 0 0 0 0 0 0 0 0 1 1 1 w^2 0 0 1 w w w^2 w 1 w^2 1 w^2 w^2 0 0 | 0 0 1 0 0 0 0 0 0 0 0 0 0 0 0 0 0 0 0 1 1 1 w^2 0 0 1 w w w^2 w 1 w^2 1 w^2 w^2 0 | 0 0 0 1 0 0 0 0 0 0 0 0 0 0 0 0 0 0 0 0 1 1 1 w^2 0 0 1 w w w^2 w 1 w^2 1 w^2 w^2 | 0 0 0 0 1 0 0 0 0 0 0 0 0 0 0 0 0 0 w^2 0 0 1 1 1 w^2 0 0 1 w w w^2 w 1 w^2 1 w^2 | 0 0 0 0 0 1 0 0 0 0 0 0 0 0 0 0 0 0 w^2 w^2 0 0 1 1 1 w^2 0 0 1 w w w^2 w 1 w^2 1 | 0 0 0 0 0 0 1 0 0 0 0 0 0 0 0 0 0 0 1 w^2 w^2 0 0 1 1 1 w^2 0 0 1 w w w^2 w 1 w^2 | 0 0 0 0 0 0 0 1 0 0 0 0 0 0 0 0 0 0 w^2 1 w^2 w^2 0 0 1 1 1 w^2 0 0 1 w w w^2 w 1 | 0 0 0 0 0 0 0 0 1 0 0 0 0 0 0 0 0 0 1 w^2 1 w^2 w^2 0 0 1 1 1 w^2 0 0 1 w w w^2 w | 0 0 0 0 0 0 0 0 0 1 0 0 0 0 0 0 0 0 w 1 w^2 1 w^2 w^2 0 0 1 1 1 w^2 0 0 1 w w w^2 | 0 0 0 0 0 0 0 0 0 0 1 0 0 0 0 0 0 0 w^2 w 1 w^2 1 w^2 w^2 0 0 1 1 1 w^2 0 0 1 w w | 0 0 0 0 0 0 0 0 0 0 0 1 0 0 0 0 0 0 w w^2 w 1 w^2 1 w^2 w^2 0 0 1 1 1 w^2 0 0 1 w | 0 0 0 0 0 0 0 0 0 0 0 0 1 0 0 0 0 0 w w w^2 w 1 w^2 1 w^2 w^2 0 0 1 1 1 w^2 0 0 1 | 0 0 0 0 0 0 0 0 0 0 0 0 0 1 0 0 0 0 1 w w w^2 w 1 w^2 1 w^2 w^2 0 0 1 1 1 w^2 0 0 | 0 0 0 0 0 0 0 0 0 0 0 0 0 0 1 0 0 0 0 1 w w w^2 w 1 w^2 1 w^2 w^2 0 0 1 1 1 w^2 0 | 0 0 0 0 0 0 0 0 0 0 0 0 0 0 0 1 0 0 0 0 1 w w w^2 w 1 w^2 1 w^2 w^2 0 0 1 1 1 w^2 | 0 0 0 0 0 0 0 0 0 0 0 0 0 0 0 0 1 0 w^2 0 0 1 w w w^2 w 1 w^2 1 w^2 w^2 0 0 1 1 1 | 0 0 0 0 0 0 0 0 0 0 0 0 0 0 0 0 0 1 1 w^2 0 0 1 w w w^2 w 1 w^2 1 w^2 w^2 0 0 1 1
171	[[37,9,18;28]]_2	w^2 1 w 1 0 w^2 1 w^2 1 w 1 1 0 0 w w w^2 w 0 w^2 1 w 1 1 0 1 w 0 w w^2 w w w 1 w 1	1	1 0 0 0 0 0 0 0 0 0 0 0 0 0 0 0 0 0 0 0 0 0 0 0 0 0 0 0 w^2 w^2 w^2 w 1 w 1 0 | 0 1 0 0 0 0 0 0 0 0 0 0 0 0 0 0 0 0 0 0 0 0 0 0 0 1 0 0 w^2 1 w^2 1 1 w^2 0 1 | 0 0 1 0 0 0 0 0 0 0 0 0 0 0 0 0 0 0 0 0 0 0 0 0 0 w^2 0 0 0 1 0 0 0 w 0 0 | 0 0 0 1 0 0 0 0 0 0 0 0 0 0 0 0 0 0 0 0 0 0 0 0 0 w 0 0 w 0 1 w w w 1 0 | 0 0 0 0 1 0 0 0 0 0 0 0 0 0 0 0 0 0 0 0 0 0 0 0 0 w 0 0 1 0 w w^2 0 0 w w^2 | 0 0 0 0 0 1 0 0 0 0 0 0 0 0 0 0 0 0 0 0 0 0 0 0 0 w^2 0 0 w w^2 w^2 0 1 1 w 0 | 0 0 0 0 0 0 1 0 0 0 0 0 0 0 0 0 0 0 0 0 0 0 0 0 0 w^2 0 0 0 0 1 w w 1 1 w^2 | 0 0 0 0 0 0 0 1 0 0 0 0 0 0 0 0 0 0 0 0 0 0 0 0 0 w^2 0 0 1 w^2 w^2 w w 1 0 0 | 0 0 0 0 0 0 0 0 1 0 0 0 0 0 0 0 0 0 0 0 0 0 0 0 0 0 0 0 1 0 w 1 w 1 w 1 | 0 0 0 0 0 0 0 0 0 1 0 0 0 0 0 0 0 0 0 0 0 0 0 0 0 w^2 0 0 w w^2 1 1 w 1 w 1 | 0 0 0 0 0 0 0 0 0 0 1 0 0 0 0 0 0 0 0 0 0 0 0 0 0 1 0 0 w^2 1 w w 0 0 0 0 | 0 0 0 0 0 0 0 0 0 0 0 1 0 0 0 0 0 0 0 0 0 0 0 0 0 0 0 0 w w^2 0 1 w^2 w^2 1 0 | 0 0 0 0 0 0 0 0 0 0 0 0 1 0 0 0 0 0 0 0 0 0 0 0 0 w 0 0 0 w^2 w^2 0 w 0 w 1 | 0 0 0 0 0 0 0 0 0 0 0 0 0 1 0 0 0 0 0 0 0 0 0 0 0 0 0 0 1 w^2 w^2 1 0 w w 0 | 0 0 0 0 0 0 0 0 0 0 0 0 0 0 1 0 0 0 0 0 0 0 0 0 0 0 0 0 w w 0 0 w^2 w 1 w | 0 0 0 0 0 0 0 0 0 0 0 0 0 0 0 1 0 0 0 0 0 0 0 0 0 w^2 0 0 0 1 w w^2 1 0 w w^2 | 0 0 0 0 0 0 0 0 0 0 0 0 0 0 0 0 1 0 0 0 0 0 0 0 0 w 0 0 0 1 1 1 w w 0 1 | 0 0 0 0 0 0 0 0 0 0 0 0 0 0 0 0 0 1 0 0 0 0 0 0 0 w 0 0 w^2 w 0 0 0 w w^2 0 | 0 0 0 0 0 0 0 0 0 0 0 0 0 0 0 0 0 0 1 0 0 0 0 0 0 w 0 0 w^2 w w w 0 1 w^2 0 | 0 0 0 0 0 0 0 0 0 0 0 0 0 0 0 0 0 0 0 1 0 0 0 0 0 w 0 0 w^2 1 0 1 0 0 w^2 1 | 0 0 0 0 0 0 0 0 0 0 0 0 0 0 0 0 0 0 0 0 1 0 0 0 0 1 0 0 w^2 0 w^2 w^2 1 1 w 1 | 0 0 0 0 0 0 0 0 0 0 0 0 0 0 0 0 0 0 0 0 0 1 0 0 0 0 0 0 0 0 w 1 1 0 1 1 | 0 0 0 0 0 0 0 0 0 0 0 0 0 0 0 0 0 0 0 0 0 0 1 0 0 1 0 0 w^2 w 0 w 1 w^2 w^2 w | 0 0 0 0 0 0 0 0 0 0 0 0 0 0 0 0 0 0 0 0 0 0 0 1 0 w^2 0 0 w w^2 w^2 1 w 1 0 w^2 | 0 0 0 0 0 0 0 0 0 0 0 0 0 0 0 0 0 0 0 0 0 0 0 0 1 0 0 0 1 w^2 0 w^2 1 1 0 w | 0 0 0 0 0 0 0 0 0 0 0 0 0 0 0 0 0 0 0 0 0 0 0 0 0 0 1 0 w w 0 w w^2 0 w w^2 | 0 0 0 0 0 0 0 0 0 0 0 0 0 0 0 0 0 0 0 0 0 0 0 0 0 0 0 1 w^2 w 0 1 w^2 w w w^2
172	[[37,10,11;11]]_2	1 0 1 1 1 0 w^2 0 0 w^2 0 w w^2 w 0 w^2 w 1 w 0 1 0 0 1 w^2 1 0 w 1 1 w w w w w^2 w^2	1	1 0 0 0 0 0 0 0 0 0 0 0 0 0 0 0 0 0 1 w 0 w^2 1 1 0 w^2 1 1 w^2 w 0 w^2 w 1 w^2 w | 0 1 0 0 0 0 0 0 0 0 0 0 0 0 0 0 0 0 w 1 w 0 w^2 1 1 0 w^2 1 1 w^2 w 0 w^2 w 1 w^2 | 0 0 1 0 0 0 0 0 0 0 0 0 0 0 0 0 0 0 w^2 w 1 w 0 w^2 1 1 0 w^2 1 1 w^2 w 0 w^2 w 1 | 0 0 0 1 0 0 0 0 0 0 0 0 0 0 0 0 0 0 1 w^2 w 1 w 0 w^2 1 1 0 w^2 1 1 w^2 w 0 w^2 w | 0 0 0 0 1 0 0 0 0 0 0 0 0 0 0 0 0 0 w 1 w^2 w 1 w 0 w^2 1 1 0 w^2 1 1 w^2 w 0 w^2 | 0 0 0 0 0 1 0 0 0 0 0 0 0 0 0 0 0 0 w^2 w 1 w^2 w 1 w 0 w^2 1 1 0 w^2 1 1 w^2 w 0 | 0 0 0 0 0 0 1 0 0 0 0 0 0 0 0 0 0 0 0 w^2 w 1 w^2 w 1 w 0 w^2 1 1 0 w^2 1 1 w^2 w | 0 0 0 0 0 0 0 1 0 0 0 0 0 0 0 0 0 0 w 0 w^2 w 1 w^2 w 1 w 0 w^2 1 1 0 w^2 1 1 w^2 | 0 0 0 0 0 0 0 0 1 0 0 0 0 0 0 0 0 0 w^2 w 0 w^2 w 1 w^2 w 1 w 0 w^2 1 1 0 w^2 1 1 | 0 0 0 0 0 0 0 0 0 1 0 0 0 0 0 0 0 0 1 w^2 w 0 w^2 w 1 w^2 w 1 w 0 w^2 1 1 0 w^2 1 | 0 0 0 0 0 0 0 0 0 0 1 0 0 0 0 0 0 0 1 1 w^2 w 0 w^2 w 1 w^2 w 1 w 0 w^2 1 1 0 w^2 | 0 0 0 0 0 0 0 0 0 0 0 1 0 0 0 0 0 0 w^2 1 1 w^2 w 0 w^2 w 1 w^2 w 1 w 0 w^2 1 1 0 | 0 0 0 0 0 0 0 0 0 0 0 0 1 0 0 0 0 0 0 w^2 1 1 w^2 w 0 w^2 w 1 w^2 w 1 w 0 w^2 1 1 | 0 0 0 0 0 0 0 0 0 0 0 0 0 1 0 0 0 0 1 0 w^2 1 1 w^2 w 0 w^2 w 1 w^2 w 1 w 0 w^2 1 | 0 0 0 0 0 0 0 0 0 0 0 0 0 0 1 0 0 0 1 1 0 w^2 1 1 w^2 w 0 w^2 w 1 w^2 w 1 w 0 w^2 | 0 0 0 0 0 0 0 0 0 0 0 0 0 0 0 1 0 0 w^2 1 1 0 w^2 1 1 w^2 w 0 w^2 w 1 w^2 w 1 w 0 | 0 0 0 0 0 0 0 0 0 0 0 0 0 0 0 0 1 0 0 w^2 1 1 0 w^2 1 1 w^2 w 0 w^2 w 1 w^2 w 1 w | 0 0 0 0 0 0 0 0 0 0 0 0 0 0 0 0 0 1 w 0 w^2 1 1 0 w^2 1 1 w^2 w 0 w^2 w 1 w^2 w 1
173	[[37,11,11;12]]_2	w 0 1 w 0 w^2 1 1 1 1 w w^2 w^2 0 w 0 0 1 1 0 1 0 w w^2 w 0 w^2 w^2 w^2 w^2 0 w^2 w^2 w^2 1 w^2	1	1 0 0 0 0 0 0 0 0 0 0 0 0 0 0 0 0 0 1 w 0 w^2 1 1 0 w^2 1 1 w^2 w 0 w^2 w 1 w^2 w | 0 1 0 0 0 0 0 0 0 0 0 0 0 0 0 0 0 0 w 1 w 0 w^2 1 1 0 w^2 1 1 w^2 w 0 w^2 w 1 w^2 | 0 0 1 0 0 0 0 0 0 0 0 0 0 0 0 0 0 0 w^2 w 1 w 0 w^2 1 1 0 w^2 1 1 w^2 w 0 w^2 w 1 | 0 0 0 1 0 0 0 0 0 0 0 0 0 0 0 0 0 0 1 w^2 w 1 w 0 w^2 1 1 0 w^2 1 1 w^2 w 0 w^2 w | 0 0 0 0 1 0 0 0 0 0 0 0 0 0 0 0 0 0 w 1 w^2 w 1 w 0 w^2 1 1 0 w^2 1 1 w^2 w 0 w^2 | 0 0 0 0 0 1 0 0 0 0 0 0 0 0 0 0 0 0 w^2 w 1 w^2 w 1 w 0 w^2 1 1 0 w^2 1 1 w^2 w 0 | 0 0 0 0 0 0 1 0 0 0 0 0 0 0 0 0 0 0 0 w^2 w 1 w^2 w 1 w 0 w^2 1 1 0 w^2 1 1 w^2 w | 0 0 0 0 0 0 0 1 0 0 0 0 0 0 0 0 0 0 w 0 w^2 w 1 w^2 w 1 w 0 w^2 1 1 0 w^2 1 1 w^2 | 0 0 0 0 0 0 0 0 1 0 0 0 0 0 0 0 0 0 w^2 w 0 w^2 w 1 w^2 w 1 w 0 w^2 1 1 0 w^2 1 1 | 0 0 0 0 0 0 0 0 0 1 0 0 0 0 0 0 0 0 1 w^2 w 0 w^2 w 1 w^2 w 1 w 0 w^2 1 1 0 w^2 1 | 0 0 0 0 0 0 0 0 0 0 1 0 0 0 0 0 0 0 1 1 w^2 w 0 w^2 w 1 w^2 w 1 w 0 w^2 1 1 0 w^2 | 0 0 0 0 0 0 0 0 0 0 0 1 0 0 0 0 0 0 w^2 1 1 w^2 w 0 w^2 w 1 w^2 w 1 w 0 w^2 1 1 0 | 0 0 0 0 0 0 0 0 0 0 0 0 1 0 0 0 0 0 0 w^2 1 1 w^2 w 0 w^2 w 1 w^2 w 1 w 0 w^2 1 1 | 0 0 0 0 0 0 0 0 0 0 0 0 0 1 0 0 0 0 1 0 w^2 1 1 w^2 w 0 w^2 w 1 w^2 w 1 w 0 w^2 1 | 0 0 0 0 0 0 0 0 0 0 0 0 0 0 1 0 0 0 1 1 0 w^2 1 1 w^2 w 0 w^2 w 1 w^2 w 1 w 0 w^2 | 0 0 0 0 0 0 0 0 0 0 0 0 0 0 0 1 0 0 w^2 1 1 0 w^2 1 1 w^2 w 0 w^2 w 1 w^2 w 1 w 0 | 0 0 0 0 0 0 0 0 0 0 0 0 0 0 0 0 1 0 0 w^2 1 1 0 w^2 1 1 w^2 w 0 w^2 w 1 w^2 w 1 w | 0 0 0 0 0 0 0 0 0 0 0 0 0 0 0 0 0 1 w 0 w^2 1 1 0 w^2 1 1 w^2 w 0 w^2 w 1 w^2 w 1
174	[[37,12,11;13]]_2	1 1 1 w 1 w^2 w w^2 w^2 0 1 w^2 0 0 0 w^2 w^2 0 w 0 1 1 w^2 w^2 w^2 0 1 w w^2 1 0 w^2 w 1 1 w	1	1 0 0 0 0 0 0 0 0 0 0 0 0 0 0 0 0 0 w^2 1 w w^2 1 w w w w^2 0 w^2 w^2 w w^2 w^2 1 w^2 0 | 0 1 0 0 0 0 0 0 0 0 0 0 0 0 0 0 0 0 0 w^2 1 w w^2 1 w w w w^2 0 w^2 w^2 w w^2 w^2 1 w^2 | 0 0 1 0 0 0 0 0 0 0 0 0 0 0 0 0 0 0 w^2 0 w^2 1 w w^2 1 w w w w^2 0 w^2 w^2 w w^2 w^2 1 | 0 0 0 1 0 0 0 0 0 0 0 0 0 0 0 0 0 0 1 w^2 0 w^2 1 w w^2 1 w w w w^2 0 w^2 w^2 w w^2 w^2 | 0 0 0 0 1 0 0 0 0 0 0 0 0 0 0 0 0 0 w^2 1 w^2 0 w^2 1 w w^2 1 w w w w^2 0 w^2 w^2 w w^2 | 0 0 0 0 0 1 0 0 0 0 0 0 0 0 0 0 0 0 w^2 w^2 1 w^2 0 w^2 1 w w^2 1 w w w w^2 0 w^2 w^2 w | 0 0 0 0 0 0 1 0 0 0 0 0 0 0 0 0 0 0 w w^2 w^2 1 w^2 0 w^2 1 w w^2 1 w w w w^2 0 w^2 w^2 | 0 0 0 0 0 0 0 1 0 0 0 0 0 0 0 0 0 0 w^2 w w^2 w^2 1 w^2 0 w^2 1 w w^2 1 w w w w^2 0 w^2 | 0 0 0 0 0 0 0 0 1 0 0 0 0 0 0 0 0 0 w^2 w^2 w w^2 w^2 1 w^2 0 w^2 1 w w^2 1 w w w w^2 0 | 0 0 0 0 0 0 0 0 0 1 0 0 0 0 0 0 0 0 0 w^2 w^2 w w^2 w^2 1 w^2 0 w^2 1 w w^2 1 w w w w^2 | 0 0 0 0 0 0 0 0 0 0 1 0 0 0 0 0 0 0 w^2 0 w^2 w^2 w w^2 w^2 1 w^2 0 w^2 1 w w^2 1 w w w | 0 0 0 0 0 0 0 0 0 0 0 1 0 0 0 0 0 0 w w^2 0 w^2 w^2 w w^2 w^2 1 w^2 0 w^2 1 w w^2 1 w w | 0 0 0 0 0 0 0 0 0 0 0 0 1 0 0 0 0 0 w w w^2 0 w^2 w^2 w w^2 w^2 1 w^2 0 w^2 1 w w^2 1 w | 0 0 0 0 0 0 0 0 0 0 0 0 0 1 0 0 0 0 w w w w^2 0 w^2 w^2 w w^2 w^2 1 w^2 0 w^2 1 w w^2 1 | 0 0 0 0 0 0 0 0 0 0 0 0 0 0 1 0 0 0 1 w w w w^2 0 w^2 w^2 w w^2 w^2 1 w^2 0 w^2 1 w w^2 | 0 0 0 0 0 0 0 0 0 0 0 0 0 0 0 1 0 0 w^2 1 w w w w^2 0 w^2 w^2 w w^2 w^2 1 w^2 0 w^2 1 w | 0 0 0 0 0 0 0 0 0 0 0 0 0 0 0 0 1 0 w w^2 1 w w w w^2 0 w^2 w^2 w w^2 w^2 1 w^2 0 w^2 1 | 0 0 0 0 0 0 0 0 0 0 0 0 0 0 0 0 0 1 1 w w^2 1 w w w w^2 0 w^2 w^2 w w^2 w^2 1 w^2 0 w^2
175	[[37,13,9;10]]_2	0 0 0 0 w^2 1 1 1 0 w 0 0 w w^2 w w^2 1 0 w^2 0 w 1 0 1 0 w^2 w w 0 w^2 w^2 w^2 w w^2 w^2 0	1	1 0 0 0 0 0 0 0 0 0 0 0 0 0 0 1 0 0 w w w 1 w^2 w w 1 w^2 0 1 0 w w^2 1 w^2 w w | 0 1 0 0 0 0 0 0 0 0 0 0 0 0 0 0 0 w w^2 w w^2 w w^2 w^2 1 1 w^2 1 w w 0 w 0 1 w w | 0 0 1 0 0 0 0 0 0 0 0 0 0 0 0 0 0 1 w w w w w 1 w^2 w w 1 w^2 0 1 0 w w^2 1 w^2 | 0 0 0 1 0 0 0 0 0 0 0 0 0 0 0 1 0 0 1 0 0 w^2 1 0 w^2 w 1 w 0 w^2 w w 1 1 1 w^2 | 0 0 0 0 1 0 0 0 0 0 0 0 0 0 0 w^2 0 0 w^2 w 0 1 w^2 w^2 w w w^2 0 0 0 w^2 0 w w 1 w | 0 0 0 0 0 1 0 0 0 0 0 0 0 0 0 w 0 0 w 1 w w^2 1 w w 1 1 0 1 0 0 w 0 0 w w^2 | 0 0 0 0 0 0 1 0 0 0 0 0 0 0 0 w 0 w w 0 0 1 1 0 0 w 0 0 w^2 w 0 1 1 w 1 0 | 0 0 0 0 0 0 0 1 0 0 0 0 0 0 0 1 0 1 0 w 0 w^2 1 0 w^2 1 w^2 0 1 1 1 w^2 1 w^2 w 1 | 0 0 0 0 0 0 0 0 1 0 0 0 0 0 0 1 0 w w w 1 1 w w^2 1 1 0 1 w^2 w w^2 w 1 w 0 0 | 0 0 0 0 0 0 0 0 0 1 0 0 0 0 0 0 0 w^2 1 w^2 w^2 0 w^2 0 0 1 0 0 1 w 1 w^2 1 w w^2 1 | 0 0 0 0 0 0 0 0 0 0 1 0 0 0 0 0 0 w 1 w^2 w^2 1 0 0 0 1 0 w^2 w^2 w w^2 1 w^2 0 w 1 | 0 0 0 0 0 0 0 0 0 0 0 1 0 0 0 w^2 0 w^2 0 w^2 w w^2 w^2 0 1 1 1 1 1 w 1 1 w w^2 1 0 | 0 0 0 0 0 0 0 0 0 0 0 0 1 0 0 0 0 w^2 w^2 w 0 0 w 0 w w 1 w^2 w^2 0 w^2 1 w^2 w^2 0 w^2 | 0 0 0 0 0 0 0 0 0 0 0 0 0 1 0 1 0 1 1 0 0 0 w^2 w w 0 w w^2 0 1 1 0 0 w^2 1 w^2 | 0 0 0 0 0 0 0 0 0 0 0 0 0 0 1 w 0 0 1 0 w 0 w^2 w^2 w w w w^2 0 0 w^2 0 1 0 1 0 | 0 0 0 0 0 0 0 0 0 0 0 0 0 0 0 0 1 w 1 0 1 0 w 0 w^2 w^2 w w w w^2 0 0 w^2 0 1 0
176	[[37,13,11;14]]_2	w 1 w^2 0 w^2 w 0 0 w^2 w^2 w^2 0 0 0 0 0 w 1 w^2 0 0 1 1 1 0 0 w 1 0 w^2 w 0 0 1 1 w	1	1 0 0 0 0 0 0 0 0 0 0 0 0 0 0 0 0 0 1 1 0 1 w^2 w^2 0 w 0 1 w^2 w 0 w 0 w w w^2 | 0 1 0 0 0 0 0 0 0 0 0 0 0 0 0 0 0 0 w^2 1 1 0 1 w^2 w^2 0 w 0 1 w^2 w 0 w 0 w w | 0 0 1 0 0 0 0 0 0 0 0 0 0 0 0 0 0 0 w w^2 1 1 0 1 w^2 w^2 0 w 0 1 w^2 w 0 w 0 w | 0 0 0 1 0 0 0 0 0 0 0 0 0 0 0 0 0 0 w w w^2 1 1 0 1 w^2 w^2 0 w 0 1 w^2 w 0 w 0 | 0 0 0 0 1 0 0 0 0 0 0 0 0 0 0 0 0 0 0 w w w^2 1 1 0 1 w^2 w^2 0 w 0 1 w^2 w 0 w | 0 0 0 0 0 1 0 0 0 0 0 0 0 0 0 0 0 0 w 0 w w w^2 1 1 0 1 w^2 w^2 0 w 0 1 w^2 w 0 | 0 0 0 0 0 0 1 0 0 0 0 0 0 0 0 0 0 0 0 w 0 w w w^2 1 1 0 1 w^2 w^2 0 w 0 1 w^2 w | 0 0 0 0 0 0 0 1 0 0 0 0 0 0 0 0 0 0 w 0 w 0 w w w^2 1 1 0 1 w^2 w^2 0 w 0 1 w^2 | 0 0 0 0 0 0 0 0 1 0 0 0 0 0 0 0 0 0 w^2 w 0 w 0 w w w^2 1 1 0 1 w^2 w^2 0 w 0 1 | 0 0 0 0 0 0 0 0 0 1 0 0 0 0 0 0 0 0 1 w^2 w 0 w 0 w w w^2 1 1 0 1 w^2 w^2 0 w 0 | 0 0 0 0 0 0 0 0 0 0 1 0 0 0 0 0 0 0 0 1 w^2 w 0 w 0 w w w^2 1 1 0 1 w^2 w^2 0 w | 0 0 0 0 0 0 0 0 0 0 0 1 0 0 0 0 0 0 w 0 1 w^2 w 0 w 0 w w w^2 1 1 0 1 w^2 w^2 0 | 0 0 0 0 0 0 0 0 0 0 0 0 1 0 0 0 0 0 0 w 0 1 w^2 w 0 w 0 w w w^2 1 1 0 1 w^2 w^2 | 0 0 0 0 0 0 0 0 0 0 0 0 0 1 0 0 0 0 w^2 0 w 0 1 w^2 w 0 w 0 w w w^2 1 1 0 1 w^2 | 0 0 0 0 0 0 0 0 0 0 0 0 0 0 1 0 0 0 w^2 w^2 0 w 0 1 w^2 w 0 w 0 w w w^2 1 1 0 1 | 0 0 0 0 0 0 0 0 0 0 0 0 0 0 0 1 0 0 1 w^2 w^2 0 w 0 1 w^2 w 0 w 0 w w w^2 1 1 0 | 0 0 0 0 0 0 0 0 0 0 0 0 0 0 0 0 1 0 0 1 w^2 w^2 0 w 0 1 w^2 w 0 w 0 w w w^2 1 1 | 0 0 0 0 0 0 0 0 0 0 0 0 0 0 0 0 0 1 1 0 1 w^2 w^2 0 w 0 1 w^2 w 0 w 0 w w w^2 1
177	[[37,13,14;24]]_2	1 w^2 w w w 1 w^2 w w w^2 0 w^2 0 1 w^2 w^2 1 1 w 0 1 1 1 0 w^2 w^2 w w w^2 0 1 0 1 0 0 w^2	1	1 0 0 0 0 0 0 0 0 0 0 0 0 0 0 0 0 0 0 0 0 0 0 w 0 w 1 0 w^2 w 1 w^2 w^2 0 w 0 | 0 1 0 0 0 0 0 0 0 0 0 0 0 0 0 0 0 0 0 0 0 0 0 w w^2 w^2 0 w 0 w w^2 1 w w 0 w^2 | 0 0 1 0 0 0 0 0 0 0 0 0 0 0 0 0 0 0 0 0 0 0 0 w^2 w^2 w 0 0 1 1 0 w w^2 w^2 1 0 | 0 0 0 1 0 0 0 0 0 0 0 0 0 0 0 0 0 0 0 0 0 0 0 1 w w 1 1 w 0 1 w w^2 w w w | 0 0 0 0 1 0 0 0 0 0 0 0 0 0 0 0 0 0 0 0 0 0 0 w 1 0 1 0 1 1 1 w^2 w^2 w w^2 w^2 | 0 0 0 0 0 1 0 0 0 0 0 0 0 0 0 0 0 0 0 0 0 0 0 0 w w w^2 0 0 w^2 w^2 w^2 w^2 0 1 0 | 0 0 0 0 0 0 1 0 0 0 0 0 0 0 0 0 0 0 0 0 0 0 0 w^2 1 1 w^2 w^2 1 0 w^2 w w 0 w w^2 | 0 0 0 0 0 0 0 1 0 0 0 0 0 0 0 0 0 0 0 0 0 0 0 0 w^2 w w^2 0 0 1 w^2 w 0 w^2 w^2 w^2 | 0 0 0 0 0 0 0 0 1 0 0 0 0 0 0 0 0 0 0 0 0 0 0 w^2 w w w^2 1 w^2 1 w 0 0 1 0 0 | 0 0 0 0 0 0 0 0 0 1 0 0 0 0 0 0 0 0 0 0 0 0 0 w^2 w^2 1 0 w 0 1 1 w^2 0 w^2 1 w^2 | 0 0 0 0 0 0 0 0 0 0 1 0 0 0 0 0 0 0 0 0 0 0 0 1 w w^2 w^2 w^2 0 1 0 0 1 0 w w | 0 0 0 0 0 0 0 0 0 0 0 1 0 0 0 0 0 0 0 0 0 0 0 w 1 w^2 0 w 0 w^2 w 0 0 0 1 1 | 0 0 0 0 0 0 0 0 0 0 0 0 1 0 0 0 0 0 0 0 0 0 0 1 0 w w^2 w^2 w w^2 1 w w 0 1 0 | 0 0 0 0 0 0 0 0 0 0 0 0 0 1 0 0 0 0 0 0 0 0 0 1 w w^2 w w 1 w 1 w w w w^2 w^2 | 0 0 0 0 0 0 0 0 0 0 0 0 0 0 1 0 0 0 0 0 0 0 0 0 w 1 0 w 0 0 w w^2 w 0 w w^2 | 0 0 0 0 0 0 0 0 0 0 0 0 0 0 0 1 0 0 0 0 0 0 0 w 1 1 w^2 w w 1 1 w^2 w^2 1 w^2 w | 0 0 0 0 0 0 0 0 0 0 0 0 0 0 0 0 1 0 0 0 0 0 0 0 w w 0 1 w 1 1 w w w 1 w^2 | 0 0 0 0 0 0 0 0 0 0 0 0 0 0 0 0 0 1 0 0 0 0 0 w w w w 1 w^2 0 1 w^2 0 w 1 w | 0 0 0 0 0 0 0 0 0 0 0 0 0 0 0 0 0 0 1 0 0 0 0 0 0 0 0 1 w w^2 w w^2 0 w 1 1 | 0 0 0 0 0 0 0 0 0 0 0 0 0 0 0 0 0 0 0 1 0 0 0 w 0 1 0 w^2 w^2 1 1 w^2 1 w^2 0 w | 0 0 0 0 0 0 0 0 0 0 0 0 0 0 0 0 0 0 0 0 1 0 0 w^2 0 w w 0 w^2 1 w 0 0 w w w^2 | 0 0 0 0 0 0 0 0 0 0 0 0 0 0 0 0 0 0 0 0 0 1 0 0 0 w^2 1 0 0 w 1 0 1 w w^2 1 | 0 0 0 0 0 0 0 0 0 0 0 0 0 0 0 0 0 0 0 0 0 0 1 0 0 w w^2 w^2 w^2 w w^2 1 w^2 1 w 0
178	[[37,14,9;11]]_2	0 1 w w^2 w 1 w 1 w^2 w 1 0 0 1 1 w 0 w 1 1 0 0 1 0 1 w w^2 1 0 w w 1 w^2 0 w w^2	1	1 0 0 0 0 0 0 0 0 0 0 0 0 1 0 0 0 w 1 1 0 1 1 w 0 w^2 w w 0 0 w w w 0 1 w^2 | 0 1 0 0 0 0 0 0 0 0 0 0 0 1 0 0 0 0 w^2 0 w^2 w^2 1 w 0 0 w^2 1 w^2 w w^2 0 0 w w 0 | 0 0 1 0 0 0 0 0 0 0 0 0 0 w^2 0 0 0 w^2 w 0 w w 1 1 0 1 w^2 w^2 0 1 w w 1 0 w w | 0 0 0 1 0 0 0 0 0 0 0 0 0 w 0 0 0 1 w w^2 w^2 0 w 1 w^2 0 0 0 0 1 0 w^2 w^2 1 w^2 0 | 0 0 0 0 1 0 0 0 0 0 0 0 0 1 0 0 0 0 1 w w^2 w^2 1 w w^2 0 0 1 w w^2 w^2 1 w w^2 0 0 | 0 0 0 0 0 1 0 0 0 0 0 0 0 1 0 0 0 w w^2 w 1 w^2 0 w w 1 w 1 0 0 w^2 0 w w w^2 0 | 0 0 0 0 0 0 1 0 0 0 0 0 0 w^2 0 0 0 1 1 w 1 w^2 w 0 w 1 0 0 0 w w^2 w^2 0 w 0 w | 0 0 0 0 0 0 0 1 0 0 0 0 0 w^2 0 0 0 0 w w w^2 w^2 w^2 0 1 w 1 w w^2 1 0 w w 0 w^2 w^2 | 0 0 0 0 0 0 0 0 1 0 0 0 0 w^2 0 0 0 1 1 0 0 w^2 1 1 0 0 w^2 w 1 w 1 w 0 w 0 w^2 | 0 0 0 0 0 0 0 0 0 1 0 0 0 0 0 0 0 w 1 w w^2 0 1 w w^2 1 w w^2 1 0 0 w^2 0 0 w^2 w^2 | 0 0 0 0 0 0 0 0 0 0 1 0 0 w 0 0 0 w^2 1 w^2 w 1 w w w w w 1 w^2 1 w^2 w^2 0 0 w w | 0 0 0 0 0 0 0 0 0 0 0 1 0 w 0 0 0 0 w w^2 0 w^2 1 w^2 1 w w w^2 w^2 0 0 0 0 0 w^2 0 | 0 0 0 0 0 0 0 0 0 0 0 0 1 w^2 0 0 0 0 w w^2 1 w^2 1 w w 0 w w^2 1 0 0 0 0 0 0 w^2 | 0 0 0 0 0 0 0 0 0 0 0 0 0 0 1 0 0 1 0 w^2 0 w^2 0 1 1 0 1 w 1 w 0 w w 0 0 0 | 0 0 0 0 0 0 0 0 0 0 0 0 0 0 0 1 0 1 w 1 0 w 1 0 0 0 1 0 w 1 0 w^2 1 w 1 w^2 | 0 0 0 0 0 0 0 0 0 0 0 0 0 0 0 0 1 1 1 w^2 w w 0 1 1 1 1 0 0 w w^2 w^2 0 1 w^2 w
179	[[37,14,11;15]]_2	w^2 0 1 0 1 w^2 w^2 w w^2 w^2 w^2 w 0 0 w^2 0 0 w w^2 1 0 0 0 1 0 0 w^2 w w^2 w w w^2 1 0 0 1	1	1 0 0 0 0 0 0 0 0 0 0 0 0 0 0 0 0 w^2 0 0 0 1 1 w^2 0 0 w^2 w 1 w 0 w^2 w^2 w^2 w^2 w | 0 1 0 0 0 0 0 0 0 0 0 0 0 0 0 0 0 w 0 w^2 1 1 1 w 1 w^2 w^2 0 w 1 0 1 0 w^2 w w^2 | 0 0 1 0 0 0 0 0 0 0 0 0 0 0 0 0 0 1 0 1 1 0 w w 1 0 0 w^2 w^2 w^2 w 0 w w w^2 w^2 | 0 0 0 1 0 0 0 0 0 0 0 0 0 0 0 0 0 w^2 0 1 w^2 w^2 0 w^2 1 0 1 1 w^2 w^2 0 0 1 w 0 w^2 | 0 0 0 0 1 0 0 0 0 0 0 0 0 0 0 0 0 w 0 1 w^2 w^2 1 0 0 0 0 w^2 w^2 0 0 w^2 0 0 1 w^2 | 0 0 0 0 0 1 0 0 0 0 0 0 0 0 0 0 0 1 0 1 w^2 w 0 w w^2 1 w^2 0 0 w w^2 0 0 w 0 0 | 0 0 0 0 0 0 1 0 0 0 0 0 0 0 0 0 0 w^2 0 0 1 w w^2 w^2 w w^2 w 1 1 w w 0 w^2 w^2 1 w | 0 0 0 0 0 0 0 1 0 0 0 0 0 0 0 0 0 w 0 w^2 1 0 w 0 1 1 0 1 1 1 0 w^2 w^2 w^2 w 1 | 0 0 0 0 0 0 0 0 1 0 0 0 0 0 0 0 0 1 0 w 0 w 0 0 1 w^2 w^2 w 1 1 0 w^2 1 w^2 0 w | 0 0 0 0 0 0 0 0 0 1 0 0 0 0 0 0 0 w^2 0 w^2 w^2 w^2 0 w w w 1 w^2 0 w w^2 0 1 0 w^2 w^2 | 0 0 0 0 0 0 0 0 0 0 1 0 0 0 0 0 0 w 0 1 1 w^2 1 0 1 w^2 w w^2 1 w^2 1 0 0 0 w^2 0 | 0 0 0 0 0 0 0 0 0 0 0 1 0 0 0 0 0 1 0 0 1 w^2 1 0 0 1 w 1 1 w w^2 0 1 1 1 0 | 0 0 0 0 0 0 0 0 0 0 0 0 1 0 0 0 0 w^2 0 0 0 0 w w 0 0 w 0 0 w^2 w 0 w^2 w w w^2 | 0 0 0 0 0 0 0 0 0 0 0 0 0 1 0 0 0 w 0 1 w 0 w w 1 1 0 0 w w^2 0 1 0 w 1 1 | 0 0 0 0 0 0 0 0 0 0 0 0 0 0 1 0 0 1 0 w w 1 0 0 w^2 w^2 w^2 w 0 w w w^2 w^2 0 1 1 | 0 0 0 0 0 0 0 0 0 0 0 0 0 0 0 1 0 w^2 0 w 1 w w 0 1 1 w^2 0 1 1 w^2 w^2 w^2 1 1 0 | 0 0 0 0 0 0 0 0 0 0 0 0 0 0 0 0 1 w 0 0 w w 1 0 0 1 w^2 w w^2 0 1 1 1 1 w^2 0 | 0 0 0 0 0 0 0 0 0 0 0 0 0 0 0 0 0 0 1 w w^2 1 w w^2 1 w w^2 1 w w^2 1 w w^2 1 w w^2
180	[[37,15,11;16]]_2	w^2 w 0 1 0 1 1 w^2 0 1 1 1 w w w^2 w 0 w^2 w 0 w 0 0 1 w 0 w^2 1 w w^2 w^2 w 1 1 w w^2	1	1 0 0 0 0 0 0 0 0 0 0 0 0 0 0 0 0 w^2 0 0 0 1 1 w^2 0 0 w^2 w 1 w 0 w^2 w^2 w^2 w^2 w | 0 1 0 0 0 0 0 0 0 0 0 0 0 0 0 0 0 w 0 w^2 1 1 1 w 1 w^2 w^2 0 w 1 0 1 0 w^2 w w^2 | 0 0 1 0 0 0 0 0 0 0 0 0 0 0 0 0 0 1 0 1 1 0 w w 1 0 0 w^2 w^2 w^2 w 0 w w w^2 w^2 | 0 0 0 1 0 0 0 0 0 0 0 0 0 0 0 0 0 w^2 0 1 w^2 w^2 0 w^2 1 0 1 1 w^2 w^2 0 0 1 w 0 w^2 | 0 0 0 0 1 0 0 0 0 0 0 0 0 0 0 0 0 w 0 1 w^2 w^2 1 0 0 0 0 w^2 w^2 0 0 w^2 0 0 1 w^2 | 0 0 0 0 0 1 0 0 0 0 0 0 0 0 0 0 0 1 0 1 w^2 w 0 w w^2 1 w^2 0 0 w w^2 0 0 w 0 0 | 0 0 0 0 0 0 1 0 0 0 0 0 0 0 0 0 0 w^2 0 0 1 w w^2 w^2 w w^2 w 1 1 w w 0 w^2 w^2 1 w | 0 0 0 0 0 0 0 1 0 0 0 0 0 0 0 0 0 w 0 w^2 1 0 w 0 1 1 0 1 1 1 0 w^2 w^2 w^2 w 1 | 0 0 0 0 0 0 0 0 1 0 0 0 0 0 0 0 0 1 0 w 0 w 0 0 1 w^2 w^2 w 1 1 0 w^2 1 w^2 0 w | 0 0 0 0 0 0 0 0 0 1 0 0 0 0 0 0 0 w^2 0 w^2 w^2 w^2 0 w w w 1 w^2 0 w w^2 0 1 0 w^2 w^2 | 0 0 0 0 0 0 0 0 0 0 1 0 0 0 0 0 0 w 0 1 1 w^2 1 0 1 w^2 w w^2 1 w^2 1 0 0 0 w^2 0 | 0 0 0 0 0 0 0 0 0 0 0 1 0 0 0 0 0 1 0 0 1 w^2 1 0 0 1 w 1 1 w w^2 0 1 1 1 0 | 0 0 0 0 0 0 0 0 0 0 0 0 1 0 0 0 0 w^2 0 0 0 0 w w 0 0 w 0 0 w^2 w 0 w^2 w w w^2 | 0 0 0 0 0 0 0 0 0 0 0 0 0 1 0 0 0 w 0 1 w 0 w w 1 1 0 0 w w^2 0 1 0 w 1 1 | 0 0 0 0 0 0 0 0 0 0 0 0 0 0 1 0 0 1 0 w w 1 0 0 w^2 w^2 w^2 w 0 w w w^2 w^2 0 1 1 | 0 0 0 0 0 0 0 0 0 0 0 0 0 0 0 1 0 w^2 0 w 1 w w 0 1 1 w^2 0 1 1 w^2 w^2 w^2 1 1 0 | 0 0 0 0 0 0 0 0 0 0 0 0 0 0 0 0 1 w 0 0 w w 1 0 0 1 w^2 w w^2 0 1 1 1 1 w^2 0 | 0 0 0 0 0 0 0 0 0 0 0 0 0 0 0 0 0 0 1 w w^2 1 w w^2 1 w w^2 1 w w^2 1 w w^2 1 w w^2
181	[[37,16,11;17]]_2	w^2 1 w w^2 1 w^2 w 0 0 w 1 w w w w w w^2 w w^2 1 1 w^2 w^2 w^2 1 0 0 0 w^2 w w^2 w 0 w w 0	1	1 0 0 0 0 0 0 0 0 0 0 0 0 0 0 0 0 w^2 0 0 0 1 1 w^2 0 0 w^2 w 1 w 0 w^2 w^2 w^2 w^2 w | 0 1 0 0 0 0 0 0 0 0 0 0 0 0 0 0 0 w 0 w^2 1 1 1 w 1 w^2 w^2 0 w 1 0 1 0 w^2 w w^2 | 0 0 1 0 0 0 0 0 0 0 0 0 0 0 0 0 0 1 0 1 1 0 w w 1 0 0 w^2 w^2 w^2 w 0 w w w^2 w^2 | 0 0 0 1 0 0 0 0 0 0 0 0 0 0 0 0 0 w^2 0 1 w^2 w^2 0 w^2 1 0 1 1 w^2 w^2 0 0 1 w 0 w^2 | 0 0 0 0 1 0 0 0 0 0 0 0 0 0 0 0 0 w 0 1 w^2 w^2 1 0 0 0 0 w^2 w^2 0 0 w^2 0 0 1 w^2 | 0 0 0 0 0 1 0 0 0 0 0 0 0 0 0 0 0 1 0 1 w^2 w 0 w w^2 1 w^2 0 0 w w^2 0 0 w 0 0 | 0 0 0 0 0 0 1 0 0 0 0 0 0 0 0 0 0 w^2 0 0 1 w w^2 w^2 w w^2 w 1 1 w w 0 w^2 w^2 1 w | 0 0 0 0 0 0 0 1 0 0 0 0 0 0 0 0 0 w 0 w^2 1 0 w 0 1 1 0 1 1 1 0 w^2 w^2 w^2 w 1 | 0 0 0 0 0 0 0 0 1 0 0 0 0 0 0 0 0 1 0 w 0 w 0 0 1 w^2 w^2 w 1 1 0 w^2 1 w^2 0 w | 0 0 0 0 0 0 0 0 0 1 0 0 0 0 0 0 0 w^2 0 w^2 w^2 w^2 0 w w w 1 w^2 0 w w^2 0 1 0 w^2 w^2 | 0 0 0 0 0 0 0 0 0 0 1 0 0 0 0 0 0 w 0 1 1 w^2 1 0 1 w^2 w w^2 1 w^2 1 0 0 0 w^2 0 | 0 0 0 0 0 0 0 0 0 0 0 1 0 0 0 0 0 1 0 0 1 w^2 1 0 0 1 w 1 1 w w^2 0 1 1 1 0 | 0 0 0 0 0 0 0 0 0 0 0 0 1 0 0 0 0 w^2 0 0 0 0 w w 0 0 w 0 0 w^2 w 0 w^2 w w w^2 | 0 0 0 0 0 0 0 0 0 0 0 0 0 1 0 0 0 w 0 1 w 0 w w 1 1 0 0 w w^2 0 1 0 w 1 1 | 0 0 0 0 0 0 0 0 0 0 0 0 0 0 1 0 0 1 0 w w 1 0 0 w^2 w^2 w^2 w 0 w w w^2 w^2 0 1 1 | 0 0 0 0 0 0 0 0 0 0 0 0 0 0 0 1 0 w^2 0 w 1 w w 0 1 1 w^2 0 1 1 w^2 w^2 w^2 1 1 0 | 0 0 0 0 0 0 0 0 0 0 0 0 0 0 0 0 1 w 0 0 w w 1 0 0 1 w^2 w w^2 0 1 1 1 1 w^2 0 | 0 0 0 0 0 0 0 0 0 0 0 0 0 0 0 0 0 0 1 w w^2 1 w w^2 1 w w^2 1 w w^2 1 w w^2 1 w w^2
182	[[37,17,8;10]]_2	0 1 0 1 0 0 w 0 w^2 0 0 0 w^2 w^2 w 1 0 w^2 0 w w w^2 w^2 w w^2 0 w^2 0 w w 1 1 w w^2 w 1	1	1 0 0 0 0 0 0 0 0 0 0 0 0 1 0 0 w 0 0 w^2 0 1 w w^2 0 w 1 0 w 1 w 0 w 1 w^2 0 | 0 1 0 0 0 0 0 0 0 0 0 0 0 1 0 w w^2 1 w 1 1 w^2 1 w 0 w^2 1 0 0 1 w^2 0 w^2 0 1 0 | 0 0 1 0 0 0 0 0 0 0 0 0 0 w^2 0 1 0 1 1 0 0 w w^2 w 1 w w^2 0 0 w^2 w^2 w w w w w^2 | 0 0 0 1 0 0 0 0 0 0 0 0 0 1 0 w w w^2 1 1 w w w 0 0 w w^2 0 0 w w 1 1 0 0 1 | 0 0 0 0 1 0 0 0 0 0 0 0 0 1 0 1 w^2 0 0 w 0 w^2 1 0 w^2 1 0 w w^2 1 w^2 w^2 0 w w^2 w | 0 0 0 0 0 1 0 0 0 0 0 0 0 1 0 w w 0 0 1 0 w^2 w^2 1 w^2 0 w 1 w 0 w^2 1 0 w w 0 | 0 0 0 0 0 0 1 0 0 0 0 0 0 1 0 w 1 1 w 1 w^2 w^2 w^2 w^2 w 0 w^2 w^2 1 1 w 1 w w w 1 | 0 0 0 0 0 0 0 1 0 0 0 0 0 1 0 w^2 w 0 w 0 w w^2 w 0 0 w 1 w w 1 w 1 1 w w^2 w^2 | 0 0 0 0 0 0 0 0 1 0 0 0 0 1 0 w 0 1 1 w^2 w 1 w^2 w w^2 w^2 1 0 w 1 w^2 0 w w^2 w 0 | 0 0 0 0 0 0 0 0 0 1 0 0 0 w^2 0 1 0 w 1 w^2 w 1 1 0 1 1 w^2 0 0 1 w^2 w w w^2 1 0 | 0 0 0 0 0 0 0 0 0 0 1 0 0 w 0 w w^2 w^2 w w^2 1 w^2 0 0 w w^2 w^2 0 1 1 1 1 0 w^2 w^2 w | 0 0 0 0 0 0 0 0 0 0 0 1 0 0 0 w w^2 0 0 w 1 1 1 w 1 w^2 w 1 w 1 0 w^2 0 w^2 w^2 0 | 0 0 0 0 0 0 0 0 0 0 0 0 1 w 0 w 0 0 w 0 0 w 0 1 w w^2 w w 0 1 0 w 1 1 0 0 | 0 0 0 0 0 0 0 0 0 0 0 0 0 0 1 w^2 w 1 w^2 1 w^2 1 w^2 0 w^2 w 0 1 w^2 1 1 w^2 w 1 w 1
183	[[37,18,8;11]]_2	w w 0 w w^2 0 w 0 w w^2 w^2 w w w^2 0 w 0 0 1 w^2 w^2 0 w^2 w 1 1 w^2 0 0 w w^2 w 0 0 0 1	1	1 0 0 0 0 0 0 0 0 0 0 0 w^2 w 0 0 1 1 0 1 w w^2 1 w 1 1 w^2 0 1 0 w^2 0 w^2 w 1 w | 0 1 0 0 0 0 0 0 0 0 0 0 w^2 1 0 0 0 1 w^2 1 1 w^2 1 1 1 w w 0 1 w 1 1 w^2 w^2 w^2 w | 0 0 1 0 0 0 0 0 0 0 0 0 w^2 1 0 0 w^2 1 w w w w^2 1 0 w^2 w^2 w^2 w w 1 w 1 w 0 w w^2 | 0 0 0 1 0 0 0 0 0 0 0 0 w^2 1 0 0 w^2 w w^2 w^2 1 0 1 0 w 1 w w^2 0 w 1 w w 1 1 w | 0 0 0 0 1 0 0 0 0 0 0 0 1 0 0 0 w 0 w^2 1 1 1 w^2 w w 0 1 1 w^2 w^2 w^2 w^2 w^2 0 w^2 w | 0 0 0 0 0 1 0 0 0 0 0 0 0 1 0 0 w w^2 w^2 w^2 1 1 w^2 0 1 1 w^2 w 0 0 0 1 w^2 w^2 0 1 | 0 0 0 0 0 0 1 0 0 0 0 0 w 1 0 0 w w^2 w^2 0 w^2 w w 0 1 0 0 w 0 1 0 w^2 w^2 w^2 0 0 | 0 0 0 0 0 0 0 1 0 0 0 0 w w^2 0 0 1 1 0 0 0 0 w 0 0 1 0 0 w 0 0 0 1 w^2 0 w^2 | 0 0 0 0 0 0 0 0 1 0 0 0 w^2 0 0 0 w 1 w 1 1 0 1 1 0 0 0 w^2 w 1 w w w^2 0 w 1 | 0 0 0 0 0 0 0 0 0 1 0 0 w^2 1 0 0 0 0 w w^2 w^2 w 0 1 w w^2 1 w 1 0 0 w^2 1 1 1 1 | 0 0 0 0 0 0 0 0 0 0 1 0 0 w^2 0 0 0 1 0 w w w w^2 0 1 w w w 0 w 0 w w^2 0 1 1 | 0 0 0 0 0 0 0 0 0 0 0 1 w^2 w 0 0 1 w w 1 w^2 w 0 1 1 0 w 0 w w 1 1 1 w 1 w^2 | 0 0 0 0 0 0 0 0 0 0 0 0 0 0 1 0 w 0 0 0 1 1 w^2 w^2 w^2 w^2 w 0 w^2 0 w^2 0 0 1 0 w | 0 0 0 0 0 0 0 0 0 0 0 0 0 0 0 1 w^2 0 0 0 0 1 w w w w w w^2 w w 1 0 0 0 1 w^2
184	[[37,18,10;17]]_2	0 1 w^2 0 w^2 0 w^2 w 1 0 w 0 w^2 w^2 1 0 w w w^2 w^2 w^2 w^2 w^2 w^2 1 0 1 w w^2 0 w^2 1 w^2 w^2 w w^2	1	1 0 0 0 0 0 0 0 0 0 0 0 0 0 0 0 w w^2 0 w^2 0 w^2 w^2 0 w^2 w^2 1 1 1 0 0 w 0 0 w^2 w^2 | 0 1 0 0 0 0 0 0 0 0 0 0 0 0 0 0 1 0 0 0 w 1 w^2 w 1 w^2 1 1 0 0 w^2 w^2 w^2 w^2 0 0 | 0 0 1 0 0 0 0 0 0 0 0 0 0 0 0 0 0 1 0 0 0 w 1 w^2 w 1 w^2 1 1 0 0 w^2 w^2 w^2 w^2 0 | 0 0 0 1 0 0 0 0 0 0 0 0 0 0 0 0 w w^2 0 w^2 0 w^2 1 1 0 1 0 w 0 1 0 w w^2 w^2 0 0 | 0 0 0 0 1 0 0 0 0 0 0 0 0 0 0 0 1 0 0 w w^2 w 1 1 w^2 w w w^2 1 0 1 1 w w^2 1 w | 0 0 0 0 0 1 0 0 0 0 0 0 0 0 0 0 0 1 0 1 1 1 w^2 w w^2 w 1 0 w w w 0 w 0 w w | 0 0 0 0 0 0 1 0 0 0 0 0 0 0 0 0 w w^2 0 w w 0 w^2 0 w^2 1 0 w 0 1 0 1 w^2 0 w w | 0 0 0 0 0 0 0 1 0 0 0 0 0 0 0 0 1 0 0 w^2 1 w w^2 0 0 0 1 1 0 w^2 w^2 0 w 1 w^2 w^2 | 0 0 0 0 0 0 0 0 1 0 0 0 0 0 0 0 0 1 0 w w w 0 w w^2 w 1 w w^2 1 0 1 1 1 w^2 w | 0 0 0 0 0 0 0 0 0 1 0 0 0 0 0 0 w w^2 0 w 1 w^2 0 w^2 w^2 1 0 w w 0 w^2 w^2 w w^2 w^2 w^2 | 0 0 0 0 0 0 0 0 0 0 1 0 0 0 0 0 1 0 0 0 w^2 0 w^2 1 w w^2 w^2 0 w^2 w^2 w^2 0 w 1 w^2 0 | 0 0 0 0 0 0 0 0 0 0 0 1 0 0 0 0 0 1 0 0 0 w^2 0 w^2 1 w w^2 w^2 0 w^2 w^2 w^2 0 w 1 w^2 | 0 0 0 0 0 0 0 0 0 0 0 0 1 0 0 0 w w^2 0 1 1 0 w 1 w^2 0 w 1 0 1 0 w^2 w w^2 w^2 w^2 | 0 0 0 0 0 0 0 0 0 0 0 0 0 1 0 0 1 0 0 0 0 0 0 w^2 0 w^2 w w 0 1 w w^2 w 1 w^2 0 | 0 0 0 0 0 0 0 0 0 0 0 0 0 0 1 0 0 1 0 0 0 0 0 0 w^2 0 w^2 w w 0 1 w w^2 w 1 w^2 | 0 0 0 0 0 0 0 0 0 0 0 0 0 0 0 1 w w^2 0 1 1 0 1 1 0 w 0 1 1 w^2 w^2 1 w^2 0 w^2 w^2 | 0 0 0 0 0 0 0 0 0 0 0 0 0 0 0 0 0 0 1 w^2 w 1 w^2 w 1 w^2 w 1 w^2 w 1 w^2 w 1 w^2 w
185	[[37,19,8;12]]_2	w^2 w^2 w w w^2 0 w 1 w w^2 w^2 0 1 w^2 w^2 w 1 w w w 0 1 w^2 w w^2 w^2 1 w w^2 1 w^2 w 1 w w 1	1	1 0 0 0 0 0 0 0 0 0 0 0 1 0 0 w^2 0 1 0 w^2 w 0 0 w^2 0 1 w^2 1 w w^2 w^2 0 w^2 1 0 1 | 0 1 0 0 0 0 0 0 0 0 0 0 1 0 0 w^2 w^2 w w w 1 w^2 w^2 w^2 w^2 w^2 w w^2 w w^2 1 w^2 0 w^2 1 w | 0 0 1 0 0 0 0 0 0 0 0 0 0 0 0 w w w^2 1 w 0 w^2 w 0 0 w^2 w w^2 w w 1 0 1 w 0 w | 0 0 0 1 0 0 0 0 0 0 0 0 w^2 0 0 w w 1 w w^2 w^2 0 w^2 0 0 w^2 1 1 w 0 0 1 w w w w^2 | 0 0 0 0 1 0 0 0 0 0 0 0 w 0 0 w 0 w^2 1 w w^2 1 1 w^2 1 0 0 0 1 1 w^2 w 0 w w^2 w | 0 0 0 0 0 1 0 0 0 0 0 0 1 0 0 1 w^2 w^2 w^2 1 w w w 1 0 1 w w^2 0 w^2 w^2 w 1 0 1 w^2 | 0 0 0 0 0 0 1 0 0 0 0 0 0 0 0 w^2 w^2 1 0 0 w w w w^2 0 1 w^2 w^2 w 1 w^2 1 w^2 1 1 w | 0 0 0 0 0 0 0 1 0 0 0 0 w 0 0 w 1 0 w w^2 0 w^2 1 w w 1 w 1 0 0 1 1 w 0 0 w^2 | 0 0 0 0 0 0 0 0 1 0 0 0 1 0 0 w 1 w^2 w 0 0 0 w^2 0 0 1 1 1 1 1 w^2 w 0 w^2 w 0 | 0 0 0 0 0 0 0 0 0 1 0 0 w^2 0 0 w w 1 w^2 1 1 1 w^2 1 0 1 w^2 w^2 1 1 w w^2 w^2 w w^2 w | 0 0 0 0 0 0 0 0 0 0 1 0 0 0 0 1 1 w 0 w^2 0 0 w 1 w^2 0 w 0 0 1 0 1 w w 0 1 | 0 0 0 0 0 0 0 0 0 0 0 1 0 0 0 w 0 w 1 1 1 w^2 w 1 w 1 1 w 0 w w 1 0 1 1 0 | 0 0 0 0 0 0 0 0 0 0 0 0 0 1 0 0 0 w^2 w^2 1 0 1 w^2 0 0 w 0 1 1 w 1 0 w^2 1 0 w^2 | 0 0 0 0 0 0 0 0 0 0 0 0 0 0 1 w^2 w 1 w^2 1 w 1 w w 1 w^2 0 0 1 w w^2 w^2 w w 0 0
186	[[37,19,9;16]]_2	w^2 1 0 w w^2 0 0 w^2 w w^2 w^2 w w w w 1 0 w 0 w^2 1 1 w w 1 0 w w^2 w^2 w 0 w^2 1 w^2 w w	1	1 0 0 0 0 0 0 0 0 0 0 0 0 0 0 0 w w^2 w^2 0 1 w w^2 1 w^2 0 w w 1 w 0 w^2 w 1 1 0 | 0 1 0 0 0 0 0 0 0 0 0 0 0 0 0 0 1 0 w w^2 w^2 0 0 0 w^2 w^2 1 w^2 1 0 w w w 1 w 1 | 0 0 1 0 0 0 0 0 0 0 0 0 0 0 0 0 0 1 w 1 0 0 w^2 w^2 w^2 0 0 w 0 w w^2 1 1 1 w 1 | 0 0 0 1 0 0 0 0 0 0 0 0 0 0 0 0 w w^2 0 0 w 0 1 0 w 1 0 0 1 0 0 w 1 w w 0 | 0 0 0 0 1 0 0 0 0 0 0 0 0 0 0 0 1 0 0 w 1 1 0 0 0 0 w w^2 1 w w 0 1 0 w^2 0 | 0 0 0 0 0 1 0 0 0 0 0 0 0 0 0 0 0 1 w w 0 w^2 w^2 w w w w 0 1 w^2 0 0 w w^2 w 1 | 0 0 0 0 0 0 1 0 0 0 0 0 0 0 0 0 w w^2 w w w^2 w 0 w 1 w 0 0 1 w^2 w^2 w^2 w w^2 w w | 0 0 0 0 0 0 0 1 0 0 0 0 0 0 0 0 1 0 1 w^2 0 w^2 1 w 1 0 w 0 w 1 w 0 w^2 0 1 w^2 | 0 0 0 0 0 0 0 0 1 0 0 0 0 0 0 0 0 1 w 0 w 1 w 0 w^2 0 1 w^2 1 w^2 0 w^2 1 w 1 0 | 0 0 0 0 0 0 0 0 0 1 0 0 0 0 0 0 w w^2 0 1 w w^2 1 0 0 0 1 0 1 0 0 0 w w^2 0 w | 0 0 0 0 0 0 0 0 0 0 1 0 0 0 0 0 1 0 1 1 w^2 w 0 w^2 w^2 1 0 1 w 1 1 w^2 0 0 1 1 | 0 0 0 0 0 0 0 0 0 0 0 1 0 0 0 0 0 1 0 0 0 w w^2 1 w w 0 1 0 w^2 0 0 w 1 1 0 | 0 0 0 0 0 0 0 0 0 0 0 0 1 0 0 0 w w^2 w 1 0 w^2 0 w^2 w^2 w^2 1 w^2 1 w^2 w w w^2 w 1 0 | 0 0 0 0 0 0 0 0 0 0 0 0 0 1 0 0 1 0 w w w 1 1 w^2 1 w^2 w 0 0 0 w^2 0 w^2 0 1 1 | 0 0 0 0 0 0 0 0 0 0 0 0 0 0 1 0 0 1 1 w w w 1 1 w^2 1 w^2 w 0 0 0 w^2 0 w^2 0 1 | 0 0 0 0 0 0 0 0 0 0 0 0 0 0 0 1 w w^2 1 w 0 w^2 w w^2 1 0 0 w 0 1 w^2 0 w w 1 w^2
187	[[37,19,10;18]]_2	w^2 w^2 w w^2 w w 1 1 w w w^2 1 w^2 w 1 1 0 0 w 1 w 0 w^2 w^2 0 0 0 0 0 w^2 w 0 0 1 w^2 w^2	1	1 0 0 0 0 0 0 0 0 0 0 0 0 0 0 0 w w^2 0 w^2 0 w^2 w^2 0 w^2 w^2 1 1 1 0 0 w 0 0 w^2 w^2 | 0 1 0 0 0 0 0 0 0 0 0 0 0 0 0 0 1 0 0 0 w 1 w^2 w 1 w^2 1 1 0 0 w^2 w^2 w^2 w^2 0 0 | 0 0 1 0 0 0 0 0 0 0 0 0 0 0 0 0 0 1 0 0 0 w 1 w^2 w 1 w^2 1 1 0 0 w^2 w^2 w^2 w^2 0 | 0 0 0 1 0 0 0 0 0 0 0 0 0 0 0 0 w w^2 0 w^2 0 w^2 1 1 0 1 0 w 0 1 0 w w^2 w^2 0 0 | 0 0 0 0 1 0 0 0 0 0 0 0 0 0 0 0 1 0 0 w w^2 w 1 1 w^2 w w w^2 1 0 1 1 w w^2 1 w | 0 0 0 0 0 1 0 0 0 0 0 0 0 0 0 0 0 1 0 1 1 1 w^2 w w^2 w 1 0 w w w 0 w 0 w w | 0 0 0 0 0 0 1 0 0 0 0 0 0 0 0 0 w w^2 0 w w 0 w^2 0 w^2 1 0 w 0 1 0 1 w^2 0 w w | 0 0 0 0 0 0 0 1 0 0 0 0 0 0 0 0 1 0 0 w^2 1 w w^2 0 0 0 1 1 0 w^2 w^2 0 w 1 w^2 w^2 | 0 0 0 0 0 0 0 0 1 0 0 0 0 0 0 0 0 1 0 w w w 0 w w^2 w 1 w w^2 1 0 1 1 1 w^2 w | 0 0 0 0 0 0 0 0 0 1 0 0 0 0 0 0 w w^2 0 w 1 w^2 0 w^2 w^2 1 0 w w 0 w^2 w^2 w w^2 w^2 w^2 | 0 0 0 0 0 0 0 0 0 0 1 0 0 0 0 0 1 0 0 0 w^2 0 w^2 1 w w^2 w^2 0 w^2 w^2 w^2 0 w 1 w^2 0 | 0 0 0 0 0 0 0 0 0 0 0 1 0 0 0 0 0 1 0 0 0 w^2 0 w^2 1 w w^2 w^2 0 w^2 w^2 w^2 0 w 1 w^2 | 0 0 0 0 0 0 0 0 0 0 0 0 1 0 0 0 w w^2 0 1 1 0 w 1 w^2 0 w 1 0 1 0 w^2 w w^2 w^2 w^2 | 0 0 0 0 0 0 0 0 0 0 0 0 0 1 0 0 1 0 0 0 0 0 0 w^2 0 w^2 w w 0 1 w w^2 w 1 w^2 0 | 0 0 0 0 0 0 0 0 0 0 0 0 0 0 1 0 0 1 0 0 0 0 0 0 w^2 0 w^2 w w 0 1 w w^2 w 1 w^2 | 0 0 0 0 0 0 0 0 0 0 0 0 0 0 0 1 w w^2 0 1 1 0 1 1 0 w 0 1 1 w^2 w^2 1 w^2 0 w^2 w^2 | 0 0 0 0 0 0 0 0 0 0 0 0 0 0 0 0 0 0 1 w^2 w 1 w^2 w 1 w^2 w 1 w^2 w 1 w^2 w 1 w^2 w
188	[[37,20,8;13]]_2	0 1 1 w w^2 0 0 w 0 w^2 1 w^2 w 1 w 1 w^2 w 0 w^2 w^2 0 0 w^2 1 1 w 0 1 1 w^2 1 w^2 1 w^2 w	1	1 0 0 0 0 0 0 0 0 0 0 0 1 0 0 w^2 0 1 0 w^2 w 0 0 w^2 0 1 w^2 1 w w^2 w^2 0 w^2 1 0 1 | 0 1 0 0 0 0 0 0 0 0 0 0 1 0 0 w^2 w^2 w w w 1 w^2 w^2 w^2 w^2 w^2 w w^2 w w^2 1 w^2 0 w^2 1 w | 0 0 1 0 0 0 0 0 0 0 0 0 0 0 0 w w w^2 1 w 0 w^2 w 0 0 w^2 w w^2 w w 1 0 1 w 0 w | 0 0 0 1 0 0 0 0 0 0 0 0 w^2 0 0 w w 1 w w^2 w^2 0 w^2 0 0 w^2 1 1 w 0 0 1 w w w w^2 | 0 0 0 0 1 0 0 0 0 0 0 0 w 0 0 w 0 w^2 1 w w^2 1 1 w^2 1 0 0 0 1 1 w^2 w 0 w w^2 w | 0 0 0 0 0 1 0 0 0 0 0 0 1 0 0 1 w^2 w^2 w^2 1 w w w 1 0 1 w w^2 0 w^2 w^2 w 1 0 1 w^2 | 0 0 0 0 0 0 1 0 0 0 0 0 0 0 0 w^2 w^2 1 0 0 w w w w^2 0 1 w^2 w^2 w 1 w^2 1 w^2 1 1 w | 0 0 0 0 0 0 0 1 0 0 0 0 w 0 0 w 1 0 w w^2 0 w^2 1 w w 1 w 1 0 0 1 1 w 0 0 w^2 | 0 0 0 0 0 0 0 0 1 0 0 0 1 0 0 w 1 w^2 w 0 0 0 w^2 0 0 1 1 1 1 1 w^2 w 0 w^2 w 0 | 0 0 0 0 0 0 0 0 0 1 0 0 w^2 0 0 w w 1 w^2 1 1 1 w^2 1 0 1 w^2 w^2 1 1 w w^2 w^2 w w^2 w | 0 0 0 0 0 0 0 0 0 0 1 0 0 0 0 1 1 w 0 w^2 0 0 w 1 w^2 0 w 0 0 1 0 1 w w 0 1 | 0 0 0 0 0 0 0 0 0 0 0 1 0 0 0 w 0 w 1 1 1 w^2 w 1 w 1 1 w 0 w w 1 0 1 1 0 | 0 0 0 0 0 0 0 0 0 0 0 0 0 1 0 0 0 w^2 w^2 1 0 1 w^2 0 0 w 0 1 1 w 1 0 w^2 1 0 w^2 | 0 0 0 0 0 0 0 0 0 0 0 0 0 0 1 w^2 w 1 w^2 1 w 1 w w 1 w^2 0 0 1 w w^2 w^2 w w 0 0
189	[[37,20,9;17]]_2	w 0 w^2 w 0 w^2 w 0 w w^2 1 w^2 w 1 w^2 1 w 1 1 0 w^2 0 0 0 w^2 0 w^2 w^2 1 w^2 w w^2 0 0 1 w	1	1 0 0 0 0 0 0 0 0 0 0 0 0 0 0 0 1 0 w 0 w^2 0 1 1 w^2 w 0 0 1 w 1 w^2 1 w w 0 | 0 1 0 0 0 0 0 0 0 0 0 0 0 0 0 0 1 0 0 0 w^2 w w 0 1 w^2 0 0 w^2 w w 0 1 w^2 0 w | 0 0 1 0 0 0 0 0 0 0 0 0 0 0 0 0 0 1 w 0 0 w^2 w w 0 1 w^2 0 0 w^2 w w 0 1 w^2 0 | 0 0 0 1 0 0 0 0 0 0 0 0 0 0 0 0 0 1 w 0 0 1 0 w 1 w w^2 w^2 w 1 w 0 1 0 1 w^2 | 0 0 0 0 1 0 0 0 0 0 0 0 0 0 0 0 0 1 1 0 0 1 w 0 1 w^2 0 w^2 1 w^2 0 0 w^2 1 0 1 | 0 0 0 0 0 1 0 0 0 0 0 0 0 0 0 0 w^2 w w^2 w w w w^2 1 w^2 w^2 0 0 w^2 w w 1 w w 0 0 | 0 0 0 0 0 0 1 0 0 0 0 0 0 0 0 0 w w^2 w^2 w^2 w^2 w 0 1 0 0 w^2 0 w 0 0 w^2 w^2 1 1 0 | 0 0 0 0 0 0 0 1 0 0 0 0 0 0 0 0 1 0 1 0 0 1 w 1 w^2 1 w^2 w^2 w w w^2 0 w^2 1 w^2 1 | 0 0 0 0 0 0 0 0 1 0 0 0 0 0 0 0 w^2 w 1 0 w w^2 0 1 1 w^2 0 w^2 1 0 w 0 1 w 0 w^2 | 0 0 0 0 0 0 0 0 0 1 0 0 0 0 0 0 w w^2 0 1 1 w 1 w 0 w w^2 0 1 w w w^2 w w 1 0 | 0 0 0 0 0 0 0 0 0 0 1 0 0 0 0 0 1 0 1 w^2 w w^2 w 0 0 1 1 w^2 w 1 1 w w^2 0 0 1 | 0 0 0 0 0 0 0 0 0 0 0 1 0 0 0 0 1 0 1 w^2 0 w^2 1 w^2 0 0 w^2 1 0 1 1 0 0 1 w 0 | 0 0 0 0 0 0 0 0 0 0 0 0 1 0 0 0 w w^2 0 w w w 0 w^2 w^2 0 w^2 w^2 0 1 1 w^2 w^2 w^2 w w | 0 0 0 0 0 0 0 0 0 0 0 0 0 1 0 0 w^2 w w^2 0 0 w 1 w^2 1 w 0 w^2 0 1 w w^2 0 w w w | 0 0 0 0 0 0 0 0 0 0 0 0 0 0 1 0 w w^2 1 w^2 1 0 0 w^2 w w w 0 1 w^2 w^2 w^2 1 w^2 1 w | 0 0 0 0 0 0 0 0 0 0 0 0 0 0 0 1 w w^2 w^2 w^2 w 0 1 w 1 w^2 0 w 0 w^2 0 0 w w 0 1
190	[[37,21,8;14]]_2	w w^2 w 0 w 1 w^2 0 w 0 0 w w^2 w w^2 w^2 0 0 w w^2 0 0 w^2 w^2 w^2 w^2 1 0 1 w 0 w w 0 0 w^2	1	1 0 0 0 0 0 0 0 0 0 0 0 0 0 w^2 w^2 w 1 w^2 0 1 0 w w 0 w 1 1 w 0 1 w^2 w^2 0 0 w^2 | 0 1 0 0 0 0 0 0 0 0 0 0 0 0 w^2 0 1 w^2 0 w^2 1 1 w 0 w w w^2 0 w^2 w 1 w 0 w^2 0 w^2 | 0 0 1 0 0 0 0 0 0 0 0 0 0 0 w 0 w 0 0 w w 1 1 w 0 1 1 w^2 w^2 1 w 0 1 0 1 1 | 0 0 0 1 0 0 0 0 0 0 0 0 0 0 0 w 0 w 1 0 w w 1 1 w 0 1 1 w^2 w^2 1 w 0 1 0 1 | 0 0 0 0 1 0 0 0 0 0 0 0 0 0 1 0 w 0 1 w^2 0 w 0 w^2 1 w^2 w 0 0 1 w w^2 w 0 w^2 w | 0 0 0 0 0 1 0 0 0 0 0 0 0 0 0 w w w^2 1 0 w 0 1 w^2 w^2 0 w^2 0 1 1 w^2 0 0 w 1 1 | 0 0 0 0 0 0 1 0 0 0 0 0 0 0 w w w^2 1 w^2 1 w^2 w 1 0 w^2 w w^2 0 1 1 w 1 w 0 w w^2 | 0 0 0 0 0 0 0 1 0 0 0 0 0 0 w^2 w^2 1 1 w 0 w^2 w^2 w 1 0 w w^2 w^2 1 w 1 0 0 w w^2 0 | 0 0 0 0 0 0 0 0 1 0 0 0 0 0 w^2 1 w w w 0 w^2 w^2 0 1 1 0 w^2 1 w^2 w^2 0 1 w 0 0 w^2 | 0 0 0 0 0 0 0 0 0 1 0 0 0 0 1 w w 0 w w w w^2 0 w^2 1 w w 1 w w^2 1 1 0 w 0 1 | 0 0 0 0 0 0 0 0 0 0 1 0 0 0 0 0 1 0 0 0 0 w w 1 w^2 w^2 w 1 w^2 0 0 w 0 0 0 w^2 | 0 0 0 0 0 0 0 0 0 0 0 1 0 0 0 w 1 w 1 w^2 w^2 0 0 0 1 0 w^2 w^2 w 0 1 1 0 0 w^2 1 | 0 0 0 0 0 0 0 0 0 0 0 0 1 0 1 w^2 0 0 w w w w^2 1 1 0 1 w 0 w^2 1 w^2 1 w 0 w^2 w^2 | 0 0 0 0 0 0 0 0 0 0 0 0 0 1 0 0 0 w w 0 0 w w 0 1 w 1 1 w 1 w 0 0 w w 0
191	[[37,22,8;15]]_2	w w 1 0 0 w^2 0 1 w 0 w^2 1 w^2 1 1 0 w^2 w^2 w^2 w 1 w^2 1 1 0 w^2 w 1 w^2 0 w^2 w w 0 1 1	1	1 0 0 0 0 0 0 0 0 0 0 0 0 w^2 0 0 w^2 w w w^2 w 1 1 w w^2 0 w w 0 w w^2 1 0 w^2 0 1 | 0 1 0 0 0 0 0 0 0 0 0 0 0 1 0 1 w 1 w 1 w^2 w 0 0 w w^2 1 w w w w w^2 w^2 1 w^2 0 | 0 0 1 0 0 0 0 0 0 0 0 0 0 w^2 0 0 w^2 0 w w w^2 1 w^2 1 0 w^2 0 0 w^2 0 w^2 w^2 0 1 w^2 w | 0 0 0 1 0 0 0 0 0 0 0 0 0 0 0 w^2 w^2 0 w 0 0 1 w^2 1 1 1 w^2 1 1 0 1 w 1 1 w^2 w | 0 0 0 0 1 0 0 0 0 0 0 0 0 0 0 0 w^2 w^2 w w 0 0 1 w^2 1 1 1 w^2 1 1 0 1 w 1 1 w^2 | 0 0 0 0 0 1 0 0 0 0 0 0 0 w 0 1 w w^2 w 0 0 w^2 0 0 w w 1 1 0 1 w^2 1 1 w^2 0 0 | 0 0 0 0 0 0 1 0 0 0 0 0 0 w 0 1 1 w 1 1 w w w^2 0 0 w^2 0 0 0 0 0 w 0 w 1 1 | 0 0 0 0 0 0 0 1 0 0 0 0 0 1 0 0 w w w 1 w 1 0 1 0 w w w w w^2 w w w^2 w^2 1 w^2 | 0 0 0 0 0 0 0 0 1 0 0 0 0 1 0 0 0 1 0 0 w w^2 w^2 0 w^2 1 0 w w^2 1 0 0 1 w^2 1 w^2 | 0 0 0 0 0 0 0 0 0 1 0 0 0 w^2 0 w^2 w 1 1 0 0 0 0 w w 0 1 w 1 w 0 0 w^2 1 w 1 | 0 0 0 0 0 0 0 0 0 0 1 0 0 w^2 0 0 w^2 0 w^2 0 w w^2 1 0 w^2 1 1 1 1 w^2 0 1 w w^2 0 w^2 | 0 0 0 0 0 0 0 0 0 0 0 1 0 0 0 w^2 w^2 0 w^2 1 w 0 1 w^2 0 w 1 0 0 w w 1 w^2 w^2 1 1 | 0 0 0 0 0 0 0 0 0 0 0 0 1 0 0 1 w^2 w 1 w^2 w w w^2 1 0 w^2 w^2 0 w^2 1 w 0 1 0 w w^2 | 0 0 0 0 0 0 0 0 0 0 0 0 0 0 1 0 1 0 0 w^2 0 w^2 0 w^2 w^2 1 1 w^2 1 0 w 0 w^2 1 w 0
192	[[37,23,7;12]]_2	w w^2 w w^2 w^2 1 w 0 1 0 w^2 w^2 w^2 0 w w 0 1 w^2 w 1 w^2 1 0 w^2 w w w 1 w w^2 1 1 0 w^2 1	1	1 0 0 0 0 0 0 0 0 0 0 0 1 1 w w^2 1 1 w^2 0 0 w^2 w 1 w 0 0 1 1 0 1 0 w w 0 0 | 0 1 0 0 0 0 0 0 0 0 0 0 1 0 w^2 1 w 0 w^2 w^2 0 w^2 1 w^2 w^2 w 0 1 0 1 1 1 w 0 w 0 | 0 0 1 0 0 0 0 0 0 0 0 0 0 w 1 0 w w^2 w 1 1 0 w^2 0 w^2 w 1 0 1 w w^2 1 w^2 0 1 w^2 | 0 0 0 1 0 0 0 0 0 0 0 0 w^2 w^2 w^2 w^2 w^2 1 1 w 1 w^2 1 0 1 w^2 w w w^2 1 1 w^2 0 w 0 1 | 0 0 0 0 1 0 0 0 0 0 0 0 1 w^2 w^2 1 w^2 0 1 w 1 w 1 w w w^2 w w^2 w^2 0 w^2 1 w 1 0 w | 0 0 0 0 0 1 0 0 0 0 0 0 0 1 w^2 w^2 1 w^2 w 1 w 1 w 1 w w w^2 w w^2 w^2 0 w^2 1 w 1 0 | 0 0 0 0 0 0 1 0 0 0 0 0 w^2 w w 0 1 0 1 1 w 0 0 w^2 0 0 w^2 0 1 0 w^2 0 1 w^2 0 w^2 | 0 0 0 0 0 0 0 1 0 0 0 0 0 w 0 w^2 1 w^2 0 w w w 0 w w^2 w 1 w^2 0 w w^2 w^2 w^2 w 1 w | 0 0 0 0 0 0 0 0 1 0 0 0 w^2 0 w 1 w^2 w^2 w w 0 0 w^2 w w^2 w 1 w 0 w w^2 w^2 0 0 w^2 0 | 0 0 0 0 0 0 0 0 0 1 0 0 w^2 w^2 0 w^2 1 1 0 0 0 w 1 1 w^2 w 1 w 1 w w^2 w^2 0 w^2 1 w | 0 0 0 0 0 0 0 0 0 0 1 0 1 w^2 w^2 w w^2 w w w^2 w^2 w^2 0 w w^2 1 w^2 0 w^2 w 0 w^2 w 1 1 w^2 | 0 0 0 0 0 0 0 0 0 0 0 1 w w^2 0 w 0 1 w w w^2 w 0 w 1 w^2 1 1 w w^2 0 0 0 1 1 1
193	[[37,24,7;13]]_2	1 w w w 1 w 1 w 1 0 w 0 w^2 w^2 1 0 w^2 0 w w w w 1 w w w^2 w^2 1 0 0 1 0 w w 0 1	1	1 0 0 0 0 0 0 0 0 0 0 0 0 w^2 w^2 0 1 w^2 w 1 1 1 1 1 w^2 w 1 w w^2 w^2 1 w w^2 w^2 w^2 1 | 0 1 0 0 0 0 0 0 0 0 0 0 1 1 0 0 w w^2 w^2 w^2 1 w 0 w^2 w^2 w 1 0 1 0 w w^2 1 w^2 w 0 | 0 0 1 0 0 0 0 0 0 0 0 0 w^2 1 0 w 0 0 w^2 1 w w 0 0 1 w 1 0 1 0 w 1 w w w^2 1 | 0 0 0 1 0 0 0 0 0 0 0 0 w^2 1 w w 1 0 w^2 w w^2 w w^2 w^2 0 1 w 1 w^2 w 1 0 w w^2 0 w^2 | 0 0 0 0 1 0 0 0 0 0 0 0 0 w^2 1 w w 1 w^2 w^2 w w^2 w w^2 w^2 0 1 w 1 w^2 w 1 0 w w^2 0 | 0 0 0 0 0 1 0 0 0 0 0 0 1 0 1 w w 1 1 0 1 w^2 0 w 0 1 1 w^2 0 w^2 0 w^2 w^2 1 w w | 0 0 0 0 0 0 1 0 0 0 0 0 w w^2 1 0 1 1 1 w^2 0 0 1 w^2 1 w 0 w^2 w 1 1 w^2 w w^2 w^2 w^2 | 0 0 0 0 0 0 0 1 0 0 0 0 0 1 0 1 1 w 1 0 w 1 1 0 0 w^2 w^2 w 0 1 0 w^2 0 1 0 w | 0 0 0 0 0 0 0 0 1 0 0 0 w^2 w^2 w^2 w 0 0 w^2 w 0 0 w 0 1 w^2 1 0 0 w w 1 1 0 w w | 0 0 0 0 0 0 0 0 0 1 0 0 0 w^2 w^2 w^2 w 0 w w^2 w 0 0 w 0 1 w^2 1 0 0 w w 1 1 0 w | 0 0 0 0 0 0 0 0 0 0 1 0 w^2 w 0 1 0 w 0 w^2 1 w 1 w^2 w 0 1 w^2 w w^2 1 0 1 0 w^2 0 | 0 0 0 0 0 0 0 0 0 0 0 1 0 w w^2 0 w^2 1 w^2 w 1 w^2 0 w^2 w 1 w w w w^2 1 w 1 0 1 1
194	[[38,8,19;30]]_2	w^2 w 1 0 w^2 0 1 w 1 1 w 1 w 0 w 1 w w^2 1 1 w 0 0 w^2 1 w^2 w^2 1 0 0 1 1 w w^2 w^2 w 1	1	1 0 0 0 0 0 0 0 0 0 0 0 0 0 0 0 0 0 0 0 0 0 0 0 0 0 0 0 0 0 0 w^2 1 0 1 w^2 w | 0 1 0 0 0 0 0 0 0 0 0 0 0 0 0 0 0 0 0 0 0 0 0 0 0 0 0 0 0 w w^2 w 0 w w^2 w^2 w | 0 0 1 0 0 0 0 0 0 0 0 0 0 0 0 0 0 0 0 0 0 0 0 0 0 0 0 0 0 w^2 1 w^2 w 0 1 0 0 | 0 0 0 1 0 0 0 0 0 0 0 0 0 0 0 0 0 0 0 0 0 0 0 0 0 0 0 0 0 w^2 w w^2 0 0 1 1 0 | 0 0 0 0 1 0 0 0 0 0 0 0 0 0 0 0 0 0 0 0 0 0 0 0 0 0 0 0 0 1 w 1 1 0 w^2 w^2 1 | 0 0 0 0 0 1 0 0 0 0 0 0 0 0 0 0 0 0 0 0 0 0 0 0 0 0 0 0 0 w^2 0 w w w 0 0 0 | 0 0 0 0 0 0 1 0 0 0 0 0 0 0 0 0 0 0 0 0 0 0 0 0 0 0 0 0 0 1 w w 0 0 1 w w | 0 0 0 0 0 0 0 1 0 0 0 0 0 0 0 0 0 0 0 0 0 0 0 0 0 0 0 0 0 w^2 w 0 0 1 1 0 1 | 0 0 0 0 0 0 0 0 1 0 0 0 0 0 0 0 0 0 0 0 0 0 0 0 0 0 0 0 0 0 0 0 w^2 w^2 w^2 1 0 | 0 0 0 0 0 0 0 0 0 1 0 0 0 0 0 0 0 0 0 0 0 0 0 0 0 0 0 0 0 0 w^2 w^2 w w w 0 0 | 0 0 0 0 0 0 0 0 0 0 1 0 0 0 0 0 0 0 0 0 0 0 0 0 0 0 0 0 0 0 w^2 0 0 1 w 1 w | 0 0 0 0 0 0 0 0 0 0 0 1 0 0 0 0 0 0 0 0 0 0 0 0 0 0 0 0 0 0 w^2 1 w^2 w^2 w w^2 1 | 0 0 0 0 0 0 0 0 0 0 0 0 1 0 0 0 0 0 0 0 0 0 0 0 0 0 0 0 0 0 1 0 0 w w 0 w | 0 0 0 0 0 0 0 0 0 0 0 0 0 1 0 0 0 0 0 0 0 0 0 0 0 0 0 0 0 0 1 w^2 w 0 0 1 0 | 0 0 0 0 0 0 0 0 0 0 0 0 0 0 1 0 0 0 0 0 0 0 0 0 0 0 0 0 0 0 1 1 w w^2 1 w^2 w^2 | 0 0 0 0 0 0 0 0 0 0 0 0 0 0 0 1 0 0 0 0 0 0 0 0 0 0 0 0 0 w^2 1 0 w^2 w w^2 0 0 | 0 0 0 0 0 0 0 0 0 0 0 0 0 0 0 0 1 0 0 0 0 0 0 0 0 0 0 0 0 0 w 1 1 w^2 w 1 w | 0 0 0 0 0 0 0 0 0 0 0 0 0 0 0 0 0 1 0 0 0 0 0 0 0 0 0 0 0 0 w^2 w w^2 w 0 1 1 | 0 0 0 0 0 0 0 0 0 0 0 0 0 0 0 0 0 0 1 0 0 0 0 0 0 0 0 0 0 w^2 1 w^2 w w^2 1 w 0 | 0 0 0 0 0 0 0 0 0 0 0 0 0 0 0 0 0 0 0 1 0 0 0 0 0 0 0 0 0 w w^2 w^2 w^2 1 w w^2 0 | 0 0 0 0 0 0 0 0 0 0 0 0 0 0 0 0 0 0 0 0 1 0 0 0 0 0 0 0 0 0 w w^2 w^2 w 0 w w | 0 0 0 0 0 0 0 0 0 0 0 0 0 0 0 0 0 0 0 0 0 1 0 0 0 0 0 0 0 w^2 1 w^2 w^2 1 w^2 w^2 1 | 0 0 0 0 0 0 0 0 0 0 0 0 0 0 0 0 0 0 0 0 0 0 1 0 0 0 0 0 0 w 1 1 w^2 w^2 1 w 0 | 0 0 0 0 0 0 0 0 0 0 0 0 0 0 0 0 0 0 0 0 0 0 0 1 0 0 0 0 0 w w w^2 0 0 w^2 0 w | 0 0 0 0 0 0 0 0 0 0 0 0 0 0 0 0 0 0 0 0 0 0 0 0 1 0 0 0 0 0 1 1 w 0 0 0 0 | 0 0 0 0 0 0 0 0 0 0 0 0 0 0 0 0 0 0 0 0 0 0 0 0 0 1 0 0 0 w^2 0 w w^2 w^2 w^2 w w^2 | 0 0 0 0 0 0 0 0 0 0 0 0 0 0 0 0 0 0 0 0 0 0 0 0 0 0 1 0 0 w 0 w w^2 0 0 w w^2 | 0 0 0 0 0 0 0 0 0 0 0 0 0 0 0 0 0 0 0 0 0 0 0 0 0 0 0 1 0 1 1 1 w 1 w w^2 w^2 | 0 0 0 0 0 0 0 0 0 0 0 0 0 0 0 0 0 0 0 0 0 0 0 0 0 0 0 0 1 1 1 0 0 1 1 1 w
195	[[38,9,18;29]]_2	w^2 w^2 w 0 0 w w^2 w^2 1 0 0 1 1 1 1 w^2 w w w w w w w w w^2 w 0 w^2 w 1 w w 0 0 1 w 1	1	1 0 0 0 0 0 0 0 0 0 0 0 0 0 0 0 0 0 0 0 0 0 0 0 0 0 0 0 1 1 w 1 1 w w 0 0 | 0 1 0 0 0 0 0 0 0 0 0 0 0 0 0 0 0 0 0 0 0 0 0 0 0 0 0 0 w^2 1 w^2 0 1 w^2 w 1 w | 0 0 1 0 0 0 0 0 0 0 0 0 0 0 0 0 0 0 0 0 0 0 0 0 0 0 0 0 1 w 1 w^2 0 w^2 w^2 w^2 w | 0 0 0 1 0 0 0 0 0 0 0 0 0 0 0 0 0 0 0 0 0 0 0 0 0 0 0 0 1 w^2 0 0 w w^2 1 1 w | 0 0 0 0 1 0 0 0 0 0 0 0 0 0 0 0 0 0 0 0 0 0 0 0 0 0 0 0 0 w^2 w w^2 1 0 w w^2 0 | 0 0 0 0 0 1 0 0 0 0 0 0 0 0 0 0 0 0 0 0 0 0 0 0 0 0 0 0 0 1 0 w^2 0 1 0 0 0 | 0 0 0 0 0 0 1 0 0 0 0 0 0 0 0 0 0 0 0 0 0 0 0 0 0 0 0 0 0 1 0 w w^2 1 w w^2 w | 0 0 0 0 0 0 0 1 0 0 0 0 0 0 0 0 0 0 0 0 0 0 0 0 0 0 0 0 0 w 0 1 w^2 w^2 1 0 w | 0 0 0 0 0 0 0 0 1 0 0 0 0 0 0 0 0 0 0 0 0 0 0 0 0 0 0 0 1 1 1 0 w^2 w 0 1 w^2 | 0 0 0 0 0 0 0 0 0 1 0 0 0 0 0 0 0 0 0 0 0 0 0 0 0 0 0 0 1 w w^2 1 w 1 0 1 w^2 | 0 0 0 0 0 0 0 0 0 0 1 0 0 0 0 0 0 0 0 0 0 0 0 0 0 0 0 0 1 1 w^2 w 0 0 1 1 w^2 | 0 0 0 0 0 0 0 0 0 0 0 1 0 0 0 0 0 0 0 0 0 0 0 0 0 0 0 0 w^2 w 1 w w^2 w w^2 1 w^2 | 0 0 0 0 0 0 0 0 0 0 0 0 1 0 0 0 0 0 0 0 0 0 0 0 0 0 0 0 w w^2 w 1 0 1 w^2 1 1 | 0 0 0 0 0 0 0 0 0 0 0 0 0 1 0 0 0 0 0 0 0 0 0 0 0 0 0 0 w w w w^2 w^2 0 w 0 w^2 | 0 0 0 0 0 0 0 0 0 0 0 0 0 0 1 0 0 0 0 0 0 0 0 0 0 0 0 0 1 1 1 w 1 w 1 w^2 w | 0 0 0 0 0 0 0 0 0 0 0 0 0 0 0 1 0 0 0 0 0 0 0 0 0 0 0 0 w^2 w w 0 w^2 w 0 w w | 0 0 0 0 0 0 0 0 0 0 0 0 0 0 0 0 1 0 0 0 0 0 0 0 0 0 0 0 0 w^2 0 w 0 1 0 w 0 | 0 0 0 0 0 0 0 0 0 0 0 0 0 0 0 0 0 1 0 0 0 0 0 0 0 0 0 0 w^2 w w w w w^2 0 w w | 0 0 0 0 0 0 0 0 0 0 0 0 0 0 0 0 0 0 1 0 0 0 0 0 0 0 0 0 w^2 0 w 0 0 0 w^2 w^2 1 | 0 0 0 0 0 0 0 0 0 0 0 0 0 0 0 0 0 0 0 1 0 0 0 0 0 0 0 0 w 1 1 1 0 w^2 w 1 w | 0 0 0 0 0 0 0 0 0 0 0 0 0 0 0 0 0 0 0 0 1 0 0 0 0 0 0 0 1 0 1 w 1 w w w^2 w | 0 0 0 0 0 0 0 0 0 0 0 0 0 0 0 0 0 0 0 0 0 1 0 0 0 0 0 0 1 1 0 w^2 0 1 w w^2 w^2 | 0 0 0 0 0 0 0 0 0 0 0 0 0 0 0 0 0 0 0 0 0 0 1 0 0 0 0 0 w^2 w 1 w^2 0 w^2 1 0 w^2 | 0 0 0 0 0 0 0 0 0 0 0 0 0 0 0 0 0 0 0 0 0 0 0 1 0 0 0 0 1 w 0 w 0 w^2 w^2 0 0 | 0 0 0 0 0 0 0 0 0 0 0 0 0 0 0 0 0 0 0 0 0 0 0 0 1 0 0 0 w^2 w 0 0 0 1 w w^2 w | 0 0 0 0 0 0 0 0 0 0 0 0 0 0 0 0 0 0 0 0 0 0 0 0 0 1 0 0 1 0 1 w^2 w 0 w^2 0 w | 0 0 0 0 0 0 0 0 0 0 0 0 0 0 0 0 0 0 0 0 0 0 0 0 0 0 1 0 1 w 0 w w w^2 w^2 w^2 1 | 0 0 0 0 0 0 0 0 0 0 0 0 0 0 0 0 0 0 0 0 0 0 0 0 0 0 0 1 w w^2 1 1 0 0 1 w^2 w^2
196	[[38,10,17;28]]_2	1 w^2 w w^2 w 1 1 w^2 w^2 1 1 0 0 w^2 w^2 w 0 1 0 w^2 0 0 w w^2 1 1 1 w^2 0 w^2 1 w^2 0 1 w^2 0 w^2	1	1 0 0 0 0 0 0 0 0 0 0 0 0 0 0 0 0 0 0 0 0 0 0 0 0 0 1 0 0 1 w^2 w w 0 w w w | 0 1 0 0 0 0 0 0 0 0 0 0 0 0 0 0 0 0 0 0 0 0 0 0 0 0 w 0 0 w^2 w 0 w^2 1 w 1 1 | 0 0 1 0 0 0 0 0 0 0 0 0 0 0 0 0 0 0 0 0 0 0 0 0 0 0 1 0 w^2 w w^2 w w 0 1 w^2 w | 0 0 0 1 0 0 0 0 0 0 0 0 0 0 0 0 0 0 0 0 0 0 0 0 0 0 w^2 0 0 w w^2 w 1 1 w 1 w | 0 0 0 0 1 0 0 0 0 0 0 0 0 0 0 0 0 0 0 0 0 0 0 0 0 0 w 0 w^2 1 0 0 1 w 0 w 1 | 0 0 0 0 0 1 0 0 0 0 0 0 0 0 0 0 0 0 0 0 0 0 0 0 0 0 0 0 0 w^2 1 1 w 0 w w 1 | 0 0 0 0 0 0 1 0 0 0 0 0 0 0 0 0 0 0 0 0 0 0 0 0 0 0 w 0 w w^2 0 0 0 w^2 1 1 1 | 0 0 0 0 0 0 0 1 0 0 0 0 0 0 0 0 0 0 0 0 0 0 0 0 0 0 w^2 0 w^2 1 w w 0 1 w 0 w | 0 0 0 0 0 0 0 0 1 0 0 0 0 0 0 0 0 0 0 0 0 0 0 0 0 0 1 0 1 w^2 1 0 0 0 0 w 1 | 0 0 0 0 0 0 0 0 0 1 0 0 0 0 0 0 0 0 0 0 0 0 0 0 0 0 1 0 0 0 1 w w^2 w^2 1 1 w | 0 0 0 0 0 0 0 0 0 0 1 0 0 0 0 0 0 0 0 0 0 0 0 0 0 0 w 0 w^2 w^2 w 1 w 1 w^2 0 w | 0 0 0 0 0 0 0 0 0 0 0 1 0 0 0 0 0 0 0 0 0 0 0 0 0 0 w 0 w^2 w w^2 0 0 0 1 1 1 | 0 0 0 0 0 0 0 0 0 0 0 0 1 0 0 0 0 0 0 0 0 0 0 0 0 0 w 0 w w w 0 1 1 w^2 1 w^2 | 0 0 0 0 0 0 0 0 0 0 0 0 0 1 0 0 0 0 0 0 0 0 0 0 0 0 1 0 w^2 0 1 w w^2 0 0 1 w^2 | 0 0 0 0 0 0 0 0 0 0 0 0 0 0 1 0 0 0 0 0 0 0 0 0 0 0 1 0 0 1 w^2 1 1 1 w^2 w w | 0 0 0 0 0 0 0 0 0 0 0 0 0 0 0 1 0 0 0 0 0 0 0 0 0 0 w^2 0 w 1 w^2 w^2 0 1 0 w^2 w | 0 0 0 0 0 0 0 0 0 0 0 0 0 0 0 0 1 0 0 0 0 0 0 0 0 0 1 0 0 0 w^2 1 1 0 w 0 1 | 0 0 0 0 0 0 0 0 0 0 0 0 0 0 0 0 0 1 0 0 0 0 0 0 0 0 w 0 w^2 1 w 0 w 0 w w^2 1 | 0 0 0 0 0 0 0 0 0 0 0 0 0 0 0 0 0 0 1 0 0 0 0 0 0 0 0 0 1 0 w w 0 w^2 1 w^2 1 | 0 0 0 0 0 0 0 0 0 0 0 0 0 0 0 0 0 0 0 1 0 0 0 0 0 0 1 0 1 0 0 w 1 w^2 0 1 w^2 | 0 0 0 0 0 0 0 0 0 0 0 0 0 0 0 0 0 0 0 0 1 0 0 0 0 0 w^2 0 w^2 w 0 w^2 1 w^2 0 0 1 | 0 0 0 0 0 0 0 0 0 0 0 0 0 0 0 0 0 0 0 0 0 1 0 0 0 0 w 0 1 1 1 w 0 0 w 1 0 | 0 0 0 0 0 0 0 0 0 0 0 0 0 0 0 0 0 0 0 0 0 0 1 0 0 0 0 0 w 1 1 w^2 1 w 0 0 w^2 | 0 0 0 0 0 0 0 0 0 0 0 0 0 0 0 0 0 0 0 0 0 0 0 1 0 0 0 0 1 0 w^2 1 w 1 w^2 1 0 | 0 0 0 0 0 0 0 0 0 0 0 0 0 0 0 0 0 0 0 0 0 0 0 0 1 0 1 0 0 1 w 0 w 0 w 0 w^2 | 0 0 0 0 0 0 0 0 0 0 0 0 0 0 0 0 0 0 0 0 0 0 0 0 0 1 w^2 0 w^2 w w 0 0 w 1 w^2 w^2 | 0 0 0 0 0 0 0 0 0 0 0 0 0 0 0 0 0 0 0 0 0 0 0 0 0 0 0 1 w^2 w^2 1 w w 0 0 w 1
197	[[38,19,9;15]]_2	0 0 w^2 w^2 w 0 1 0 0 1 1 1 0 w 0 w 0 w 1 0 0 w^2 1 1 w 1 1 1 0 1 w^2 0 w w^2 w 1 w^2	1	1 0 0 0 0 0 0 0 0 0 0 0 0 0 0 0 w 1 0 1 w w w w w^2 0 w^2 w^2 1 0 w 0 0 1 1 w 1 | 0 1 0 0 0 0 0 0 0 0 0 0 0 0 0 0 w 1 1 w w^2 w w^2 1 1 w w^2 0 0 w^2 w^2 1 1 w^2 w^2 0 w | 0 0 1 0 0 0 0 0 0 0 0 0 0 0 0 0 w w w w^2 w^2 0 w^2 0 1 w 0 w w^2 0 w^2 w^2 w 0 0 w w | 0 0 0 1 0 0 0 0 0 0 0 0 0 0 0 0 w^2 1 0 w^2 w^2 w w^2 w w w w^2 1 w 0 1 w w 1 w 1 w | 0 0 0 0 1 0 0 0 0 0 0 0 0 0 0 0 0 0 0 w 1 w^2 w^2 0 w w w^2 w w 1 1 w^2 0 1 w w^2 0 | 0 0 0 0 0 1 0 0 0 0 0 0 0 0 0 0 0 w w w w 0 w^2 0 1 0 w 0 1 0 w 0 w 1 w^2 w^2 0 | 0 0 0 0 0 0 1 0 0 0 0 0 0 0 0 0 w 1 0 1 w 0 w w 1 0 0 0 w^2 1 w^2 w 0 w^2 1 0 w | 0 0 0 0 0 0 0 1 0 0 0 0 0 0 0 0 1 1 1 w w w 0 w^2 w^2 w^2 1 w^2 w 0 w^2 0 w w^2 w 1 0 | 0 0 0 0 0 0 0 0 1 0 0 0 0 0 0 0 w^2 w w 0 1 0 w w w 0 w w w^2 w^2 w w^2 w^2 0 0 0 0 | 0 0 0 0 0 0 0 0 0 1 0 0 0 0 0 0 w 1 0 1 w 0 w 0 0 w^2 w 0 w^2 w^2 1 w^2 w 1 1 0 0 | 0 0 0 0 0 0 0 0 0 0 1 0 0 0 0 0 1 w w w^2 w^2 1 w 1 w w^2 w 1 0 0 w^2 0 w w w^2 1 1 | 0 0 0 0 0 0 0 0 0 0 0 1 0 0 0 0 w^2 w^2 w 1 w 1 w w w 0 w 0 w^2 0 0 0 w w^2 0 1 w^2 | 0 0 0 0 0 0 0 0 0 0 0 0 1 0 0 0 w 0 0 1 w^2 w w^2 w 0 w^2 w 1 w 1 w^2 1 w^2 0 w w^2 1 | 0 0 0 0 0 0 0 0 0 0 0 0 0 1 0 0 0 0 1 1 w 0 1 1 w 1 w w^2 w^2 w^2 w w 1 0 0 w^2 w | 0 0 0 0 0 0 0 0 0 0 0 0 0 0 1 0 0 1 w^2 w^2 0 w^2 1 1 w 0 w^2 1 w^2 w 1 w 0 1 0 w^2 w | 0 0 0 0 0 0 0 0 0 0 0 0 0 0 0 1 w^2 0 0 1 w^2 0 1 w 0 1 w w^2 0 0 w 1 w^2 1 w 0 1
198	[[38,20,9;16]]_2	0 w w w w w^2 0 0 w w^2 w 1 0 w^2 w w^2 w w w w^2 1 w^2 w 0 0 w 0 w^2 0 w w w 0 w 1 0 1	1	1 0 0 0 0 0 0 0 0 0 0 0 0 0 0 0 1 w 0 0 0 w^2 0 1 w 1 0 1 w^2 w 1 1 1 w^2 0 0 1 | 0 1 0 0 0 0 0 0 0 0 0 0 0 0 0 0 w^2 w^2 w 0 1 w 0 1 0 w^2 w^2 w^2 w w^2 1 w^2 1 1 0 w^2 w^2 | 0 0 1 0 0 0 0 0 0 0 0 0 0 0 0 0 0 w 1 1 w w^2 0 0 1 0 0 w^2 0 0 w^2 w w^2 0 w 0 0 | 0 0 0 1 0 0 0 0 0 0 0 0 0 0 0 0 w^2 1 0 w w w 1 0 0 w^2 w^2 w 0 0 w 1 0 1 w w 1 | 0 0 0 0 1 0 0 0 0 0 0 0 0 0 0 0 1 w 1 1 w w w^2 w^2 0 1 1 w^2 0 0 0 1 1 w^2 0 0 0 | 0 0 0 0 0 1 0 0 0 0 0 0 0 0 0 0 w w 0 w w w^2 0 w^2 1 w^2 w 1 w^2 1 w^2 w^2 0 w^2 0 0 w^2 | 0 0 0 0 0 0 1 0 0 0 0 0 0 0 0 0 0 1 0 1 0 w^2 w w^2 0 0 0 0 1 1 w^2 0 w 1 w^2 0 0 | 0 0 0 0 0 0 0 1 0 0 0 0 0 0 0 0 1 w 0 0 0 1 0 1 0 w 1 w 1 0 w w^2 0 1 1 w^2 w^2 | 0 0 0 0 0 0 0 0 1 0 0 0 0 0 0 0 0 w^2 w^2 0 w^2 w 0 1 1 w 1 0 1 0 0 1 1 w^2 1 0 w | 0 0 0 0 0 0 0 0 0 1 0 0 0 0 0 0 1 w^2 w^2 w^2 1 1 w 0 1 1 w^2 1 w w^2 w^2 1 w 0 1 0 1 | 0 0 0 0 0 0 0 0 0 0 1 0 0 0 0 0 0 w^2 1 w^2 w 0 w^2 w^2 1 w w w 1 1 w^2 1 0 w 0 w w | 0 0 0 0 0 0 0 0 0 0 0 1 0 0 0 0 1 0 1 1 w^2 w w 0 w^2 w^2 w^2 w w 0 w 1 w^2 w 1 w^2 1 | 0 0 0 0 0 0 0 0 0 0 0 0 1 0 0 0 0 w^2 1 0 w w 0 w^2 1 1 1 1 w^2 w 0 1 w^2 w 0 0 w | 0 0 0 0 0 0 0 0 0 0 0 0 0 1 0 0 1 1 0 w^2 w w 0 w 0 w w^2 w 0 w w^2 w^2 1 1 0 1 w | 0 0 0 0 0 0 0 0 0 0 0 0 0 0 1 0 1 0 0 w 0 0 1 w 0 1 1 w^2 w 0 0 w^2 w 1 w^2 1 0 | 0 0 0 0 0 0 0 0 0 0 0 0 0 0 0 1 w^2 w 1 0 w^2 1 w^2 w 1 w^2 w^2 w 1 w w w 0 w^2 0 w w^2
199	[[38,21,8;13]]_2	w^2 w^2 w 1 w^2 1 1 w 1 1 w 1 1 w^2 0 w w w^2 0 1 w^2 1 1 1 1 1 w w^2 w^2 w^2 w^2 1 w^2 0 w 0 0	1	1 0 0 0 0 0 0 0 0 0 0 0 0 0 0 w 1 w^2 1 0 0 w w^2 w w w^2 1 0 w^2 0 w^2 0 w^2 0 w w^2 w | 0 1 0 0 0 0 0 0 0 0 0 0 0 0 w w^2 1 w w w^2 0 w^2 0 1 w 0 0 w^2 1 w w^2 0 w 1 w 1 1 | 0 0 1 0 0 0 0 0 0 0 0 0 0 0 w w^2 0 w w 0 w 0 w^2 0 0 0 0 w w 0 w 1 w w 1 w^2 1 | 0 0 0 1 0 0 0 0 0 0 0 0 0 0 w w 1 1 1 0 1 1 0 w w^2 w 1 1 w w^2 1 w 1 w^2 0 0 0 | 0 0 0 0 1 0 0 0 0 0 0 0 0 0 1 0 0 w w^2 w^2 w w w^2 1 w 0 0 w^2 0 w^2 1 w^2 1 w 0 0 1 | 0 0 0 0 0 1 0 0 0 0 0 0 0 0 w 0 0 w^2 w^2 w^2 0 1 0 1 0 0 w w^2 w^2 w^2 0 1 0 0 w^2 1 w^2 | 0 0 0 0 0 0 1 0 0 0 0 0 0 0 1 w^2 w w 0 w^2 0 0 1 w w w 0 1 1 1 0 w^2 1 w w^2 1 1 | 0 0 0 0 0 0 0 1 0 0 0 0 0 0 1 0 1 w^2 0 0 w^2 w w 1 w w 0 0 w 0 w^2 w 0 1 w w^2 1 | 0 0 0 0 0 0 0 0 1 0 0 0 0 0 w^2 1 w w 0 0 w^2 w 1 1 1 1 0 w^2 0 w^2 w 0 1 0 w^2 w w | 0 0 0 0 0 0 0 0 0 1 0 0 0 0 0 1 0 1 0 0 0 1 0 1 w 1 1 w^2 0 w 1 0 w 0 1 0 0 | 0 0 0 0 0 0 0 0 0 0 1 0 0 0 1 w 0 w^2 1 0 1 w^2 0 0 1 1 w 0 0 w 1 1 0 1 1 1 w | 0 0 0 0 0 0 0 0 0 0 0 1 0 0 w^2 w 1 0 w 0 0 0 w w 0 w 0 1 1 0 0 0 0 0 w 1 w | 0 0 0 0 0 0 0 0 0 0 0 0 1 0 1 w w^2 w w^2 w 1 0 0 1 0 w^2 1 w 1 0 w 0 1 0 0 0 w^2 | 0 0 0 0 0 0 0 0 0 0 0 0 0 1 w w^2 w 1 w^2 w^2 w w^2 0 w^2 w w w^2 w^2 w^2 1 w^2 w 0 0 0 1 w^2
200	[[38,22,8;14]]_2	1 1 1 0 w^2 0 0 0 0 w 0 w w^2 w^2 0 1 0 1 0 0 1 w^2 w^2 w^2 w 0 w 0 w 1 0 1 w^2 1 1 w 1	1	1 0 0 0 0 0 0 0 0 0 0 0 0 0 0 w 1 w^2 1 0 0 w w^2 w w w^2 1 0 w^2 0 w^2 0 w^2 0 w w^2 w | 0 1 0 0 0 0 0 0 0 0 0 0 0 0 w w^2 1 w w w^2 0 w^2 0 1 w 0 0 w^2 1 w w^2 0 w 1 w 1 1 | 0 0 1 0 0 0 0 0 0 0 0 0 0 0 w w^2 0 w w 0 w 0 w^2 0 0 0 0 w w 0 w 1 w w 1 w^2 1 | 0 0 0 1 0 0 0 0 0 0 0 0 0 0 w w 1 1 1 0 1 1 0 w w^2 w 1 1 w w^2 1 w 1 w^2 0 0 0 | 0 0 0 0 1 0 0 0 0 0 0 0 0 0 1 0 0 w w^2 w^2 w w w^2 1 w 0 0 w^2 0 w^2 1 w^2 1 w 0 0 1 | 0 0 0 0 0 1 0 0 0 0 0 0 0 0 w 0 0 w^2 w^2 w^2 0 1 0 1 0 0 w w^2 w^2 w^2 0 1 0 0 w^2 1 w^2 | 0 0 0 0 0 0 1 0 0 0 0 0 0 0 1 w^2 w w 0 w^2 0 0 1 w w w 0 1 1 1 0 w^2 1 w w^2 1 1 | 0 0 0 0 0 0 0 1 0 0 0 0 0 0 1 0 1 w^2 0 0 w^2 w w 1 w w 0 0 w 0 w^2 w 0 1 w w^2 1 | 0 0 0 0 0 0 0 0 1 0 0 0 0 0 w^2 1 w w 0 0 w^2 w 1 1 1 1 0 w^2 0 w^2 w 0 1 0 w^2 w w | 0 0 0 0 0 0 0 0 0 1 0 0 0 0 0 1 0 1 0 0 0 1 0 1 w 1 1 w^2 0 w 1 0 w 0 1 0 0 | 0 0 0 0 0 0 0 0 0 0 1 0 0 0 1 w 0 w^2 1 0 1 w^2 0 0 1 1 w 0 0 w 1 1 0 1 1 1 w | 0 0 0 0 0 0 0 0 0 0 0 1 0 0 w^2 w 1 0 w 0 0 0 w w 0 w 0 1 1 0 0 0 0 0 w 1 w | 0 0 0 0 0 0 0 0 0 0 0 0 1 0 1 w w^2 w w^2 w 1 0 0 1 0 w^2 1 w 1 0 w 0 1 0 0 0 w^2 | 0 0 0 0 0 0 0 0 0 0 0 0 0 1 w w^2 w 1 w^2 w^2 w w^2 0 w^2 w w w^2 w^2 w^2 1 w^2 w 0 0 0 1 w^2
201	[[38,23,8;15]]_2	w w^2 w 1 w^2 w 1 1 0 w w w^2 0 0 w^2 1 w 0 0 w 0 1 w^2 w 0 w w 1 w^2 w^2 0 1 0 w 1 w^2 0	1	1 0 0 0 0 0 0 0 0 0 0 0 0 w 0 w w^2 1 1 w^2 w^2 1 1 w w^2 1 0 0 w^2 0 0 0 0 w^2 w^2 1 1 | 0 1 0 0 0 0 0 0 0 0 0 0 0 w^2 0 w 1 w^2 w w 1 w^2 w 1 w 1 1 w^2 1 1 w^2 0 0 w w 1 0 | 0 0 1 0 0 0 0 0 0 0 0 0 0 1 0 0 1 w^2 w 0 0 w^2 w w w^2 0 1 w^2 1 1 0 w 0 0 0 w^2 w | 0 0 0 1 0 0 0 0 0 0 0 0 0 w^2 0 1 0 w^2 w^2 1 w^2 1 w^2 w 1 w^2 w^2 w^2 w^2 w^2 w 1 w 0 1 w^2 w | 0 0 0 0 1 0 0 0 0 0 0 0 0 1 0 1 1 0 w w 0 1 0 1 w w^2 w^2 w^2 w w w w 0 w^2 w 1 w | 0 0 0 0 0 1 0 0 0 0 0 0 0 w^2 0 1 w 0 w w^2 0 w^2 w w^2 0 0 1 1 1 w^2 w^2 w^2 1 w w w^2 w^2 | 0 0 0 0 0 0 1 0 0 0 0 0 0 0 0 w^2 w 1 0 w^2 w w^2 1 0 w^2 w 0 w^2 w^2 1 0 0 1 1 w w^2 0 | 0 0 0 0 0 0 0 1 0 0 0 0 0 0 0 1 w 1 w^2 1 1 1 0 0 w^2 w w w^2 w 1 1 1 w^2 w 1 w 0 | 0 0 0 0 0 0 0 0 1 0 0 0 0 w^2 0 w^2 0 0 w w 1 1 1 w^2 w^2 0 w 0 w^2 w w w 1 1 w 1 1 | 0 0 0 0 0 0 0 0 0 1 0 0 0 1 0 w^2 w 1 1 w w^2 w w^2 0 w^2 0 1 w^2 0 w^2 0 w w^2 w 0 0 0 | 0 0 0 0 0 0 0 0 0 0 1 0 0 0 0 w^2 w w w w 1 w^2 0 w^2 0 0 1 w^2 1 0 0 w 0 w^2 w^2 w^2 1 | 0 0 0 0 0 0 0 0 0 0 0 1 0 1 0 w^2 0 w^2 w^2 w^2 w^2 0 w 1 1 1 w^2 1 w w^2 w^2 0 w^2 w^2 w w^2 0 | 0 0 0 0 0 0 0 0 0 0 0 0 1 w 0 w^2 w w 1 0 w^2 0 0 0 w^2 1 w 1 w^2 w^2 w^2 w^2 w 1 1 0 w^2 | 0 0 0 0 0 0 0 0 0 0 0 0 0 0 1 1 0 w^2 w^2 w^2 1 0 1 0 w^2 0 w^2 0 0 w^2 w^2 0 0 w^2 1 w w^2
202	[[38,25,7;13]]_2	w^2 0 0 1 w 0 w^2 w w^2 1 1 w w 1 1 1 w w w^2 1 0 0 w 1 1 0 w^2 1 w^2 w 0 0 w w 0 w w	1	1 0 0 0 0 0 0 0 0 0 0 w 0 w^2 w w^2 1 1 w w w w w^2 w^2 0 0 w 1 1 0 0 1 w^2 w 1 0 w^2 | 0 1 0 0 0 0 0 0 0 0 0 1 0 1 0 w w^2 w 1 1 w^2 w w^2 w 1 w^2 w^2 w 1 1 w^2 0 1 1 w^2 w^2 w | 0 0 1 0 0 0 0 0 0 0 0 1 0 1 w w w w^2 w^2 w^2 0 w^2 w^2 w 1 w^2 0 0 w^2 1 w 0 0 0 1 w 0 | 0 0 0 1 0 0 0 0 0 0 0 0 0 w^2 w w^2 w 1 0 0 0 1 1 0 1 w 0 0 0 w w^2 1 w^2 w w^2 1 w^2 | 0 0 0 0 1 0 0 0 0 0 0 0 0 0 w 1 1 w^2 0 w 0 w w^2 0 w^2 w w w^2 w^2 1 0 0 1 1 1 w w^2 | 0 0 0 0 0 1 0 0 0 0 0 1 0 w 0 w 0 1 1 0 0 0 1 1 0 0 1 w^2 0 w^2 w w 1 w^2 1 w w | 0 0 0 0 0 0 1 0 0 0 0 w 0 w w^2 w^2 0 0 1 w w^2 w 0 0 w 1 w^2 1 1 w^2 0 1 0 0 w^2 w 0 | 0 0 0 0 0 0 0 1 0 0 0 w 0 w^2 w^2 w w^2 w^2 1 0 1 1 0 1 w^2 w 0 w^2 0 0 0 w^2 0 1 0 w 0 | 0 0 0 0 0 0 0 0 1 0 0 1 0 w^2 w^2 w w^2 w^2 0 w w w^2 0 w w^2 w^2 w 1 1 0 w 0 w w^2 0 0 w | 0 0 0 0 0 0 0 0 0 1 0 w 0 1 1 w^2 w w^2 w^2 w^2 0 0 w^2 1 w^2 w^2 w^2 w w 1 w w^2 w 1 0 0 w^2 | 0 0 0 0 0 0 0 0 0 0 1 1 0 0 0 w w^2 1 1 0 w^2 w 0 1 0 1 0 w 1 0 1 1 w 0 w^2 1 w^2 | 0 0 0 0 0 0 0 0 0 0 0 0 1 0 0 w 0 1 w^2 1 0 w^2 1 w w^2 w^2 0 1 0 1 1 w^2 0 w w 0 1
203	[[38,34,3;4]]_2	w 0 1 w 1 w w^2 0 w w^2 w^2 1 1 w w^2 w w^2 1 w^2 w w^2 0 w w w^2 w^2 w^2 0 1 1 w^2 0 w 1 0 0 w	1	1 0 0 1 w^2 w^2 0 0 1 0 w w w 0 0 1 w^2 w 1 w 0 1 w^2 w w^2 1 w^2 0 1 1 0 1 w 0 1 w^2 w^2 | 0 1 0 w^2 w 0 w^2 w^2 w^2 1 0 w w w w 1 0 1 w 1 w w^2 1 w^2 w^2 0 0 w w 1 0 0 w 1 1 w w | 0 0 1 1 1 0 w^2 1 0 w^2 1 1 w 0 w^2 0 w^2 1 0 1 w 0 w^2 w^2 w w 1 1 1 1 w w w^2 w^2 w w 1
204	[[39,6,22;33]]_2	w w^2 w w w 1 w^2 0 1 w^2 0 w^2 0 w w^2 0 w w^2 w 1 1 w 0 w 1 1 1 0 w^2 1 1 0 w^2 1 0 w 1 1	1	1 0 0 0 0 0 0 0 0 0 0 0 0 0 0 0 0 0 0 0 0 0 0 0 0 0 0 0 0 0 0 1 0 w^2 w 0 w^2 w^2 | 0 1 0 0 0 0 0 0 0 0 0 0 0 0 0 0 0 0 0 0 0 0 0 0 0 0 0 0 0 0 0 w^2 0 w 0 1 0 w^2 | 0 0 1 0 0 0 0 0 0 0 0 0 0 0 0 0 0 0 0 0 0 0 0 0 0 0 0 0 0 0 0 0 0 0 0 w 1 w^2 | 0 0 0 1 0 0 0 0 0 0 0 0 0 0 0 0 0 0 0 0 0 0 0 0 0 0 0 0 0 0 0 1 0 0 0 1 w w | 0 0 0 0 1 0 0 0 0 0 0 0 0 0 0 0 0 0 0 0 0 0 0 0 0 0 0 0 0 0 0 w 0 w 0 1 w^2 1 | 0 0 0 0 0 1 0 0 0 0 0 0 0 0 0 0 0 0 0 0 0 0 0 0 0 0 0 0 0 0 0 w 0 0 0 w^2 w^2 0 | 0 0 0 0 0 0 1 0 0 0 0 0 0 0 0 0 0 0 0 0 0 0 0 0 0 0 0 0 0 0 0 w^2 0 0 w 0 1 w^2 | 0 0 0 0 0 0 0 1 0 0 0 0 0 0 0 0 0 0 0 0 0 0 0 0 0 0 0 0 0 0 0 w^2 0 0 w^2 w w w^2 | 0 0 0 0 0 0 0 0 1 0 0 0 0 0 0 0 0 0 0 0 0 0 0 0 0 0 0 0 0 0 0 w 0 w w^2 0 1 w | 0 0 0 0 0 0 0 0 0 1 0 0 0 0 0 0 0 0 0 0 0 0 0 0 0 0 0 0 0 0 0 w^2 0 w w^2 w w^2 w | 0 0 0 0 0 0 0 0 0 0 1 0 0 0 0 0 0 0 0 0 0 0 0 0 0 0 0 0 0 0 0 0 0 w^2 w^2 w^2 1 0 | 0 0 0 0 0 0 0 0 0 0 0 1 0 0 0 0 0 0 0 0 0 0 0 0 0 0 0 0 0 0 0 w 0 w^2 w 1 1 w^2 | 0 0 0 0 0 0 0 0 0 0 0 0 1 0 0 0 0 0 0 0 0 0 0 0 0 0 0 0 0 0 0 w^2 0 w w^2 w^2 w w | 0 0 0 0 0 0 0 0 0 0 0 0 0 1 0 0 0 0 0 0 0 0 0 0 0 0 0 0 0 0 0 w 0 0 1 1 1 1 | 0 0 0 0 0 0 0 0 0 0 0 0 0 0 1 0 0 0 0 0 0 0 0 0 0 0 0 0 0 0 0 w 0 0 0 1 w w^2 | 0 0 0 0 0 0 0 0 0 0 0 0 0 0 0 1 0 0 0 0 0 0 0 0 0 0 0 0 0 0 0 w 0 1 0 1 w 0 | 0 0 0 0 0 0 0 0 0 0 0 0 0 0 0 0 1 0 0 0 0 0 0 0 0 0 0 0 0 0 0 w^2 0 w^2 w^2 0 0 0 | 0 0 0 0 0 0 0 0 0 0 0 0 0 0 0 0 0 1 0 0 0 0 0 0 0 0 0 0 0 0 0 0 0 0 w w^2 1 1 | 0 0 0 0 0 0 0 0 0 0 0 0 0 0 0 0 0 0 1 0 0 0 0 0 0 0 0 0 0 0 0 w^2 0 1 1 w^2 0 0 | 0 0 0 0 0 0 0 0 0 0 0 0 0 0 0 0 0 0 0 1 0 0 0 0 0 0 0 0 0 0 0 w 0 0 1 w w^2 w^2 | 0 0 0 0 0 0 0 0 0 0 0 0 0 0 0 0 0 0 0 0 1 0 0 0 0 0 0 0 0 0 0 w^2 0 1 1 w 0 1 | 0 0 0 0 0 0 0 0 0 0 0 0 0 0 0 0 0 0 0 0 0 1 0 0 0 0 0 0 0 0 0 w 0 w^2 w w w w^2 | 0 0 0 0 0 0 0 0 0 0 0 0 0 0 0 0 0 0 0 0 0 0 1 0 0 0 0 0 0 0 0 w^2 0 w w 0 w 0 | 0 0 0 0 0 0 0 0 0 0 0 0 0 0 0 0 0 0 0 0 0 0 0 1 0 0 0 0 0 0 0 w^2 0 1 w 0 1 w^2 | 0 0 0 0 0 0 0 0 0 0 0 0 0 0 0 0 0 0 0 0 0 0 0 0 1 0 0 0 0 0 0 w^2 0 w 0 w 0 w | 0 0 0 0 0 0 0 0 0 0 0 0 0 0 0 0 0 0 0 0 0 0 0 0 0 1 0 0 0 0 0 0 0 0 w^2 w 0 0 | 0 0 0 0 0 0 0 0 0 0 0 0 0 0 0 0 0 0 0 0 0 0 0 0 0 0 1 0 0 0 0 1 0 0 w^2 w^2 1 w | 0 0 0 0 0 0 0 0 0 0 0 0 0 0 0 0 0 0 0 0 0 0 0 0 0 0 0 1 0 0 0 0 0 0 0 w 1 0 | 0 0 0 0 0 0 0 0 0 0 0 0 0 0 0 0 0 0 0 0 0 0 0 0 0 0 0 0 1 0 0 w 0 1 1 1 w w | 0 0 0 0 0 0 0 0 0 0 0 0 0 0 0 0 0 0 0 0 0 0 0 0 0 0 0 0 0 1 0 0 0 1 w^2 0 w w | 0 0 0 0 0 0 0 0 0 0 0 0 0 0 0 0 0 0 0 0 0 0 0 0 0 0 0 0 0 0 1 0 0 w w 1 0 0 | 0 0 0 0 0 0 0 0 0 0 0 0 0 0 0 0 0 0 0 0 0 0 0 0 0 0 0 0 0 0 0 0 1 w^2 0 w^2 w^2 0
205	[[39,10,11;11]]_2	1 0 0 w w^2 w^2 w^2 0 1 1 w 0 1 1 0 w w w^2 w 1 w 1 w w^2 1 w w w w^2 1 w w^2 w 1 1 1 0 0	1	1 0 0 0 0 0 0 0 0 0 0 0 0 0 0 0 0 0 0 1 w^2 0 w 0 1 w^2 1 w w w w 0 0 w w 0 w^2 1 | 0 1 0 0 0 0 0 0 0 0 0 0 0 0 0 0 0 0 0 1 1 w^2 0 w 0 1 w^2 1 w w w w 0 0 w w 0 w^2 | 0 0 1 0 0 0 0 0 0 0 0 0 0 0 0 0 0 0 0 w^2 1 1 w^2 0 w 0 1 w^2 1 w w w w 0 0 w w 0 | 0 0 0 1 0 0 0 0 0 0 0 0 0 0 0 0 0 0 0 0 w^2 1 1 w^2 0 w 0 1 w^2 1 w w w w 0 0 w w | 0 0 0 0 1 0 0 0 0 0 0 0 0 0 0 0 0 0 0 w 0 w^2 1 1 w^2 0 w 0 1 w^2 1 w w w w 0 0 w | 0 0 0 0 0 1 0 0 0 0 0 0 0 0 0 0 0 0 0 w w 0 w^2 1 1 w^2 0 w 0 1 w^2 1 w w w w 0 0 | 0 0 0 0 0 0 1 0 0 0 0 0 0 0 0 0 0 0 0 0 w w 0 w^2 1 1 w^2 0 w 0 1 w^2 1 w w w w 0 | 0 0 0 0 0 0 0 1 0 0 0 0 0 0 0 0 0 0 0 0 0 w w 0 w^2 1 1 w^2 0 w 0 1 w^2 1 w w w w | 0 0 0 0 0 0 0 0 1 0 0 0 0 0 0 0 0 0 0 w 0 0 w w 0 w^2 1 1 w^2 0 w 0 1 w^2 1 w w w | 0 0 0 0 0 0 0 0 0 1 0 0 0 0 0 0 0 0 0 w w 0 0 w w 0 w^2 1 1 w^2 0 w 0 1 w^2 1 w w | 0 0 0 0 0 0 0 0 0 0 1 0 0 0 0 0 0 0 0 w w w 0 0 w w 0 w^2 1 1 w^2 0 w 0 1 w^2 1 w | 0 0 0 0 0 0 0 0 0 0 0 1 0 0 0 0 0 0 0 w w w w 0 0 w w 0 w^2 1 1 w^2 0 w 0 1 w^2 1 | 0 0 0 0 0 0 0 0 0 0 0 0 1 0 0 0 0 0 0 1 w w w w 0 0 w w 0 w^2 1 1 w^2 0 w 0 1 w^2 | 0 0 0 0 0 0 0 0 0 0 0 0 0 1 0 0 0 0 0 w^2 1 w w w w 0 0 w w 0 w^2 1 1 w^2 0 w 0 1 | 0 0 0 0 0 0 0 0 0 0 0 0 0 0 1 0 0 0 0 1 w^2 1 w w w w 0 0 w w 0 w^2 1 1 w^2 0 w 0 | 0 0 0 0 0 0 0 0 0 0 0 0 0 0 0 1 0 0 0 0 1 w^2 1 w w w w 0 0 w w 0 w^2 1 1 w^2 0 w | 0 0 0 0 0 0 0 0 0 0 0 0 0 0 0 0 1 0 0 w 0 1 w^2 1 w w w w 0 0 w w 0 w^2 1 1 w^2 0 | 0 0 0 0 0 0 0 0 0 0 0 0 0 0 0 0 0 1 0 0 w 0 1 w^2 1 w w w w 0 0 w w 0 w^2 1 1 w^2 | 0 0 0 0 0 0 0 0 0 0 0 0 0 0 0 0 0 0 1 w^2 0 w 0 1 w^2 1 w w w w 0 0 w w 0 w^2 1 1
206	[[39,12,15;25]]_2	1 1 w^2 1 1 w^2 0 1 1 w^2 w^2 w^2 w 0 w w 1 w^2 1 1 1 w^2 0 w 0 w 1 1 w^2 w w 1 1 w^2 w w^2 w^2 0	1	1 0 0 0 0 0 0 0 0 0 0 0 0 0 0 0 0 0 0 0 0 0 0 0 w 0 0 w 0 w^2 0 w^2 0 0 w 0 w w^2 | 0 1 0 0 0 0 0 0 0 0 0 0 0 0 0 0 0 0 0 0 0 0 0 0 w^2 0 0 0 w^2 w^2 w^2 0 1 w^2 w^2 w w^2 1 | 0 0 1 0 0 0 0 0 0 0 0 0 0 0 0 0 0 0 0 0 0 0 0 0 1 0 w w 0 w 0 0 1 1 0 w w w^2 | 0 0 0 1 0 0 0 0 0 0 0 0 0 0 0 0 0 0 0 0 0 0 0 0 w^2 0 w^2 w^2 1 0 1 w^2 w w^2 w^2 w w^2 1 | 0 0 0 0 1 0 0 0 0 0 0 0 0 0 0 0 0 0 0 0 0 0 0 0 1 0 1 w 0 0 w^2 0 0 1 1 w^2 0 w | 0 0 0 0 0 1 0 0 0 0 0 0 0 0 0 0 0 0 0 0 0 0 0 0 w 0 w w^2 1 w w^2 1 1 w 0 1 w 0 | 0 0 0 0 0 0 1 0 0 0 0 0 0 0 0 0 0 0 0 0 0 0 0 0 w^2 0 w^2 0 0 w w 0 w 1 0 0 w 0 | 0 0 0 0 0 0 0 1 0 0 0 0 0 0 0 0 0 0 0 0 0 0 0 0 1 0 0 0 0 w^2 1 0 1 w^2 w w^2 0 1 | 0 0 0 0 0 0 0 0 1 0 0 0 0 0 0 0 0 0 0 0 0 0 0 0 w^2 0 1 w^2 0 1 w w^2 w 1 w^2 1 1 1 | 0 0 0 0 0 0 0 0 0 1 0 0 0 0 0 0 0 0 0 0 0 0 0 0 w^2 0 1 1 1 0 w 1 w 0 w w^2 1 w^2 | 0 0 0 0 0 0 0 0 0 0 1 0 0 0 0 0 0 0 0 0 0 0 0 0 w 0 w^2 w^2 w 0 w^2 w^2 0 w^2 w 0 0 w | 0 0 0 0 0 0 0 0 0 0 0 1 0 0 0 0 0 0 0 0 0 0 0 0 1 0 1 0 1 w^2 w^2 w^2 w^2 0 1 w w^2 w^2 | 0 0 0 0 0 0 0 0 0 0 0 0 1 0 0 0 0 0 0 0 0 0 0 0 w^2 0 w^2 1 0 w 1 1 w 1 1 w^2 0 w | 0 0 0 0 0 0 0 0 0 0 0 0 0 1 0 0 0 0 0 0 0 0 0 0 w^2 0 w^2 w^2 w w^2 w^2 0 0 1 1 w^2 w w^2 | 0 0 0 0 0 0 0 0 0 0 0 0 0 0 1 0 0 0 0 0 0 0 0 0 0 0 1 w 0 w^2 w 1 1 w 1 w^2 1 w^2 | 0 0 0 0 0 0 0 0 0 0 0 0 0 0 0 1 0 0 0 0 0 0 0 0 w 0 w 1 w 1 0 0 w 1 1 w^2 1 0 | 0 0 0 0 0 0 0 0 0 0 0 0 0 0 0 0 1 0 0 0 0 0 0 0 w 0 w 1 0 0 0 1 0 1 w 0 0 w^2 | 0 0 0 0 0 0 0 0 0 0 0 0 0 0 0 0 0 1 0 0 0 0 0 0 1 0 1 w^2 1 1 w^2 0 w^2 w 0 w^2 1 1 | 0 0 0 0 0 0 0 0 0 0 0 0 0 0 0 0 0 0 1 0 0 0 0 0 w^2 0 1 0 0 1 w 0 w w w w w^2 1 | 0 0 0 0 0 0 0 0 0 0 0 0 0 0 0 0 0 0 0 1 0 0 0 0 1 0 1 1 w^2 w^2 w w^2 0 1 w w^2 1 w | 0 0 0 0 0 0 0 0 0 0 0 0 0 0 0 0 0 0 0 0 1 0 0 0 w^2 0 w w w 0 1 w^2 1 w^2 w^2 1 1 1 | 0 0 0 0 0 0 0 0 0 0 0 0 0 0 0 0 0 0 0 0 0 1 0 0 0 0 0 0 1 w w^2 1 w^2 w^2 w^2 1 0 0 | 0 0 0 0 0 0 0 0 0 0 0 0 0 0 0 0 0 0 0 0 0 0 1 0 0 0 0 w w 1 w w w 1 1 1 0 w^2 | 0 0 0 0 0 0 0 0 0 0 0 0 0 0 0 0 0 0 0 0 0 0 0 1 w 0 1 0 0 0 1 w 0 1 1 0 1 1 | 0 0 0 0 0 0 0 0 0 0 0 0 0 0 0 0 0 0 0 0 0 0 0 0 0 1 1 1 0 w^2 0 1 w^2 0 w 0 1 0
207	[[39,13,9;10]]_2	w 0 w^2 w w 1 1 w w^2 w w 0 1 0 w 0 w^2 0 w 1 0 1 w^2 w 1 1 1 1 0 w^2 w^2 1 1 w^2 0 1 w w	1	1 0 0 0 0 0 0 0 0 0 0 0 0 0 0 0 0 w w^2 w w^2 0 1 1 1 w^2 1 1 1 0 w 0 1 w 0 w w w^2 | 0 1 0 0 0 0 0 0 0 0 0 0 0 0 0 0 0 1 0 w 0 w^2 w^2 w w w^2 0 w w 1 1 w w^2 0 w 1 w^2 0 | 0 0 1 0 0 0 0 0 0 0 0 0 0 0 0 0 0 w w w^2 1 w w^2 1 w w w^2 w^2 0 1 w^2 w^2 1 w^2 1 w w^2 0 | 0 0 0 1 0 0 0 0 0 0 0 0 0 0 0 0 0 w 1 1 0 0 0 0 w^2 w^2 0 w^2 0 w w^2 w w^2 w 0 w 0 0 | 0 0 0 0 1 0 0 0 0 0 0 0 0 0 0 0 0 w^2 w^2 0 0 1 1 0 1 0 w w^2 w^2 w 1 w 1 1 1 w 1 1 | 0 0 0 0 0 1 0 0 0 0 0 0 0 0 0 0 0 w 0 1 w^2 w^2 w 1 w^2 w^2 w^2 0 w^2 w 0 w 0 0 w^2 0 0 w | 0 0 0 0 0 0 1 0 0 0 0 0 0 0 0 0 0 0 w w 1 w^2 w^2 w 1 w^2 w^2 w^2 0 w^2 w 0 w 0 0 w^2 0 0 | 0 0 0 0 0 0 0 1 0 0 0 0 0 0 0 0 0 1 w 0 0 w^2 1 w^2 0 0 1 w w^2 w^2 w 0 1 1 1 w^2 w w | 0 0 0 0 0 0 0 0 1 0 0 0 0 0 0 0 0 w^2 0 1 1 0 1 w^2 1 1 w w^2 0 w^2 0 w w w 1 w 0 w^2 | 0 0 0 0 0 0 0 0 0 1 0 0 0 0 0 0 0 w 0 0 w w^2 0 w^2 w^2 1 1 1 1 w^2 1 w 1 w w^2 1 0 w^2 | 0 0 0 0 0 0 0 0 0 0 1 0 0 0 0 0 0 0 w w^2 0 w w^2 0 w^2 w^2 1 1 1 1 w^2 1 w 1 w w^2 1 0 | 0 0 0 0 0 0 0 0 0 0 0 1 0 0 0 0 0 w w^2 1 0 1 0 0 w w 1 1 w w^2 w^2 w 1 1 w 1 1 w | 0 0 0 0 0 0 0 0 0 0 0 0 1 0 0 0 0 1 0 w^2 w^2 0 w w^2 w^2 0 1 w w w w w^2 1 0 1 w^2 0 w^2 | 0 0 0 0 0 0 0 0 0 0 0 0 0 1 0 0 0 1 w^2 1 1 w 0 w^2 w^2 w^2 0 w^2 w^2 0 w^2 w^2 1 1 w^2 1 w w | 0 0 0 0 0 0 0 0 0 0 0 0 0 0 1 0 0 0 1 1 1 0 1 w 0 1 0 1 1 1 0 w w 0 w w 1 w | 0 0 0 0 0 0 0 0 0 0 0 0 0 0 0 1 0 0 0 w^2 1 w^2 1 w w^2 w^2 0 w w w 1 w 0 0 1 0 w 1 | 0 0 0 0 0 0 0 0 0 0 0 0 0 0 0 0 1 w w^2 w 0 w^2 w^2 w^2 w w^2 w^2 w^2 0 1 0 w^2 1 0 1 1 w 1
208	[[39,17,11;18]]_2	w 1 0 1 w^2 0 0 1 w^2 0 w^2 1 0 1 w^2 w^2 w w 0 1 w w w 1 w^2 w 1 w^2 w^2 0 0 w w w w^2 0 1 w	1	1 0 0 0 0 0 0 0 0 0 0 0 0 0 0 0 0 0 0 w 1 1 w^2 0 1 w^2 w 1 0 1 1 0 w^2 w 0 0 0 0 | 0 1 0 0 0 0 0 0 0 0 0 0 0 0 0 0 0 0 0 0 w 1 1 w^2 0 1 w^2 w 1 0 1 1 0 w^2 w 0 0 0 | 0 0 1 0 0 0 0 0 0 0 0 0 0 0 0 0 0 0 0 0 0 w 1 1 w^2 0 1 w^2 w 1 0 1 1 0 w^2 w 0 0 | 0 0 0 1 0 0 0 0 0 0 0 0 0 0 0 0 0 0 0 0 0 0 w 1 1 w^2 0 1 w^2 w 1 0 1 1 0 w^2 w 0 | 0 0 0 0 1 0 0 0 0 0 0 0 0 0 0 0 0 0 0 0 0 0 0 w 1 1 w^2 0 1 w^2 w 1 0 1 1 0 w^2 w | 0 0 0 0 0 1 0 0 0 0 0 0 0 0 0 0 0 0 0 w 0 0 0 0 w 1 1 w^2 0 1 w^2 w 1 0 1 1 0 w^2 | 0 0 0 0 0 0 1 0 0 0 0 0 0 0 0 0 0 0 0 w^2 w 0 0 0 0 w 1 1 w^2 0 1 w^2 w 1 0 1 1 0 | 0 0 0 0 0 0 0 1 0 0 0 0 0 0 0 0 0 0 0 0 w^2 w 0 0 0 0 w 1 1 w^2 0 1 w^2 w 1 0 1 1 | 0 0 0 0 0 0 0 0 1 0 0 0 0 0 0 0 0 0 0 1 0 w^2 w 0 0 0 0 w 1 1 w^2 0 1 w^2 w 1 0 1 | 0 0 0 0 0 0 0 0 0 1 0 0 0 0 0 0 0 0 0 1 1 0 w^2 w 0 0 0 0 w 1 1 w^2 0 1 w^2 w 1 0 | 0 0 0 0 0 0 0 0 0 0 1 0 0 0 0 0 0 0 0 0 1 1 0 w^2 w 0 0 0 0 w 1 1 w^2 0 1 w^2 w 1 | 0 0 0 0 0 0 0 0 0 0 0 1 0 0 0 0 0 0 0 1 0 1 1 0 w^2 w 0 0 0 0 w 1 1 w^2 0 1 w^2 w | 0 0 0 0 0 0 0 0 0 0 0 0 1 0 0 0 0 0 0 w 1 0 1 1 0 w^2 w 0 0 0 0 w 1 1 w^2 0 1 w^2 | 0 0 0 0 0 0 0 0 0 0 0 0 0 1 0 0 0 0 0 w^2 w 1 0 1 1 0 w^2 w 0 0 0 0 w 1 1 w^2 0 1 | 0 0 0 0 0 0 0 0 0 0 0 0 0 0 1 0 0 0 0 1 w^2 w 1 0 1 1 0 w^2 w 0 0 0 0 w 1 1 w^2 0 | 0 0 0 0 0 0 0 0 0 0 0 0 0 0 0 1 0 0 0 0 1 w^2 w 1 0 1 1 0 w^2 w 0 0 0 0 w 1 1 w^2 | 0 0 0 0 0 0 0 0 0 0 0 0 0 0 0 0 1 0 0 w^2 0 1 w^2 w 1 0 1 1 0 w^2 w 0 0 0 0 w 1 1 | 0 0 0 0 0 0 0 0 0 0 0 0 0 0 0 0 0 1 0 1 w^2 0 1 w^2 w 1 0 1 1 0 w^2 w 0 0 0 0 w 1 | 0 0 0 0 0 0 0 0 0 0 0 0 0 0 0 0 0 0 1 1 1 w^2 0 1 w^2 w 1 0 1 1 0 w^2 w 0 0 0 0 w
209	[[39,18,8;11]]_2	w^2 w 1 1 w w w 0 w w 1 w^2 w 0 w^2 1 w w w^2 w^2 1 1 0 w^2 0 w w^2 w w^2 1 0 w^2 w w^2 w^2 w w 1	1	1 0 0 0 0 0 0 0 0 0 0 0 0 0 0 w w^2 1 1 1 1 w 0 0 1 w^2 1 0 0 w 0 w w^2 1 0 0 0 w^2 | 0 1 0 0 0 0 0 0 0 0 0 0 0 0 0 w^2 w^2 w w^2 w w^2 0 1 w^2 w w 0 1 w w^2 w 1 1 w^2 w^2 w^2 1 w^2 | 0 0 1 0 0 0 0 0 0 0 0 0 0 0 0 0 w^2 0 w 0 w 1 w^2 w w^2 0 w^2 0 w^2 w w^2 0 w^2 w^2 1 0 w w^2 | 0 0 0 1 0 0 0 0 0 0 0 0 0 0 0 0 0 1 0 1 0 w^2 w^2 1 w w w^2 w^2 1 w^2 w w 1 w w w^2 w^2 w^2 | 0 0 0 0 1 0 0 0 0 0 0 0 0 0 0 w^2 1 0 w^2 w^2 w^2 w 1 1 w^2 w w^2 w^2 w w w^2 0 w w w^2 0 0 w^2 | 0 0 0 0 0 1 0 0 0 0 0 0 0 0 0 1 1 w w^2 0 0 w w 1 w 1 1 w^2 w^2 w^2 w w w 1 w w^2 0 w | 0 0 0 0 0 0 1 0 0 0 0 0 0 0 0 0 1 w w 1 0 w 1 1 1 0 0 1 1 w^2 w^2 0 0 0 w^2 1 w w | 0 0 0 0 0 0 0 1 0 0 0 0 0 0 0 w^2 1 w^2 0 0 w^2 w^2 w 1 w^2 0 w 0 1 w w^2 0 1 w 0 w^2 1 w^2 | 0 0 0 0 0 0 0 0 1 0 0 0 0 0 0 1 1 1 0 w^2 w^2 0 0 1 w w^2 w w w 0 w 0 0 0 0 w^2 w 1 | 0 0 0 0 0 0 0 0 0 1 0 0 0 0 0 1 w^2 1 w 1 0 0 w^2 w^2 w w 1 w 0 w^2 0 1 0 1 w w^2 w w | 0 0 0 0 0 0 0 0 0 0 1 0 0 0 0 w^2 0 1 w^2 0 w^2 w^2 0 w^2 1 w^2 0 1 w w^2 w^2 w^2 0 w 1 w w^2 w^2 | 0 0 0 0 0 0 0 0 0 0 0 1 0 0 0 0 w^2 w^2 1 0 0 1 0 w^2 w^2 w^2 w 0 w^2 w w^2 1 1 w 0 w w^2 1 | 0 0 0 0 0 0 0 0 0 0 0 0 1 0 0 w w^2 w w 0 1 w 1 0 w 0 w w 0 1 w 1 w 0 w 0 w 0 | 0 0 0 0 0 0 0 0 0 0 0 0 0 1 0 w^2 w^2 1 0 w w w w 1 w w^2 w w w w^2 1 1 0 0 0 w 0 w^2 | 0 0 0 0 0 0 0 0 0 0 0 0 0 0 1 w 0 w^2 0 w^2 w^2 w^2 w^2 w^2 0 w 0 w 1 0 w^2 0 1 w w^2 1 0 0
210	[[39,22,8;13]]_2	w^2 1 w w 0 0 w 1 w^2 w w w w^2 w^2 0 w^2 1 0 w w 0 0 w w w 1 1 w^2 w^2 0 w^2 1 0 1 w w^2 0 w	1	1 0 0 0 0 0 0 0 0 0 0 0 0 0 1 w 0 w 0 1 w^2 w 0 0 0 w 1 w^2 w^2 w^2 w^2 1 w w^2 w^2 w^2 1 w | 0 1 0 0 0 0 0 0 0 0 0 0 0 0 1 w^2 w 0 1 1 w^2 0 1 w w^2 1 w w 0 w 0 1 1 w 1 w w w | 0 0 1 0 0 0 0 0 0 0 0 0 0 0 0 1 w^2 0 w^2 0 0 w w^2 w^2 1 0 0 w w w w w^2 w^2 w w^2 w^2 w w^2 | 0 0 0 1 0 0 0 0 0 0 0 0 0 0 w w^2 1 w w^2 w^2 0 w 1 1 0 1 w^2 1 w^2 1 w^2 w^2 w 1 w 0 1 0 | 0 0 0 0 1 0 0 0 0 0 0 0 0 0 0 w w^2 0 0 1 0 w^2 0 0 w^2 w w w^2 1 w 1 1 w 0 w w^2 0 w | 0 0 0 0 0 1 0 0 0 0 0 0 0 0 1 w w w^2 w^2 1 w^2 w^2 0 w w^2 w w 1 0 0 1 w^2 1 w w w^2 w w^2 | 0 0 0 0 0 0 1 0 0 0 0 0 0 0 1 w^2 w w^2 w 1 0 w^2 w w^2 w^2 0 1 1 w 0 w^2 1 w w^2 w^2 w w w | 0 0 0 0 0 0 0 1 0 0 0 0 0 0 w^2 0 w^2 1 0 w^2 w 0 0 0 0 1 w w^2 w^2 w w w^2 w w^2 0 w^2 1 w | 0 0 0 0 0 0 0 0 1 0 0 0 0 0 0 w^2 0 w^2 1 w w^2 w 0 0 0 0 1 w w^2 w^2 w w w^2 w w^2 0 w^2 1 | 0 0 0 0 0 0 0 0 0 1 0 0 0 0 0 0 w^2 w 0 w^2 w^2 w 1 w w^2 w^2 1 1 w 1 w^2 1 0 0 w^2 1 0 w | 0 0 0 0 0 0 0 0 0 0 1 0 0 0 0 0 0 w^2 w w w^2 w^2 w 1 w w^2 w^2 1 1 w 1 w^2 1 0 0 w^2 1 0 | 0 0 0 0 0 0 0 0 0 0 0 1 0 0 w w^2 0 w^2 w^2 w w^2 0 w^2 w 1 1 1 w 0 0 w^2 w^2 0 0 1 1 1 w | 0 0 0 0 0 0 0 0 0 0 0 0 1 0 w^2 w^2 w^2 1 w^2 1 0 w 0 w^2 w 0 w w^2 0 w w 0 w w w w^2 w 0 | 0 0 0 0 0 0 0 0 0 0 0 0 0 1 w 0 w^2 w w 0 1 w 1 w 0 w w^2 w^2 w w^2 w^2 w^2 1 0 w 1 1 0
211	[[39,35,3;4]]_2	w^2 1 w^2 0 w w^2 0 0 w^2 w w w 1 w^2 0 1 w 0 w^2 1 1 0 w 1 1 1 1 w 1 1 0 0 w w^2 0 w^2 0 1	1	1 0 0 w^2 w 1 0 0 w w^2 w w^2 1 w 1 1 1 1 0 0 1 0 w w^2 w w w w w^2 1 0 1 0 1 w^2 0 w^2 w^2 | 0 1 0 0 w^2 w 1 0 0 w w^2 w w^2 1 w 1 1 1 1 w^2 0 1 0 w w^2 w w w w w^2 1 0 1 0 1 w^2 0 w^2 | 0 0 1 w^2 w w w^2 w^2 w 1 1 0 w w 0 w 0 1 w 0 w^2 w 0 0 w w w^2 0 w w^2 1 w 1 w 1 w w 1
212	[[40,2,31;38]]_2	0 w w 1 w^2 w^2 1 1 w w w 0 w w 1 w 1 1 1 1 0 w 0 0 1 w 0 w 1 w w 1 w 1 0 w w^2 w 1	1	1 0 0 0 0 0 0 0 0 0 0 0 0 0 0 0 0 0 0 0 0 0 0 0 0 0 0 0 0 0 0 0 0 0 0 0 0 w^2 w | 0 1 0 0 0 0 0 0 0 0 0 0 0 0 0 0 0 0 0 0 0 0 0 0 0 0 0 0 0 0 0 0 0 0 0 0 0 1 0 | 0 0 1 0 0 0 0 0 0 0 0 0 0 0 0 0 0 0 0 0 0 0 0 0 0 0 0 0 0 0 0 0 0 0 0 0 0 w^2 1 | 0 0 0 1 0 0 0 0 0 0 0 0 0 0 0 0 0 0 0 0 0 0 0 0 0 0 0 0 0 0 0 0 0 0 0 0 0 w 0 | 0 0 0 0 1 0 0 0 0 0 0 0 0 0 0 0 0 0 0 0 0 0 0 0 0 0 0 0 0 0 0 0 0 0 0 0 0 w w^2 | 0 0 0 0 0 1 0 0 0 0 0 0 0 0 0 0 0 0 0 0 0 0 0 0 0 0 0 0 0 0 0 0 0 0 0 0 0 w w^2 | 0 0 0 0 0 0 1 0 0 0 0 0 0 0 0 0 0 0 0 0 0 0 0 0 0 0 0 0 0 0 0 0 0 0 0 0 0 0 1 | 0 0 0 0 0 0 0 1 0 0 0 0 0 0 0 0 0 0 0 0 0 0 0 0 0 0 0 0 0 0 0 0 0 0 0 0 0 w^2 w^2 | 0 0 0 0 0 0 0 0 1 0 0 0 0 0 0 0 0 0 0 0 0 0 0 0 0 0 0 0 0 0 0 0 0 0 0 0 0 w w | 0 0 0 0 0 0 0 0 0 1 0 0 0 0 0 0 0 0 0 0 0 0 0 0 0 0 0 0 0 0 0 0 0 0 0 0 0 w w | 0 0 0 0 0 0 0 0 0 0 1 0 0 0 0 0 0 0 0 0 0 0 0 0 0 0 0 0 0 0 0 0 0 0 0 0 0 1 0 | 0 0 0 0 0 0 0 0 0 0 0 1 0 0 0 0 0 0 0 0 0 0 0 0 0 0 0 0 0 0 0 0 0 0 0 0 0 w 1 | 0 0 0 0 0 0 0 0 0 0 0 0 1 0 0 0 0 0 0 0 0 0 0 0 0 0 0 0 0 0 0 0 0 0 0 0 0 0 w^2 | 0 0 0 0 0 0 0 0 0 0 0 0 0 1 0 0 0 0 0 0 0 0 0 0 0 0 0 0 0 0 0 0 0 0 0 0 0 w w | 0 0 0 0 0 0 0 0 0 0 0 0 0 0 1 0 0 0 0 0 0 0 0 0 0 0 0 0 0 0 0 0 0 0 0 0 0 w 0 | 0 0 0 0 0 0 0 0 0 0 0 0 0 0 0 1 0 0 0 0 0 0 0 0 0 0 0 0 0 0 0 0 0 0 0 0 0 w w | 0 0 0 0 0 0 0 0 0 0 0 0 0 0 0 0 1 0 0 0 0 0 0 0 0 0 0 0 0 0 0 0 0 0 0 0 0 w 0 | 0 0 0 0 0 0 0 0 0 0 0 0 0 0 0 0 0 1 0 0 0 0 0 0 0 0 0 0 0 0 0 0 0 0 0 0 0 w^2 w^2 | 0 0 0 0 0 0 0 0 0 0 0 0 0 0 0 0 0 0 1 0 0 0 0 0 0 0 0 0 0 0 0 0 0 0 0 0 0 1 w | 0 0 0 0 0 0 0 0 0 0 0 0 0 0 0 0 0 0 0 1 0 0 0 0 0 0 0 0 0 0 0 0 0 0 0 0 0 w^2 w^2 | 0 0 0 0 0 0 0 0 0 0 0 0 0 0 0 0 0 0 0 0 1 0 0 0 0 0 0 0 0 0 0 0 0 0 0 0 0 w 1 | 0 0 0 0 0 0 0 0 0 0 0 0 0 0 0 0 0 0 0 0 0 1 0 0 0 0 0 0 0 0 0 0 0 0 0 0 0 0 w^2 | 0 0 0 0 0 0 0 0 0 0 0 0 0 0 0 0 0 0 0 0 0 0 1 0 0 0 0 0 0 0 0 0 0 0 0 0 0 w^2 w | 0 0 0 0 0 0 0 0 0 0 0 0 0 0 0 0 0 0 0 0 0 0 0 1 0 0 0 0 0 0 0 0 0 0 0 0 0 w 1 | 0 0 0 0 0 0 0 0 0 0 0 0 0 0 0 0 0 0 0 0 0 0 0 0 1 0 0 0 0 0 0 0 0 0 0 0 0 1 w | 0 0 0 0 0 0 0 0 0 0 0 0 0 0 0 0 0 0 0 0 0 0 0 0 0 1 0 0 0 0 0 0 0 0 0 0 0 w^2 1 | 0 0 0 0 0 0 0 0 0 0 0 0 0 0 0 0 0 0 0 0 0 0 0 0 0 0 1 0 0 0 0 0 0 0 0 0 0 1 w^2 | 0 0 0 0 0 0 0 0 0 0 0 0 0 0 0 0 0 0 0 0 0 0 0 0 0 0 0 1 0 0 0 0 0 0 0 0 0 0 w^2 | 0 0 0 0 0 0 0 0 0 0 0 0 0 0 0 0 0 0 0 0 0 0 0 0 0 0 0 0 1 0 0 0 0 0 0 0 0 w^2 w^2 | 0 0 0 0 0 0 0 0 0 0 0 0 0 0 0 0 0 0 0 0 0 0 0 0 0 0 0 0 0 1 0 0 0 0 0 0 0 w^2 1 | 0 0 0 0 0 0 0 0 0 0 0 0 0 0 0 0 0 0 0 0 0 0 0 0 0 0 0 0 0 0 1 0 0 0 0 0 0 0 w^2 | 0 0 0 0 0 0 0 0 0 0 0 0 0 0 0 0 0 0 0 0 0 0 0 0 0 0 0 0 0 0 0 1 0 0 0 0 0 w 0 | 0 0 0 0 0 0 0 0 0 0 0 0 0 0 0 0 0 0 0 0 0 0 0 0 0 0 0 0 0 0 0 0 1 0 0 0 0 w^2 1 | 0 0 0 0 0 0 0 0 0 0 0 0 0 0 0 0 0 0 0 0 0 0 0 0 0 0 0 0 0 0 0 0 0 1 0 0 0 w 0 | 0 0 0 0 0 0 0 0 0 0 0 0 0 0 0 0 0 0 0 0 0 0 0 0 0 0 0 0 0 0 0 0 0 0 1 0 0 w 1 | 0 0 0 0 0 0 0 0 0 0 0 0 0 0 0 0 0 0 0 0 0 0 0 0 0 0 0 0 0 0 0 0 0 0 0 1 0 1 0 | 0 0 0 0 0 0 0 0 0 0 0 0 0 0 0 0 0 0 0 0 0 0 0 0 0 0 0 0 0 0 0 0 0 0 0 0 1 w w^2
213	[[40,4,26;36]]_2	w^2 1 0 0 w w^2 w w^2 1 w^2 1 1 w^2 0 1 0 0 w 0 w w w^2 w^2 w w w w^2 w w^2 w 1 w w 1 w^2 0 w w^2 w^2	1	1 0 0 0 0 0 0 0 0 0 0 0 0 0 0 0 0 0 0 0 0 0 0 0 0 0 0 0 0 0 0 0 0 0 w^2 0 w^2 w^2 0 | 0 1 0 0 0 0 0 0 0 0 0 0 0 0 0 0 0 0 0 0 0 0 0 0 0 0 0 0 0 0 0 0 0 0 1 0 w^2 w^2 0 | 0 0 1 0 0 0 0 0 0 0 0 0 0 0 0 0 0 0 0 0 0 0 0 0 0 0 0 0 0 0 0 0 0 0 w^2 0 w^2 w^2 1 | 0 0 0 1 0 0 0 0 0 0 0 0 0 0 0 0 0 0 0 0 0 0 0 0 0 0 0 0 0 0 0 0 0 0 1 0 w^2 w w | 0 0 0 0 1 0 0 0 0 0 0 0 0 0 0 0 0 0 0 0 0 0 0 0 0 0 0 0 0 0 0 0 0 0 w^2 0 0 1 0 | 0 0 0 0 0 1 0 0 0 0 0 0 0 0 0 0 0 0 0 0 0 0 0 0 0 0 0 0 0 0 0 0 0 0 w^2 0 w 0 1 | 0 0 0 0 0 0 1 0 0 0 0 0 0 0 0 0 0 0 0 0 0 0 0 0 0 0 0 0 0 0 0 0 0 0 1 0 w^2 1 w^2 | 0 0 0 0 0 0 0 1 0 0 0 0 0 0 0 0 0 0 0 0 0 0 0 0 0 0 0 0 0 0 0 0 0 0 1 0 w 0 w^2 | 0 0 0 0 0 0 0 0 1 0 0 0 0 0 0 0 0 0 0 0 0 0 0 0 0 0 0 0 0 0 0 0 0 0 1 0 w 0 1 | 0 0 0 0 0 0 0 0 0 1 0 0 0 0 0 0 0 0 0 0 0 0 0 0 0 0 0 0 0 0 0 0 0 0 w 0 0 0 w^2 | 0 0 0 0 0 0 0 0 0 0 1 0 0 0 0 0 0 0 0 0 0 0 0 0 0 0 0 0 0 0 0 0 0 0 w^2 0 0 w^2 w^2 | 0 0 0 0 0 0 0 0 0 0 0 1 0 0 0 0 0 0 0 0 0 0 0 0 0 0 0 0 0 0 0 0 0 0 1 0 1 w^2 w^2 | 0 0 0 0 0 0 0 0 0 0 0 0 1 0 0 0 0 0 0 0 0 0 0 0 0 0 0 0 0 0 0 0 0 0 1 0 w^2 1 0 | 0 0 0 0 0 0 0 0 0 0 0 0 0 1 0 0 0 0 0 0 0 0 0 0 0 0 0 0 0 0 0 0 0 0 0 0 w w 1 | 0 0 0 0 0 0 0 0 0 0 0 0 0 0 1 0 0 0 0 0 0 0 0 0 0 0 0 0 0 0 0 0 0 0 w^2 0 w^2 w w^2 | 0 0 0 0 0 0 0 0 0 0 0 0 0 0 0 1 0 0 0 0 0 0 0 0 0 0 0 0 0 0 0 0 0 0 0 0 1 w 0 | 0 0 0 0 0 0 0 0 0 0 0 0 0 0 0 0 1 0 0 0 0 0 0 0 0 0 0 0 0 0 0 0 0 0 w 0 w 0 1 | 0 0 0 0 0 0 0 0 0 0 0 0 0 0 0 0 0 1 0 0 0 0 0 0 0 0 0 0 0 0 0 0 0 0 1 0 1 0 1 | 0 0 0 0 0 0 0 0 0 0 0 0 0 0 0 0 0 0 1 0 0 0 0 0 0 0 0 0 0 0 0 0 0 0 1 0 w w 0 | 0 0 0 0 0 0 0 0 0 0 0 0 0 0 0 0 0 0 0 1 0 0 0 0 0 0 0 0 0 0 0 0 0 0 w^2 0 0 1 0 | 0 0 0 0 0 0 0 0 0 0 0 0 0 0 0 0 0 0 0 0 1 0 0 0 0 0 0 0 0 0 0 0 0 0 w 0 w^2 1 0 | 0 0 0 0 0 0 0 0 0 0 0 0 0 0 0 0 0 0 0 0 0 1 0 0 0 0 0 0 0 0 0 0 0 0 w 0 1 0 1 | 0 0 0 0 0 0 0 0 0 0 0 0 0 0 0 0 0 0 0 0 0 0 1 0 0 0 0 0 0 0 0 0 0 0 w^2 0 w 0 1 | 0 0 0 0 0 0 0 0 0 0 0 0 0 0 0 0 0 0 0 0 0 0 0 1 0 0 0 0 0 0 0 0 0 0 1 0 w 0 0 | 0 0 0 0 0 0 0 0 0 0 0 0 0 0 0 0 0 0 0 0 0 0 0 0 1 0 0 0 0 0 0 0 0 0 w^2 0 w 1 w^2 | 0 0 0 0 0 0 0 0 0 0 0 0 0 0 0 0 0 0 0 0 0 0 0 0 0 1 0 0 0 0 0 0 0 0 0 0 1 w^2 w^2 | 0 0 0 0 0 0 0 0 0 0 0 0 0 0 0 0 0 0 0 0 0 0 0 0 0 0 1 0 0 0 0 0 0 0 0 0 1 1 w | 0 0 0 0 0 0 0 0 0 0 0 0 0 0 0 0 0 0 0 0 0 0 0 0 0 0 0 1 0 0 0 0 0 0 w^2 0 w 1 w^2 | 0 0 0 0 0 0 0 0 0 0 0 0 0 0 0 0 0 0 0 0 0 0 0 0 0 0 0 0 1 0 0 0 0 0 0 0 w w 0 | 0 0 0 0 0 0 0 0 0 0 0 0 0 0 0 0 0 0 0 0 0 0 0 0 0 0 0 0 0 1 0 0 0 0 1 0 1 w^2 w | 0 0 0 0 0 0 0 0 0 0 0 0 0 0 0 0 0 0 0 0 0 0 0 0 0 0 0 0 0 0 1 0 0 0 1 0 0 w^2 1 | 0 0 0 0 0 0 0 0 0 0 0 0 0 0 0 0 0 0 0 0 0 0 0 0 0 0 0 0 0 0 0 1 0 0 0 0 w^2 1 w | 0 0 0 0 0 0 0 0 0 0 0 0 0 0 0 0 0 0 0 0 0 0 0 0 0 0 0 0 0 0 0 0 1 0 w^2 0 w^2 w^2 w^2 | 0 0 0 0 0 0 0 0 0 0 0 0 0 0 0 0 0 0 0 0 0 0 0 0 0 0 0 0 0 0 0 0 0 1 0 0 1 w w^2 | 0 0 0 0 0 0 0 0 0 0 0 0 0 0 0 0 0 0 0 0 0 0 0 0 0 0 0 0 0 0 0 0 0 0 0 1 1 0 w
214	[[40,5,24;35]]_2	w^2 1 0 w^2 0 w^2 1 w^2 w w^2 w 1 0 w w^2 1 0 w w^2 w 0 w 1 w^2 w^2 1 w^2 w^2 0 w 1 0 w 1 1 w w w 1	1	1 0 0 0 0 0 0 0 0 0 0 0 0 0 0 0 0 0 0 0 0 0 0 0 0 0 0 0 0 0 0 0 0 w^2 0 w w^2 w w^2 | 0 1 0 0 0 0 0 0 0 0 0 0 0 0 0 0 0 0 0 0 0 0 0 0 0 0 0 0 0 0 0 0 0 1 0 1 0 0 w^2 | 0 0 1 0 0 0 0 0 0 0 0 0 0 0 0 0 0 0 0 0 0 0 0 0 0 0 0 0 0 0 0 0 0 w 0 w^2 0 1 w^2 | 0 0 0 1 0 0 0 0 0 0 0 0 0 0 0 0 0 0 0 0 0 0 0 0 0 0 0 0 0 0 0 0 0 0 0 0 w w^2 1 | 0 0 0 0 1 0 0 0 0 0 0 0 0 0 0 0 0 0 0 0 0 0 0 0 0 0 0 0 0 0 0 0 0 w 0 0 0 w^2 0 | 0 0 0 0 0 1 0 0 0 0 0 0 0 0 0 0 0 0 0 0 0 0 0 0 0 0 0 0 0 0 0 0 0 w 0 0 w w^2 w^2 | 0 0 0 0 0 0 1 0 0 0 0 0 0 0 0 0 0 0 0 0 0 0 0 0 0 0 0 0 0 0 0 0 0 0 0 w 1 w^2 1 | 0 0 0 0 0 0 0 1 0 0 0 0 0 0 0 0 0 0 0 0 0 0 0 0 0 0 0 0 0 0 0 0 0 0 0 w^2 w^2 w w^2 | 0 0 0 0 0 0 0 0 1 0 0 0 0 0 0 0 0 0 0 0 0 0 0 0 0 0 0 0 0 0 0 0 0 1 0 0 0 1 1 | 0 0 0 0 0 0 0 0 0 1 0 0 0 0 0 0 0 0 0 0 0 0 0 0 0 0 0 0 0 0 0 0 0 w 0 w^2 0 1 1 | 0 0 0 0 0 0 0 0 0 0 1 0 0 0 0 0 0 0 0 0 0 0 0 0 0 0 0 0 0 0 0 0 0 w 0 w w 1 w | 0 0 0 0 0 0 0 0 0 0 0 1 0 0 0 0 0 0 0 0 0 0 0 0 0 0 0 0 0 0 0 0 0 0 0 0 0 w^2 w^2 | 0 0 0 0 0 0 0 0 0 0 0 0 1 0 0 0 0 0 0 0 0 0 0 0 0 0 0 0 0 0 0 0 0 w 0 w^2 w^2 w^2 0 | 0 0 0 0 0 0 0 0 0 0 0 0 0 1 0 0 0 0 0 0 0 0 0 0 0 0 0 0 0 0 0 0 0 w^2 0 w 0 w 0 | 0 0 0 0 0 0 0 0 0 0 0 0 0 0 1 0 0 0 0 0 0 0 0 0 0 0 0 0 0 0 0 0 0 w^2 0 w w^2 1 1 | 0 0 0 0 0 0 0 0 0 0 0 0 0 0 0 1 0 0 0 0 0 0 0 0 0 0 0 0 0 0 0 0 0 1 0 1 w^2 1 w | 0 0 0 0 0 0 0 0 0 0 0 0 0 0 0 0 1 0 0 0 0 0 0 0 0 0 0 0 0 0 0 0 0 1 0 w 1 w^2 1 | 0 0 0 0 0 0 0 0 0 0 0 0 0 0 0 0 0 1 0 0 0 0 0 0 0 0 0 0 0 0 0 0 0 0 0 w w 1 0 | 0 0 0 0 0 0 0 0 0 0 0 0 0 0 0 0 0 0 1 0 0 0 0 0 0 0 0 0 0 0 0 0 0 w^2 0 1 w w^2 1 | 0 0 0 0 0 0 0 0 0 0 0 0 0 0 0 0 0 0 0 1 0 0 0 0 0 0 0 0 0 0 0 0 0 w 0 w^2 1 0 0 | 0 0 0 0 0 0 0 0 0 0 0 0 0 0 0 0 0 0 0 0 1 0 0 0 0 0 0 0 0 0 0 0 0 1 0 w w 0 1 | 0 0 0 0 0 0 0 0 0 0 0 0 0 0 0 0 0 0 0 0 0 1 0 0 0 0 0 0 0 0 0 0 0 w 0 w^2 w 0 w | 0 0 0 0 0 0 0 0 0 0 0 0 0 0 0 0 0 0 0 0 0 0 1 0 0 0 0 0 0 0 0 0 0 0 0 1 w 1 0 | 0 0 0 0 0 0 0 0 0 0 0 0 0 0 0 0 0 0 0 0 0 0 0 1 0 0 0 0 0 0 0 0 0 1 0 w^2 0 0 1 | 0 0 0 0 0 0 0 0 0 0 0 0 0 0 0 0 0 0 0 0 0 0 0 0 1 0 0 0 0 0 0 0 0 0 0 0 1 w 0 | 0 0 0 0 0 0 0 0 0 0 0 0 0 0 0 0 0 0 0 0 0 0 0 0 0 1 0 0 0 0 0 0 0 w^2 0 w 1 w^2 w | 0 0 0 0 0 0 0 0 0 0 0 0 0 0 0 0 0 0 0 0 0 0 0 0 0 0 1 0 0 0 0 0 0 0 0 0 w w w | 0 0 0 0 0 0 0 0 0 0 0 0 0 0 0 0 0 0 0 0 0 0 0 0 0 0 0 1 0 0 0 0 0 w 0 w 0 w^2 w^2 | 0 0 0 0 0 0 0 0 0 0 0 0 0 0 0 0 0 0 0 0 0 0 0 0 0 0 0 0 1 0 0 0 0 w 0 1 w^2 1 0 | 0 0 0 0 0 0 0 0 0 0 0 0 0 0 0 0 0 0 0 0 0 0 0 0 0 0 0 0 0 1 0 0 0 w 0 1 0 w^2 0 | 0 0 0 0 0 0 0 0 0 0 0 0 0 0 0 0 0 0 0 0 0 0 0 0 0 0 0 0 0 0 1 0 0 w 0 0 0 w^2 1 | 0 0 0 0 0 0 0 0 0 0 0 0 0 0 0 0 0 0 0 0 0 0 0 0 0 0 0 0 0 0 0 1 0 w^2 0 w^2 1 w w^2 | 0 0 0 0 0 0 0 0 0 0 0 0 0 0 0 0 0 0 0 0 0 0 0 0 0 0 0 0 0 0 0 0 1 1 0 w^2 w^2 w w^2 | 0 0 0 0 0 0 0 0 0 0 0 0 0 0 0 0 0 0 0 0 0 0 0 0 0 0 0 0 0 0 0 0 0 0 1 w w^2 0 w
215	[[40,6,22;32]]_2	0 w^2 0 w w w w^2 w w w^2 1 w^2 w w 1 w^2 1 0 1 w^2 0 0 0 w 1 w w^2 0 w 1 0 w w 0 1 w^2 w 1 0	1	1 0 0 0 0 0 0 0 0 0 0 0 0 0 0 0 0 0 0 0 0 0 0 0 0 0 0 0 0 0 0 w^2 0 1 w 1 0 w w | 0 1 0 0 0 0 0 0 0 0 0 0 0 0 0 0 0 0 0 0 0 0 0 0 0 0 0 0 0 0 0 w 0 w w w^2 0 0 w^2 | 0 0 1 0 0 0 0 0 0 0 0 0 0 0 0 0 0 0 0 0 0 0 0 0 0 0 0 0 0 0 0 1 0 w^2 1 w^2 w^2 1 0 | 0 0 0 1 0 0 0 0 0 0 0 0 0 0 0 0 0 0 0 0 0 0 0 0 0 0 0 0 0 0 0 1 0 w w^2 w^2 w^2 0 w | 0 0 0 0 1 0 0 0 0 0 0 0 0 0 0 0 0 0 0 0 0 0 0 0 0 0 0 0 0 0 0 w^2 0 w^2 w^2 w^2 0 w^2 1 | 0 0 0 0 0 1 0 0 0 0 0 0 0 0 0 0 0 0 0 0 0 0 0 0 0 0 0 0 0 0 0 w^2 0 1 w^2 0 w w^2 0 | 0 0 0 0 0 0 1 0 0 0 0 0 0 0 0 0 0 0 0 0 0 0 0 0 0 0 0 0 0 0 0 1 0 0 w w^2 1 1 1 | 0 0 0 0 0 0 0 1 0 0 0 0 0 0 0 0 0 0 0 0 0 0 0 0 0 0 0 0 0 0 0 0 0 1 0 w w 1 0 | 0 0 0 0 0 0 0 0 1 0 0 0 0 0 0 0 0 0 0 0 0 0 0 0 0 0 0 0 0 0 0 w 0 0 w 1 0 w w | 0 0 0 0 0 0 0 0 0 1 0 0 0 0 0 0 0 0 0 0 0 0 0 0 0 0 0 0 0 0 0 w^2 0 1 1 1 w^2 1 w | 0 0 0 0 0 0 0 0 0 0 1 0 0 0 0 0 0 0 0 0 0 0 0 0 0 0 0 0 0 0 0 w^2 0 w 1 w 1 w 1 | 0 0 0 0 0 0 0 0 0 0 0 1 0 0 0 0 0 0 0 0 0 0 0 0 0 0 0 0 0 0 0 w^2 0 w^2 0 w 1 0 w^2 | 0 0 0 0 0 0 0 0 0 0 0 0 1 0 0 0 0 0 0 0 0 0 0 0 0 0 0 0 0 0 0 w 0 0 w^2 w^2 w 1 w^2 | 0 0 0 0 0 0 0 0 0 0 0 0 0 1 0 0 0 0 0 0 0 0 0 0 0 0 0 0 0 0 0 w 0 1 1 w 0 0 1 | 0 0 0 0 0 0 0 0 0 0 0 0 0 0 1 0 0 0 0 0 0 0 0 0 0 0 0 0 0 0 0 w 0 w^2 w 1 w^2 w 1 | 0 0 0 0 0 0 0 0 0 0 0 0 0 0 0 1 0 0 0 0 0 0 0 0 0 0 0 0 0 0 0 w 0 w^2 1 1 1 w^2 0 | 0 0 0 0 0 0 0 0 0 0 0 0 0 0 0 0 1 0 0 0 0 0 0 0 0 0 0 0 0 0 0 0 0 w^2 0 w 1 1 w^2 | 0 0 0 0 0 0 0 0 0 0 0 0 0 0 0 0 0 1 0 0 0 0 0 0 0 0 0 0 0 0 0 0 0 1 w^2 0 0 w^2 w^2 | 0 0 0 0 0 0 0 0 0 0 0 0 0 0 0 0 0 0 1 0 0 0 0 0 0 0 0 0 0 0 0 0 0 0 w w w 1 0 | 0 0 0 0 0 0 0 0 0 0 0 0 0 0 0 0 0 0 0 1 0 0 0 0 0 0 0 0 0 0 0 w 0 0 1 1 1 w^2 1 | 0 0 0 0 0 0 0 0 0 0 0 0 0 0 0 0 0 0 0 0 1 0 0 0 0 0 0 0 0 0 0 1 0 w w 1 w^2 1 1 | 0 0 0 0 0 0 0 0 0 0 0 0 0 0 0 0 0 0 0 0 0 1 0 0 0 0 0 0 0 0 0 1 0 w w w w^2 0 0 | 0 0 0 0 0 0 0 0 0 0 0 0 0 0 0 0 0 0 0 0 0 0 1 0 0 0 0 0 0 0 0 1 0 1 0 0 w w w^2 | 0 0 0 0 0 0 0 0 0 0 0 0 0 0 0 0 0 0 0 0 0 0 0 1 0 0 0 0 0 0 0 w^2 0 1 1 1 1 1 w^2 | 0 0 0 0 0 0 0 0 0 0 0 0 0 0 0 0 0 0 0 0 0 0 0 0 1 0 0 0 0 0 0 0 0 w^2 1 0 0 0 1 | 0 0 0 0 0 0 0 0 0 0 0 0 0 0 0 0 0 0 0 0 0 0 0 0 0 1 0 0 0 0 0 0 0 w w^2 1 1 1 1 | 0 0 0 0 0 0 0 0 0 0 0 0 0 0 0 0 0 0 0 0 0 0 0 0 0 0 1 0 0 0 0 0 0 w w 1 0 w w^2 | 0 0 0 0 0 0 0 0 0 0 0 0 0 0 0 0 0 0 0 0 0 0 0 0 0 0 0 1 0 0 0 w^2 0 w^2 0 0 w w^2 1 | 0 0 0 0 0 0 0 0 0 0 0 0 0 0 0 0 0 0 0 0 0 0 0 0 0 0 0 0 1 0 0 w^2 0 w 0 0 1 w w^2 | 0 0 0 0 0 0 0 0 0 0 0 0 0 0 0 0 0 0 0 0 0 0 0 0 0 0 0 0 0 1 0 1 0 1 0 w^2 w^2 1 w | 0 0 0 0 0 0 0 0 0 0 0 0 0 0 0 0 0 0 0 0 0 0 0 0 0 0 0 0 0 0 1 1 0 w w w^2 w 1 0 | 0 0 0 0 0 0 0 0 0 0 0 0 0 0 0 0 0 0 0 0 0 0 0 0 0 0 0 0 0 0 0 0 1 w w^2 w 0 w^2 w
216	[[40,12,15;24]]_2	w^2 w 0 w^2 w^2 w^2 0 w w 1 0 0 w 1 0 w w w^2 0 1 0 w^2 1 1 w^2 0 1 w^2 w^2 w 1 w^2 1 w^2 w w^2 1 w w^2	1	1 0 0 0 0 0 0 0 0 0 0 0 0 0 0 0 0 0 0 0 0 0 0 0 w^2 w^2 0 0 w^2 0 0 1 0 w w^2 0 1 1 w | 0 1 0 0 0 0 0 0 0 0 0 0 0 0 0 0 0 0 0 0 0 0 0 0 w^2 1 w^2 0 0 0 w 0 w 0 0 0 w^2 w^2 0 | 0 0 1 0 0 0 0 0 0 0 0 0 0 0 0 0 0 0 0 0 0 0 0 0 w^2 1 w 0 w^2 w 1 w^2 0 w^2 0 0 1 w^2 w^2 | 0 0 0 1 0 0 0 0 0 0 0 0 0 0 0 0 0 0 0 0 0 0 0 0 0 1 w 0 1 1 w^2 1 w 1 0 1 w^2 1 1 | 0 0 0 0 1 0 0 0 0 0 0 0 0 0 0 0 0 0 0 0 0 0 0 0 0 1 w 0 1 1 w 1 1 w w 0 1 0 w | 0 0 0 0 0 1 0 0 0 0 0 0 0 0 0 0 0 0 0 0 0 0 0 0 w^2 0 0 0 1 0 1 1 0 w^2 w 0 1 1 0 | 0 0 0 0 0 0 1 0 0 0 0 0 0 0 0 0 0 0 0 0 0 0 0 0 w^2 1 1 0 1 w w w^2 1 0 0 w^2 1 1 1 | 0 0 0 0 0 0 0 1 0 0 0 0 0 0 0 0 0 0 0 0 0 0 0 0 1 w^2 w 0 0 0 w^2 0 1 1 w w 1 1 w | 0 0 0 0 0 0 0 0 1 0 0 0 0 0 0 0 0 0 0 0 0 0 0 0 1 w 0 0 w^2 w w w 0 0 w 1 w 0 w^2 | 0 0 0 0 0 0 0 0 0 1 0 0 0 0 0 0 0 0 0 0 0 0 0 0 1 w 1 0 w^2 0 1 0 w 0 0 w w^2 w^2 1 | 0 0 0 0 0 0 0 0 0 0 1 0 0 0 0 0 0 0 0 0 0 0 0 0 w 0 w^2 0 w w^2 w^2 w^2 w^2 w^2 w w^2 w^2 w w | 0 0 0 0 0 0 0 0 0 0 0 1 0 0 0 0 0 0 0 0 0 0 0 0 w 0 1 0 1 w^2 w^2 1 w^2 0 w 1 w^2 1 w | 0 0 0 0 0 0 0 0 0 0 0 0 1 0 0 0 0 0 0 0 0 0 0 0 w w^2 w^2 0 0 w^2 w w^2 0 w 1 w 1 w^2 1 | 0 0 0 0 0 0 0 0 0 0 0 0 0 1 0 0 0 0 0 0 0 0 0 0 1 w w 0 0 w^2 w^2 w w^2 w^2 0 0 0 0 w^2 | 0 0 0 0 0 0 0 0 0 0 0 0 0 0 1 0 0 0 0 0 0 0 0 0 1 w w^2 0 w^2 w w^2 0 1 w 0 w w w^2 w | 0 0 0 0 0 0 0 0 0 0 0 0 0 0 0 1 0 0 0 0 0 0 0 0 1 1 1 0 0 w^2 w 1 w w w^2 1 w w 0 | 0 0 0 0 0 0 0 0 0 0 0 0 0 0 0 0 1 0 0 0 0 0 0 0 1 w^2 w 0 w^2 w 1 0 0 w^2 1 w^2 w^2 1 w^2 | 0 0 0 0 0 0 0 0 0 0 0 0 0 0 0 0 0 1 0 0 0 0 0 0 w 0 w^2 0 1 1 1 1 1 w 0 w w^2 w w | 0 0 0 0 0 0 0 0 0 0 0 0 0 0 0 0 0 0 1 0 0 0 0 0 w^2 w^2 1 0 w w 0 w 0 w 1 0 w^2 w^2 0 | 0 0 0 0 0 0 0 0 0 0 0 0 0 0 0 0 0 0 0 1 0 0 0 0 1 w w^2 0 1 w w w w^2 0 w w^2 1 1 w | 0 0 0 0 0 0 0 0 0 0 0 0 0 0 0 0 0 0 0 0 1 0 0 0 0 0 1 0 0 0 0 w 0 1 w w w^2 1 1 | 0 0 0 0 0 0 0 0 0 0 0 0 0 0 0 0 0 0 0 0 0 1 0 0 1 w^2 w^2 0 1 w^2 w^2 w^2 w^2 w^2 w^2 w 0 0 1 | 0 0 0 0 0 0 0 0 0 0 0 0 0 0 0 0 0 0 0 0 0 0 1 0 1 1 w 0 w^2 w^2 w^2 0 0 0 w 0 w 0 1 | 0 0 0 0 0 0 0 0 0 0 0 0 0 0 0 0 0 0 0 0 0 0 0 1 w^2 1 w^2 0 1 w^2 0 w^2 w^2 1 0 1 1 0 0 | 0 0 0 0 0 0 0 0 0 0 0 0 0 0 0 0 0 0 0 0 0 0 0 0 0 0 0 1 1 1 w^2 w^2 0 w^2 1 w^2 w w w^2
217	[[40,13,15;25]]_2	1 1 1 w 0 0 1 w^2 0 0 w^2 w 1 w 0 1 w 0 w 1 0 0 0 1 w^2 w^2 w w w 1 w 0 1 1 w^2 w 1 0 w	1	1 0 0 0 0 0 0 0 0 0 0 0 0 0 0 0 0 0 0 0 0 0 0 0 w^2 w^2 0 0 w^2 0 0 1 0 w w^2 0 1 1 w | 0 1 0 0 0 0 0 0 0 0 0 0 0 0 0 0 0 0 0 0 0 0 0 0 w^2 1 w^2 0 0 0 w 0 w 0 0 0 w^2 w^2 0 | 0 0 1 0 0 0 0 0 0 0 0 0 0 0 0 0 0 0 0 0 0 0 0 0 w^2 1 w 0 w^2 w 1 w^2 0 w^2 0 0 1 w^2 w^2 | 0 0 0 1 0 0 0 0 0 0 0 0 0 0 0 0 0 0 0 0 0 0 0 0 0 1 w 0 1 1 w^2 1 w 1 0 1 w^2 1 1 | 0 0 0 0 1 0 0 0 0 0 0 0 0 0 0 0 0 0 0 0 0 0 0 0 0 1 w 0 1 1 w 1 1 w w 0 1 0 w | 0 0 0 0 0 1 0 0 0 0 0 0 0 0 0 0 0 0 0 0 0 0 0 0 w^2 0 0 0 1 0 1 1 0 w^2 w 0 1 1 0 | 0 0 0 0 0 0 1 0 0 0 0 0 0 0 0 0 0 0 0 0 0 0 0 0 w^2 1 1 0 1 w w w^2 1 0 0 w^2 1 1 1 | 0 0 0 0 0 0 0 1 0 0 0 0 0 0 0 0 0 0 0 0 0 0 0 0 1 w^2 w 0 0 0 w^2 0 1 1 w w 1 1 w | 0 0 0 0 0 0 0 0 1 0 0 0 0 0 0 0 0 0 0 0 0 0 0 0 1 w 0 0 w^2 w w w 0 0 w 1 w 0 w^2 | 0 0 0 0 0 0 0 0 0 1 0 0 0 0 0 0 0 0 0 0 0 0 0 0 1 w 1 0 w^2 0 1 0 w 0 0 w w^2 w^2 1 | 0 0 0 0 0 0 0 0 0 0 1 0 0 0 0 0 0 0 0 0 0 0 0 0 w 0 w^2 0 w w^2 w^2 w^2 w^2 w^2 w w^2 w^2 w w | 0 0 0 0 0 0 0 0 0 0 0 1 0 0 0 0 0 0 0 0 0 0 0 0 w 0 1 0 1 w^2 w^2 1 w^2 0 w 1 w^2 1 w | 0 0 0 0 0 0 0 0 0 0 0 0 1 0 0 0 0 0 0 0 0 0 0 0 w w^2 w^2 0 0 w^2 w w^2 0 w 1 w 1 w^2 1 | 0 0 0 0 0 0 0 0 0 0 0 0 0 1 0 0 0 0 0 0 0 0 0 0 1 w w 0 0 w^2 w^2 w w^2 w^2 0 0 0 0 w^2 | 0 0 0 0 0 0 0 0 0 0 0 0 0 0 1 0 0 0 0 0 0 0 0 0 1 w w^2 0 w^2 w w^2 0 1 w 0 w w w^2 w | 0 0 0 0 0 0 0 0 0 0 0 0 0 0 0 1 0 0 0 0 0 0 0 0 1 1 1 0 0 w^2 w 1 w w w^2 1 w w 0 | 0 0 0 0 0 0 0 0 0 0 0 0 0 0 0 0 1 0 0 0 0 0 0 0 1 w^2 w 0 w^2 w 1 0 0 w^2 1 w^2 w^2 1 w^2 | 0 0 0 0 0 0 0 0 0 0 0 0 0 0 0 0 0 1 0 0 0 0 0 0 w 0 w^2 0 1 1 1 1 1 w 0 w w^2 w w | 0 0 0 0 0 0 0 0 0 0 0 0 0 0 0 0 0 0 1 0 0 0 0 0 w^2 w^2 1 0 w w 0 w 0 w 1 0 w^2 w^2 0 | 0 0 0 0 0 0 0 0 0 0 0 0 0 0 0 0 0 0 0 1 0 0 0 0 1 w w^2 0 1 w w w w^2 0 w w^2 1 1 w | 0 0 0 0 0 0 0 0 0 0 0 0 0 0 0 0 0 0 0 0 1 0 0 0 0 0 1 0 0 0 0 w 0 1 w w w^2 1 1 | 0 0 0 0 0 0 0 0 0 0 0 0 0 0 0 0 0 0 0 0 0 1 0 0 1 w^2 w^2 0 1 w^2 w^2 w^2 w^2 w^2 w^2 w 0 0 1 | 0 0 0 0 0 0 0 0 0 0 0 0 0 0 0 0 0 0 0 0 0 0 1 0 1 1 w 0 w^2 w^2 w^2 0 0 0 w 0 w 0 1 | 0 0 0 0 0 0 0 0 0 0 0 0 0 0 0 0 0 0 0 0 0 0 0 1 w^2 1 w^2 0 1 w^2 0 w^2 w^2 1 0 1 1 0 0 | 0 0 0 0 0 0 0 0 0 0 0 0 0 0 0 0 0 0 0 0 0 0 0 0 0 0 0 1 1 1 w^2 w^2 0 w^2 1 w^2 w w w^2
218	[[40,14,15;26]]_2	w 0 w w^2 1 1 1 1 1 1 w w^2 1 0 1 w^2 w w^2 1 w 1 w w w^2 w^2 w 0 w^2 0 w w^2 0 w w w^2 w^2 w w^2 w^2	1	1 0 0 0 0 0 0 0 0 0 0 0 0 0 0 0 0 0 0 0 0 0 0 0 w^2 w^2 0 0 w^2 0 0 1 0 w w^2 0 1 1 w | 0 1 0 0 0 0 0 0 0 0 0 0 0 0 0 0 0 0 0 0 0 0 0 0 w^2 1 w^2 0 0 0 w 0 w 0 0 0 w^2 w^2 0 | 0 0 1 0 0 0 0 0 0 0 0 0 0 0 0 0 0 0 0 0 0 0 0 0 w^2 1 w 0 w^2 w 1 w^2 0 w^2 0 0 1 w^2 w^2 | 0 0 0 1 0 0 0 0 0 0 0 0 0 0 0 0 0 0 0 0 0 0 0 0 0 1 w 0 1 1 w^2 1 w 1 0 1 w^2 1 1 | 0 0 0 0 1 0 0 0 0 0 0 0 0 0 0 0 0 0 0 0 0 0 0 0 0 1 w 0 1 1 w 1 1 w w 0 1 0 w | 0 0 0 0 0 1 0 0 0 0 0 0 0 0 0 0 0 0 0 0 0 0 0 0 w^2 0 0 0 1 0 1 1 0 w^2 w 0 1 1 0 | 0 0 0 0 0 0 1 0 0 0 0 0 0 0 0 0 0 0 0 0 0 0 0 0 w^2 1 1 0 1 w w w^2 1 0 0 w^2 1 1 1 | 0 0 0 0 0 0 0 1 0 0 0 0 0 0 0 0 0 0 0 0 0 0 0 0 1 w^2 w 0 0 0 w^2 0 1 1 w w 1 1 w | 0 0 0 0 0 0 0 0 1 0 0 0 0 0 0 0 0 0 0 0 0 0 0 0 1 w 0 0 w^2 w w w 0 0 w 1 w 0 w^2 | 0 0 0 0 0 0 0 0 0 1 0 0 0 0 0 0 0 0 0 0 0 0 0 0 1 w 1 0 w^2 0 1 0 w 0 0 w w^2 w^2 1 | 0 0 0 0 0 0 0 0 0 0 1 0 0 0 0 0 0 0 0 0 0 0 0 0 w 0 w^2 0 w w^2 w^2 w^2 w^2 w^2 w w^2 w^2 w w | 0 0 0 0 0 0 0 0 0 0 0 1 0 0 0 0 0 0 0 0 0 0 0 0 w 0 1 0 1 w^2 w^2 1 w^2 0 w 1 w^2 1 w | 0 0 0 0 0 0 0 0 0 0 0 0 1 0 0 0 0 0 0 0 0 0 0 0 w w^2 w^2 0 0 w^2 w w^2 0 w 1 w 1 w^2 1 | 0 0 0 0 0 0 0 0 0 0 0 0 0 1 0 0 0 0 0 0 0 0 0 0 1 w w 0 0 w^2 w^2 w w^2 w^2 0 0 0 0 w^2 | 0 0 0 0 0 0 0 0 0 0 0 0 0 0 1 0 0 0 0 0 0 0 0 0 1 w w^2 0 w^2 w w^2 0 1 w 0 w w w^2 w | 0 0 0 0 0 0 0 0 0 0 0 0 0 0 0 1 0 0 0 0 0 0 0 0 1 1 1 0 0 w^2 w 1 w w w^2 1 w w 0 | 0 0 0 0 0 0 0 0 0 0 0 0 0 0 0 0 1 0 0 0 0 0 0 0 1 w^2 w 0 w^2 w 1 0 0 w^2 1 w^2 w^2 1 w^2 | 0 0 0 0 0 0 0 0 0 0 0 0 0 0 0 0 0 1 0 0 0 0 0 0 w 0 w^2 0 1 1 1 1 1 w 0 w w^2 w w | 0 0 0 0 0 0 0 0 0 0 0 0 0 0 0 0 0 0 1 0 0 0 0 0 w^2 w^2 1 0 w w 0 w 0 w 1 0 w^2 w^2 0 | 0 0 0 0 0 0 0 0 0 0 0 0 0 0 0 0 0 0 0 1 0 0 0 0 1 w w^2 0 1 w w w w^2 0 w w^2 1 1 w | 0 0 0 0 0 0 0 0 0 0 0 0 0 0 0 0 0 0 0 0 1 0 0 0 0 0 1 0 0 0 0 w 0 1 w w w^2 1 1 | 0 0 0 0 0 0 0 0 0 0 0 0 0 0 0 0 0 0 0 0 0 1 0 0 1 w^2 w^2 0 1 w^2 w^2 w^2 w^2 w^2 w^2 w 0 0 1 | 0 0 0 0 0 0 0 0 0 0 0 0 0 0 0 0 0 0 0 0 0 0 1 0 1 1 w 0 w^2 w^2 w^2 0 0 0 w 0 w 0 1 | 0 0 0 0 0 0 0 0 0 0 0 0 0 0 0 0 0 0 0 0 0 0 0 1 w^2 1 w^2 0 1 w^2 0 w^2 w^2 1 0 1 1 0 0 | 0 0 0 0 0 0 0 0 0 0 0 0 0 0 0 0 0 0 0 0 0 0 0 0 0 0 0 1 1 1 w^2 w^2 0 w^2 1 w^2 w w w^2
219	[[40,21,8;13]]_2	w 0 1 w^2 0 w 1 w 0 0 w^2 0 w 0 w^2 w^2 1 w^2 1 w^2 w w w^2 w^2 w w 1 w w w^2 1 w^2 w 0 w w 0 w^2 w	1	1 0 0 0 0 0 0 0 0 0 0 0 0 0 0 w 0 w^2 w w w 1 w 1 w^2 w^2 0 w w 1 0 w^2 1 w^2 0 1 w^2 w^2 w | 0 1 0 0 0 0 0 0 0 0 0 0 0 0 0 w^2 w^2 w^2 1 1 w^2 0 w w^2 w w^2 1 1 w^2 w^2 w^2 1 0 w 0 0 w^2 1 w | 0 0 1 0 0 0 0 0 0 0 0 0 0 0 0 1 0 0 0 w 1 0 w w 1 0 1 0 w w w^2 w 1 w w w 1 0 0 | 0 0 0 1 0 0 0 0 0 0 0 0 0 0 0 w^2 0 0 w w^2 w 0 w^2 w^2 1 1 w^2 0 0 1 0 w^2 w^2 1 1 1 1 0 1 | 0 0 0 0 1 0 0 0 0 0 0 0 0 0 0 w 1 1 w^2 0 w^2 1 0 w w 1 0 w w 1 1 w w w^2 1 w^2 w w 0 | 0 0 0 0 0 1 0 0 0 0 0 0 0 0 0 w^2 0 1 1 w 1 1 1 w^2 0 w w^2 w^2 0 1 0 0 0 w^2 w^2 w 0 w^2 w | 0 0 0 0 0 0 1 0 0 0 0 0 0 0 0 w 1 0 0 1 1 1 0 w w w^2 w 1 w w w w w w w^2 0 w^2 0 0 | 0 0 0 0 0 0 0 1 0 0 0 0 0 0 0 w 1 0 0 w 1 1 0 w^2 1 w^2 w w^2 1 0 w 1 1 0 1 1 0 1 0 | 0 0 0 0 0 0 0 0 1 0 0 0 0 0 0 w w^2 1 0 w^2 1 0 w^2 1 1 w^2 0 0 w^2 1 1 0 w w w^2 w^2 0 w w | 0 0 0 0 0 0 0 0 0 1 0 0 0 0 0 w w w^2 1 0 w 1 w 1 w w^2 w w^2 0 1 w w^2 0 1 w w^2 1 0 1 | 0 0 0 0 0 0 0 0 0 0 1 0 0 0 0 w^2 0 1 w w 0 1 w 1 0 w w^2 w 0 0 1 w 0 1 1 w^2 w 1 0 | 0 0 0 0 0 0 0 0 0 0 0 1 0 0 0 w 1 0 w^2 w^2 w^2 0 0 0 0 1 w^2 w^2 0 w^2 0 w^2 0 1 1 w w^2 w^2 1 | 0 0 0 0 0 0 0 0 0 0 0 0 1 0 0 1 1 1 0 w 0 1 1 w w w^2 w w w^2 1 1 w w^2 1 1 0 1 w^2 w | 0 0 0 0 0 0 0 0 0 0 0 0 0 1 0 1 1 0 1 w^2 0 1 0 w^2 0 w 1 0 w^2 0 0 w 1 w^2 w 1 w 0 w | 0 0 0 0 0 0 0 0 0 0 0 0 0 0 1 0 1 w^2 1 w w w w^2 0 1 w^2 w^2 0 0 1 1 1 w w^2 w w 1 w 0
220	[[40,24,7;12]]_2	w w^2 w^2 1 w^2 w^2 w 0 w 1 w 1 w 1 w^2 0 w w 1 0 w w^2 w^2 w^2 1 0 1 1 w w 1 1 1 1 w^2 w 0 0 1	1	1 0 0 0 0 0 0 0 0 0 0 0 w 0 1 1 w^2 w^2 w^2 w w^2 w^2 w 1 0 w w 1 w w 1 1 0 w^2 w^2 w^2 w 0 w | 0 1 0 0 0 0 0 0 0 0 0 0 0 0 0 1 1 1 0 1 w^2 0 w^2 1 w w^2 1 0 1 w 1 w 1 w^2 w^2 0 0 w w | 0 0 1 0 0 0 0 0 0 0 0 0 1 0 w 0 0 w^2 w w^2 0 1 w^2 w w^2 w w^2 0 1 w^2 0 1 w^2 1 0 1 w 1 w^2 | 0 0 0 1 0 0 0 0 0 0 0 0 1 0 1 w^2 1 1 w w w^2 1 1 0 w^2 w^2 0 w w 0 0 0 w w 0 0 w 0 0 | 0 0 0 0 1 0 0 0 0 0 0 0 w 0 w^2 0 1 0 w w^2 w^2 w^2 w 0 w w w w^2 1 1 w^2 1 w w^2 w w w^2 1 1 | 0 0 0 0 0 1 0 0 0 0 0 0 0 0 w 0 1 1 w 0 w 1 1 1 0 w 0 w w^2 0 0 w 0 w 0 w w w^2 1 | 0 0 0 0 0 0 1 0 0 0 0 0 1 0 0 w 0 w^2 1 w^2 w^2 0 1 w w^2 0 1 w^2 0 0 w^2 w^2 w^2 1 1 w w 1 0 | 0 0 0 0 0 0 0 1 0 0 0 0 w 0 1 0 w 1 w^2 w^2 0 w^2 0 w^2 w 0 w^2 0 w 1 w w 1 1 w^2 0 w 1 0 | 0 0 0 0 0 0 0 0 1 0 0 0 w^2 0 w 1 0 w 0 w 1 0 w w w w w^2 1 1 w^2 w 0 w 0 0 0 w w^2 1 | 0 0 0 0 0 0 0 0 0 1 0 0 w 0 w^2 0 1 1 w^2 0 w 1 w w w^2 0 w^2 0 w^2 w 0 w^2 1 w^2 1 w^2 0 w w^2 | 0 0 0 0 0 0 0 0 0 0 1 0 w 0 0 0 w^2 0 w 0 w 1 w^2 0 0 w^2 1 0 w^2 w 1 w^2 1 w 1 1 0 w w | 0 0 0 0 0 0 0 0 0 0 0 1 w 0 w^2 w 1 w^2 w w^2 0 w^2 1 1 0 w^2 w^2 1 1 w 0 w 0 w w^2 w^2 1 w^2 0 | 0 0 0 0 0 0 0 0 0 0 0 0 0 1 1 w^2 1 0 0 0 w^2 1 w^2 w w^2 w w^2 w 1 1 w^2 w^2 1 w^2 w^2 1 w^2 w 0
221	[[40,26,7;14]]_2	0 w^2 w 1 0 0 w^2 w^2 1 1 1 0 0 0 0 1 w^2 w^2 w^2 w w^2 0 0 0 1 1 0 w w 0 w^2 0 1 0 0 w^2 1 1 w^2	1	1 0 0 0 0 0 0 0 0 0 0 w^2 0 w^2 0 w w 1 w^2 w 0 w 0 w^2 w 0 w 0 0 w 0 w^2 0 1 w^2 0 w^2 w 0 | 0 1 0 0 0 0 0 0 0 0 0 0 0 1 0 1 w 0 w^2 w w^2 0 w 1 1 0 w^2 1 0 w^2 0 w^2 0 w^2 w^2 w w 0 1 | 0 0 1 0 0 0 0 0 0 0 0 0 0 0 0 w^2 w 0 w 1 1 1 1 w^2 1 0 1 1 w w w w^2 0 0 w w w^2 1 0 | 0 0 0 1 0 0 0 0 0 0 0 w^2 0 0 0 w 1 w^2 0 w^2 w w w w^2 0 0 0 w^2 w w w^2 0 w^2 w^2 w 1 w^2 w w | 0 0 0 0 1 0 0 0 0 0 0 0 0 w 0 w w w 1 w w 0 w w^2 w^2 w w 0 w 0 1 1 0 w^2 1 1 w^2 0 w^2 | 0 0 0 0 0 1 0 0 0 0 0 w^2 0 w 0 1 1 w w^2 1 1 1 1 w^2 1 1 0 w^2 0 w 1 1 0 w^2 0 1 w^2 w^2 1 | 0 0 0 0 0 0 1 0 0 0 0 w 0 w 0 0 w^2 w 1 w 1 1 0 0 1 0 w^2 1 w^2 0 w 1 0 w w^2 w w w^2 0 | 0 0 0 0 0 0 0 1 0 0 0 w^2 0 w 0 0 w w w^2 w w 0 w^2 w 1 0 w 1 1 1 w 0 w^2 0 0 w w w^2 1 | 0 0 0 0 0 0 0 0 1 0 0 w 0 1 0 w 0 0 w^2 w w^2 w^2 w w w^2 w^2 0 1 w w^2 w 1 0 w 0 w^2 w 1 w^2 | 0 0 0 0 0 0 0 0 0 1 0 w^2 0 0 0 0 w^2 w w w^2 0 w 1 w 0 1 1 1 w^2 1 1 w 1 0 0 w w w 1 | 0 0 0 0 0 0 0 0 0 0 1 0 0 w^2 0 w w w 1 w^2 w w 0 0 0 w 0 w w^2 w^2 w w w^2 0 1 w w^2 0 w^2 | 0 0 0 0 0 0 0 0 0 0 0 0 1 0 0 w w^2 1 0 w^2 w 0 1 w^2 w w^2 1 1 w w^2 w^2 1 1 w^2 1 w^2 1 w w^2 | 0 0 0 0 0 0 0 0 0 0 0 0 0 0 1 1 w w^2 1 0 w^2 w^2 w^2 w w w w^2 w^2 w^2 1 w^2 w^2 1 w w w^2 w 0 w
